CountryName,CountryCode,RegionName,RegionCode,Jurisdiction,Date,C1E_School closing,C1E_Flag,C1NV_School closing,C1NV_Flag,C1V_School closing,C1V_Flag,C1M_School closing,C1M_Flag,C1_Notes,C2E_Workplace closing,C2E_Flag,C2NV_Workplace closing,C2NV_Flag,C2V_Workplace closing,C2V_Flag,C2M_Workplace closing,C2M_Flag,C2_Notes,C3E_Cancel public events,C3E_Flag,C3NV_Cancel public events,C3NV_Flag,C3V_Cancel public events,C3V_Flag,C3M_Cancel public events,C3M_Flag,C3_Notes,C4E_Restrictions on gatherings,C4E_Flag,C4NV_Restrictions on gatherings,C4NV_Flag,C4V_Restrictions on gatherings,C4V_Flag,C4M_Restrictions on gatherings,C4M_Flag,C4_Notes,C5E_Close public transport,C5E_Flag,C5NV_Close public transport,C5NV_Flag,C5V_Close public transport,C5V_Flag,C5M_Close public transport,C5M_Flag,C5_Notes,C6E_Stay at home requirements,C6E_Flag,C6NV_Stay at home requirements,C6NV_Flag,C6V_Stay at home requirements,C6V_Flag,C6M_Stay at home requirements,C6M_Flag,C6_Notes,C7E_Restrictions on internal movement,C7E_Flag,C7NV_Restrictions on internal movement,C7NV_Flag,C7V_Restrictions on internal movement,C7V_Flag,C7M_Restrictions on internal movement,C7M_Flag,C7_Notes,C8E_International travel controls,C8NV_International travel controls,C8V_International travel controls,C8EV_International travel controls,C8_Notes,E1_Income support,E1_Flag,E1_Notes,E2_Debt/contract relief,E2_Notes,E3_Fiscal measures,E3_Notes,E4_International support,E4_Notes,H1_Public information campaigns,H1_Flag,H1_Notes,H2_Testing policy,H2_Notes,H3_Contact tracing,H3_Notes,H4_Emergency investment in healthcare,H4_Notes,H5_Investment in vaccines,H5_Notes,H6E_Facial Coverings,H6E_Flag,H6NV_Facial Coverings,H6NV_Flag,H6V_Facial Coverings,H6V_Flag,H6M_Facial Coverings,H6M_Flag,H6_Notes,H7_Vaccination policy,H7_Flag,H7_Notes,H8E_Protection of elderly people,H8E_Flag,H8NV_Protection of elderly people,H8NV_Flag,H8V_Protection of elderly people,H8V_Flag,H8M_Protection of elderly people,H8M_Flag,H8_Notes,M1_Notes,V1_Vaccine Prioritisation (summary),V1_Notes,V2A_Vaccine Availability (summary),V2_Notes,V2B_Vaccine age eligibility/availability age floor (general population summary),V2C_Vaccine age eligibility/availability age floor (at risk summary),V2D_Medically/ clinically vulnerable (Non-elderly),V2E_Education,V2F_Frontline workers  (non healthcare),V2G_Frontline workers  (healthcare),V3_Vaccine Financial Support (summary),V3_Notes,V4_Mandatory Vaccination (summary),V4_Notes,ConfirmedCases,ConfirmedDeaths,MajorityVaccinated,PopulationVaccinated,StringencyIndex_NonVaccinated,StringencyIndex_Vaccinated,StringencyIndex_SimpleAverage,StringencyIndex_WeightedAverage,GovernmentResponseIndex_NonVaccinated,GovernmentResponseIndex_Vaccinated,GovernmentResponseIndex_SimpleAverage,GovernmentResponseIndex_WeightedAverage,ContainmentHealthIndex_NonVaccinated,ContainmentHealthIndex_Vaccinated,ContainmentHealthIndex_SimpleAverage,ContainmentHealthIndex_WeightedAverage,EconomicSupportIndex
United Kingdom,GBR,,,NAT_TOTAL,20220101,1.00,1,,,,,1.00,1,,,,2.00,1,1.00,1,1.00,1,,,,2.00,1,2.00,0,2.00,0,,3.00,0,,,,,3.00,0,,1.00,0,,,,,1.00,0,,0.00,,,,,,0.00,,,0.00,,,,,,0.00,,,,2.00,1.00,1.00,"Fully vaccinated arrivals do not need to quarantine upon arrival, but must take a COVID-19 test within 48 hours upon arrival. Non-vaccinated arrivals must quarantine for 10 days, and must take a PCR test 48 hours prior to departure and then test upon arrival on days 2 and 8.These rules are set to change on 11 February.  As of 15 December 2021, there are no countries on the red list.   Source: http://web.archive.org/web/20220127010758/https://www.gov.uk/guidance/travel-to-england-from-another-country-during-coronavirus-covid-19#international-travel-rules-until-11-february-2022     Changes to be introduced 11 February for fully vaccinated travellers:    Mr Speaker, from 4am on the 11th February, and in time for the half-term break, eligible fully vaccinated passengers arriving in the UK will no longer have to take a post-arrival, lateral flow test.  Today I can announce that passengers who do not qualify as fully vaccinated will no longer be required to do a day 8 test after arrival or, indeed, to self-isolate. They will still need to fill out a passenger locator form to demonstrate proof of a negative COVID test taken 2 days before travel, and they must also take a post-arrival PCR test.  https://archive.vn/FNxIc",0.00,,,1.00,,,,,,2.00,1,,2.00,,1.00,,,,0.00,,3.00,0,,,,,3.00,0,"Everyone age 12 and over must wear a face covering in most indoor public places in Scotland. Face coverings are mandatory in most indoor public places across Wales. Sources: http://web.archive.org/web/20220101225954/https://www.gov.scot/publications/coronavirus-covid-19-public-use-of-face-coverings/ http://web.archive.org/web/20220104042745/https://gov.wales/face-coverings-guidance-public ",5.00,1,,2.00,0,,,,,2.00,0,,,2,,3,,5-15 yrs,5-15 yrs,2,2,2,2,5,,1,,13100458,177573,V,70.27,48.61,39.35,43.98,42.10,51.04,45.83,48.44,47.38,54.76,48.81,51.78,50.58,25.00
United Kingdom,GBR,,,NAT_TOTAL,20220102,1.00,1,,,,,1.00,1,,,,2.00,1,1.00,1,1.00,1,,,,2.00,1,2.00,0,2.00,0,,3.00,0,,,,,3.00,0,,1.00,0,,,,,1.00,0,,0.00,,,,,,0.00,,,0.00,,,,,,0.00,,,,2.00,1.00,1.00,,0.00,,,1.00,,,,,,2.00,1,,2.00,,1.00,,,,0.00,,3.00,0,,,,,3.00,0,,5.00,1,,2.00,0,,,,,2.00,0,,,2,,3,,5-15 yrs,5-15 yrs,2,2,2,2,5,,1,,13235401,177743,V,70.29,48.61,39.35,43.98,42.10,51.04,45.83,48.44,47.38,54.76,48.81,51.78,50.58,25.00
United Kingdom,GBR,,,NAT_TOTAL,20220103,1.00,1,,,,,1.00,1,,,,2.00,1,1.00,1,1.00,1,,,,2.00,1,2.00,0,2.00,0,,3.00,0,,,,,3.00,0,,1.00,0,,,,,1.00,0,,0.00,,,,,,0.00,,,0.00,,,,,,0.00,,,,2.00,1.00,1.00,,0.00,,,1.00,,,,,,2.00,1,,2.00,,1.00,,,,0.00,,3.00,0,,,,,3.00,0,,5.00,1,,2.00,0,,,,,2.00,0,,,2,,3,,5-15 yrs,5-15 yrs,2,2,2,2,5,,1,,13422815,177922,V,70.34,48.61,39.35,43.98,42.10,51.04,45.83,48.44,47.38,54.76,48.81,51.78,50.57,25.00
United Kingdom,GBR,,,NAT_TOTAL,20220104,1.00,0,,,,,1.00,0,"Easing of rules in schools in England, so recording 0 for ENG. Other devolved nations remain 1G coding so GBR becomes 1T    http://web.archive.org/web/20220110165630/https://www.gov.uk/coronavirus",,,2.00,1,1.00,1,1.00,1,,,,2.00,1,2.00,0,2.00,0,,3.00,0,,,,,3.00,0,,1.00,0,,,,,1.00,0,,0.00,,,,,,0.00,,,0.00,,,,,,0.00,,,,2.00,1.00,1.00,,0.00,,,1.00,,,,,,2.00,1,,2.00,,1.00,,,,0.00,,3.00,0,,,,,3.00,0,,5.00,1,,2.00,0,,,,,2.00,0,,,2,,3,,5-15 yrs,5-15 yrs,2,2,2,2,5,,1,,13641520,178124,V,70.40,46.76,37.50,42.13,40.24,50.00,44.79,47.40,46.33,53.57,47.62,50.60,49.38,25.00
United Kingdom,GBR,,,NAT_TOTAL,20220105,1.00,0,,,,,1.00,0,,,,2.00,1,1.00,1,1.00,1,,,,2.00,1,2.00,0,2.00,0,,3.00,0,,,,,3.00,0,,1.00,0,,,,,1.00,0,,0.00,,,,,,0.00,,,0.00,,,,,,0.00,,,,2.00,1.00,1.00,,0.00,,,1.00,,,,,,2.00,1,,2.00,,1.00,,,,0.00,,3.00,0,,,,,3.00,0,,5.00,1,,2.00,0,,,,,2.00,0,,,2,,3,,5-15 yrs,5-15 yrs,2,2,2,2,5,,1,,13835334,178304,V,70.46,46.76,37.50,42.13,40.24,50.00,44.79,47.40,46.33,53.57,47.62,50.60,49.38,25.00
United Kingdom,GBR,,,NAT_TOTAL,20220106,1.00,0,,,,,1.00,0,,,,2.00,1,1.00,1,1.00,1,,,,2.00,1,2.00,0,2.00,0,,3.00,0,,,,,3.00,0,,1.00,0,,,,,1.00,0,,0.00,,,,,,0.00,,,0.00,,,,,,0.00,,,,2.00,1.00,1.00,,0.00,,,1.00,,,,,,2.00,1,,2.00,,1.00,,,,0.00,,3.00,0,,,,,3.00,0,,5.00,1,,2.00,0,,,,,2.00,0,,,2,,3,,5-15 yrs,5-15 yrs,2,2,2,2,5,,1,,14015065,178523,V,70.51,46.76,37.50,42.13,40.23,50.00,44.79,47.40,46.33,53.57,47.62,50.60,49.37,25.00
United Kingdom,GBR,,,NAT_TOTAL,20220107,1.00,0,,,,,1.00,0,,,,2.00,1,1.00,1,1.00,1,,,,2.00,1,2.00,0,2.00,0,,3.00,0,,,,,3.00,0,,1.00,0,,,,,1.00,0,,0.00,,,,,,0.00,,,0.00,,,,,,0.00,,,,2.00,1.00,1.00,,0.00,,,1.00,,,,,,2.00,1,,2.00,,1.00,,,,0.00,,3.00,0,,,,,3.00,0,,5.00,1,,2.00,0,,,,,2.00,0,,,2,,3,,5-15 yrs,5-15 yrs,2,2,2,2,5,,1,,14193228,178752,V,70.56,46.76,37.50,42.13,40.23,50.00,44.79,47.40,46.32,53.57,47.62,50.60,49.37,25.00
United Kingdom,GBR,,,NAT_TOTAL,20220108,1.00,0,,,,,1.00,0,,,,2.00,1,1.00,1,1.00,1,,,,2.00,1,2.00,0,2.00,0,,3.00,0,,,,,3.00,0,,1.00,0,,,,,1.00,0,,0.00,,,,,,0.00,,,0.00,,,,,,0.00,,,,2.00,1.00,1.00,,0.00,,,1.00,,,,,,2.00,1,,2.00,,1.00,,,,0.00,,3.00,0,,,,,3.00,0,,5.00,1,,2.00,0,,,,,2.00,0,,,2,,3,,5-15 yrs,5-15 yrs,2,2,2,2,5,,1,,14333794,178968,V,70.64,46.76,37.50,42.13,40.22,50.00,44.79,47.40,46.32,53.57,47.62,50.60,49.37,25.00
United Kingdom,GBR,,,NAT_TOTAL,20220109,1.00,0,,,,,1.00,0,,,,2.00,1,1.00,1,1.00,1,,,,2.00,1,2.00,0,2.00,0,,3.00,0,,,,,3.00,0,,1.00,0,,,,,1.00,0,,0.00,,,,,,0.00,,,0.00,,,,,,0.00,,,,2.00,1.00,1.00,,0.00,,,1.00,,,,,,2.00,1,,2.00,,1.00,,,,0.00,,3.00,0,,,,,3.00,0,,5.00,1,,2.00,0,,,,,2.00,0,,,2,,3,,5-15 yrs,5-15 yrs,2,2,2,2,5,,1,,14475192,179210,V,70.69,46.76,37.50,42.13,40.21,50.00,44.79,47.40,46.32,53.57,47.62,50.60,49.36,25.00
United Kingdom,GBR,,,NAT_TOTAL,20220110,1.00,0,,,,,1.00,0,,,,2.00,1,1.00,1,1.00,1,,,,2.00,1,2.00,0,2.00,0,,3.00,0,,,,,3.00,0,,1.00,0,,,,,1.00,0,,0.00,,,,,,0.00,,,0.00,,,,,,0.00,,,,2.00,1.00,1.00,,0.00,,,1.00,,,,,,2.00,1,,2.00,,1.00,,,,0.00,,3.00,0,,,,,3.00,0,,5.00,1,,2.00,0,,,,,2.00,0,,,2,,3,,5-15 yrs,5-15 yrs,2,2,2,2,5,,1,,14617314,179452,V,70.72,46.76,37.50,42.13,40.21,50.00,44.79,47.40,46.32,53.57,47.62,50.60,49.36,25.00
United Kingdom,GBR,,,NAT_TOTAL,20220111,1.00,0,,,,,1.00,0,,,,2.00,1,1.00,1,1.00,1,,,,2.00,1,2.00,0,2.00,0,,3.00,0,,,,,3.00,0,,1.00,0,,,,,1.00,0,,0.00,,,,,,0.00,,,0.00,,,,,,0.00,,,,2.00,1.00,1.00,,0.00,,,1.00,,,,,,2.00,1,,2.00,,1.00,,,,0.00,,3.00,0,,,,,3.00,0,,5.00,1,,2.00,0,,,,,2.00,0,,,2,,3,,5-15 yrs,5-15 yrs,2,2,2,2,5,,1,,14732594,179685,V,70.77,46.76,37.50,42.13,40.21,50.00,44.79,47.40,46.31,53.57,47.62,50.60,49.36,25.00
United Kingdom,GBR,,,NAT_TOTAL,20220112,1.00,0,,,,,1.00,0,,,,2.00,1,1.00,1,1.00,1,,,,2.00,1,2.00,0,2.00,0,,3.00,0,,,,,3.00,0,,1.00,0,,,,,1.00,0,,0.00,,,,,,0.00,,,0.00,,,,,,0.00,,,,2.00,1.00,1.00,,0.00,,,1.00,,,,,,2.00,1,,2.00,,1.00,,,,0.00,,3.00,0,,,,,3.00,0,,5.00,1,,2.00,0,,,,,2.00,0,,,2,,3,,5-15 yrs,5-15 yrs,2,2,2,2,5,,1,,14862138,179923,V,70.81,46.76,37.50,42.13,40.20,50.00,44.79,47.40,46.31,53.57,47.62,50.60,49.36,25.00
United Kingdom,GBR,,,NAT_TOTAL,20220113,1.00,0,,,,,1.00,0,,,,2.00,1,1.00,1,1.00,1,,,,2.00,1,2.00,0,2.00,0,,3.00,0,,,,,3.00,0,,1.00,0,,,,,1.00,0,,0.00,,,,,,0.00,,,0.00,,,,,,0.00,,,,2.00,1.00,1.00,,0.00,,,1.00,,,,,,2.00,1,,2.00,,1.00,,,,0.00,,3.00,0,,,,,3.00,0,,5.00,1,,2.00,0,,,,,2.00,0,,,2,,3,,5-15 yrs,5-15 yrs,2,2,2,2,5,,1,,14967817,180165,V,70.86,46.76,37.50,42.13,40.20,50.00,44.79,47.40,46.31,53.57,47.62,50.60,49.35,25.00
United Kingdom,GBR,,,NAT_TOTAL,20220114,1.00,0,,,,,1.00,0,,,,2.00,1,1.00,1,1.00,1,,,,2.00,1,2.00,0,2.00,0,,3.00,0,,,,,3.00,0,,1.00,0,,,,,1.00,0,,0.00,,,,,,0.00,,,0.00,,,,,,0.00,,,,2.00,1.00,1.00,,0.00,,,1.00,,,,,,2.00,1,,2.00,,1.00,,,,0.00,,3.00,0,,,,,3.00,0,,5.00,1,,2.00,0,,,,,2.00,0,,,2,,3,,5-15 yrs,5-15 yrs,2,2,2,2,5,,1,,15066395,180400,V,70.91,46.76,37.50,42.13,40.19,50.00,44.79,47.40,46.31,53.57,47.62,50.60,49.35,25.00
United Kingdom,GBR,,,NAT_TOTAL,20220115,1.00,0,,,,,1.00,0,,,,2.00,1,1.00,1,1.00,1,,,,2.00,1,2.00,0,2.00,0,"Vaccine status certification required for entry to some businesses and venues in England. Nightclubs closed in NIR- so strictest policy for vaccinated people is 2T in NIR    In England this requirement ends on 27 January      http://web.archive.org/web/20220117182750/https://www.gov.uk/guidance/nhs-covid-pass",3.00,0,,,,,3.00,0,"In Northern Ireland 'No more than 30 people can meet in a private home and stay overnight. Regulations remain in place that prevent gatherings/ parties of more than 30 people in domestic settings.'    https://archive.vn/rXYXV",1.00,0,,,,,1.00,0,"Northern Ireland- recommendations remain in place    Travel  You should avoid visiting places where there is a chance that large numbers of people will gather and crowds will form.  If you go somewhere and there are crowds which will make social distancing difficult, consider going somewhere else instead.  When travelling you should walk, cycle or use private transport, shared only with members of your household where possible.  If possible, you should avoid car sharing with people from outside of your household. If you are car sharing, as well as wearing a face covering, good ventilation in the car is vitally important - particularly by keeping a window open.    https://archive.vn/rXYXV",0.00,,,,,,0.00,,,0.00,,,,,,0.00,,,,2.00,1.00,1.00,,0.00,,,1.00,,,,,,2.00,1,,2.00,,1.00,,,,0.00,,3.00,0,,,,,3.00,0,,5.00,1,,2.00,0,,,,,2.00,0,,,2,,3,,5-15 yrs,5-15 yrs,2,2,2,2,5,,1,,15147120,180659,V,70.99,46.76,37.50,42.13,40.19,50.00,44.79,47.40,46.30,53.57,47.62,50.60,49.35,25.00
United Kingdom,GBR,,,NAT_TOTAL,20220116,1.00,0,,,,,1.00,0,,,,2.00,1,1.00,1,1.00,1,,,,2.00,1,2.00,0,2.00,0,,3.00,0,,,,,3.00,0,,1.00,0,,,,,1.00,0,,0.00,,,,,,0.00,,,0.00,,,,,,0.00,,,,2.00,1.00,1.00,,0.00,,,1.00,,,,,,2.00,1,,2.00,,1.00,,,,0.00,,3.00,0,,,,,3.00,0,,5.00,1,,2.00,0,,,,,2.00,0,,,2,,3,,5-15 yrs,5-15 yrs,2,2,2,2,5,,1,,15217280,180915,V,71.05,46.76,37.50,42.13,40.18,50.00,44.79,47.40,46.30,53.57,47.62,50.60,49.34,25.00
United Kingdom,GBR,,,NAT_TOTAL,20220117,1.00,0,,,,,1.00,0,,,,2.00,1,1.00,1,1.00,1,,,,2.00,1,2.00,0,2.00,0,,3.00,0,,,,,3.00,0,,1.00,0,,,,,1.00,0,,0.00,,,,,,0.00,,,0.00,,,,,,0.00,,,,2.00,1.00,1.00,,0.00,,,1.00,,,,,,2.00,1,,2.00,,1.00,,,,0.00,,3.00,0,,,,,3.00,0,,5.00,1,,2.00,0,,,,,2.00,0,,,2,,3,,5-15 yrs,5-15 yrs,2,2,2,2,5,,1,,15305410,181147,V,71.09,46.76,37.50,42.13,40.18,50.00,44.79,47.40,46.30,53.57,47.62,50.60,49.34,25.00
United Kingdom,GBR,,,NAT_TOTAL,20220118,1.00,0,,,,,1.00,0,,,,2.00,1,1.00,1,1.00,1,,,,2.00,1,2.00,0,2.00,0,,3.00,0,,,,,3.00,0,,1.00,0,,,,,1.00,0,,0.00,,,,,,0.00,,,0.00,,,,,,0.00,,,,2.00,1.00,1.00,,0.00,,,1.00,,,,,,2.00,1,,2.00,,1.00,,,,0.00,,3.00,0,,,,,3.00,0,,5.00,1,,2.00,0,,,,,2.00,0,,,2,,3,,5-15 yrs,5-15 yrs,2,2,2,2,5,,1,,15399300,181380,V,71.13,46.76,37.50,42.13,40.17,50.00,44.79,47.40,46.29,53.57,47.62,50.60,49.34,25.00
United Kingdom,GBR,,,NAT_TOTAL,20220119,1.00,0,,,,,1.00,0,,,,2.00,1,1.00,1,1.00,1,,,,2.00,1,2.00,0,2.00,0,,3.00,0,,,,,3.00,0,,1.00,0,,,,,1.00,0,,0.00,,,,,,0.00,,,0.00,,,,,,0.00,,,,2.00,1.00,1.00,,0.00,,,1.00,,,,,,2.00,1,,2.00,,1.00,,,,0.00,,3.00,0,,,,,3.00,0,,5.00,1,,2.00,0,,,,,2.00,0,,,2,,3,,5-15 yrs,5-15 yrs,2,2,2,2,5,,1,,15506750,181601,V,71.17,46.76,37.50,42.13,40.17,50.00,44.79,47.40,46.29,53.57,47.62,50.60,49.34,25.00
United Kingdom,GBR,,,NAT_TOTAL,20220120,1.00,0,,,,,1.00,0,,,,2.00,1,1.00,1,1.00,1,,,,2.00,1,1.00,1,1.00,1,"Nighclubs open to vaccinated in NIR so vaccinated coding drops to 1G again.    All nations now have COVID-19 passes in place hence 2G code for non-vaccinated    Stormont leaders lifted a number of Covid-19 restrictions on Thursday 20 January.     The easing of Covid-19 restrictions included:    - From Friday, the removal of table service and the requirement to be seated in hospitality venues,  - Guidance regarding the number of households meeting indoors was scrapped,  - The requirement to provide proof of face mask exemption is no longer necessary and guidance on working from home was changed to “working from home where you can”,  - The self-isolation period was also reduced to five days, depending on negative lateral flow test results,  - From Wednesday, nightclubs can reopen, and dancing and indoor events can resume,  - Nightclubs and events with more than 500 people must continue to check for Covid-status certificates, but it is no longer necessary in pubs and restaurants; and  - Offices no longer need to implement two-metre social distancing    Due to requirement to present certificates in nightclubs and events, coding remains at 2G    http://web.archive.org/web/20220121163049/https://www.belfasttelegraph.co.uk/news/northern-ireland/all-covid-19-rules-may-be-ended-in-northern-ireland-in-20-days-41262573.html",3.00,0,,,,,3.00,0,,1.00,0,,,,,1.00,0,,0.00,,,,,,0.00,,,0.00,,,,,,0.00,,,,2.00,1.00,1.00,,0.00,,,1.00,,,,,,2.00,1,,2.00,,1.00,,,,0.00,,3.00,0,,,,,3.00,0,,5.00,1,,2.00,0,,,,,2.00,0,,,2,,3,,5-15 yrs,5-15 yrs,2,2,2,2,5,,1,,15613283,181802,V,71.22,46.76,34.72,40.74,38.19,50.00,43.23,46.61,45.18,53.57,45.83,49.70,48.06,25.00
United Kingdom,GBR,,,NAT_TOTAL,20220121,1.00,0,,,,,1.00,0,,,,2.00,1,1.00,1,1.00,1,,,,2.00,1,1.00,1,1.00,1,,3.00,0,,,,,3.00,0,,1.00,0,,,,,1.00,0,,0.00,,,,,,0.00,,,0.00,,,,,,0.00,,,,2.00,1.00,1.00,,0.00,,,1.00,,,,,,2.00,1,,2.00,,1.00,,,,0.00,,3.00,0,,,,,3.00,0,,5.00,1,,2.00,0,,,,,2.00,0,,,2,,3,,5-15 yrs,5-15 yrs,2,2,2,2,5,,1,,15709059,182050,V,71.27,46.76,34.72,40.74,38.18,50.00,43.23,46.61,45.18,53.57,45.83,49.70,48.05,25.00
United Kingdom,GBR,,,NAT_TOTAL,20220122,1.00,0,,,,,1.00,0,,,,2.00,1,1.00,1,1.00,1,,,,2.00,1,1.00,1,1.00,1,,3.00,0,,,,,3.00,0,,1.00,0,,,,,1.00,0,,0.00,,,,,,0.00,,,0.00,,,,,,0.00,,,,2.00,1.00,1.00,,0.00,,,1.00,,,,,,2.00,1,,2.00,,1.00,,,,0.00,,3.00,0,,,,,3.00,0,,5.00,1,,2.00,0,,,,,2.00,0,,,2,,3,,5-15 yrs,5-15 yrs,2,2,2,2,5,,1,,15784488,182273,V,71.35,46.76,34.72,40.74,38.17,50.00,43.23,46.61,45.17,53.57,45.83,49.70,48.05,25.00
United Kingdom,GBR,,,NAT_TOTAL,20220123,1.00,0,,,,,1.00,0,,,,2.00,1,1.00,1,1.00,1,,,,2.00,1,1.00,1,1.00,1,,3.00,0,,,,,3.00,0,,1.00,0,,,,,1.00,0,,0.00,,,,,,0.00,,,0.00,,,,,,0.00,,,,2.00,1.00,1.00,,0.00,,,1.00,,,,,,2.00,1,,2.00,,1.00,,,,0.00,,3.00,0,,,,,3.00,0,,5.00,1,,2.00,0,,,,,2.00,0,,,2,,3,,5-15 yrs,5-15 yrs,2,2,2,2,5,,1,,15859288,182491,V,71.39,46.76,34.72,40.74,38.16,50.00,43.23,46.61,45.17,53.57,45.83,49.70,48.04,25.00
United Kingdom,GBR,,,NAT_TOTAL,20220124,1.00,0,,,,,1.00,0,,,,2.00,1,1.00,1,1.00,1,,,,2.00,1,1.00,1,1.00,1,,3.00,0,,,,,3.00,0,,1.00,0,,,,,1.00,0,,0.00,,,,,,0.00,,,0.00,,,,,,0.00,,,,2.00,1.00,1.00,,0.00,,,1.00,,,,,,2.00,1,,2.00,,1.00,,,,0.00,,3.00,0,,,,,3.00,0,,5.00,1,,2.00,0,,,,,2.00,0,,,2,,3,,5-15 yrs,5-15 yrs,2,2,2,2,5,,1,,15953685,182718,V,71.43,46.76,34.72,40.74,38.16,50.00,43.23,46.61,45.16,53.57,45.83,49.70,48.04,25.00
United Kingdom,GBR,,,NAT_TOTAL,20220125,1.00,0,,,,,1.00,0,,,,2.00,1,1.00,1,1.00,1,,,,2.00,1,1.00,1,1.00,1,,3.00,0,,,,,3.00,0,,1.00,0,,,,,1.00,0,,0.00,,,,,,0.00,,,0.00,,,,,,0.00,,,,2.00,1.00,1.00,,0.00,,,1.00,,,,,,2.00,1,,2.00,,1.00,,,,0.00,,3.00,0,,,,,3.00,0,,5.00,1,,2.00,0,,,,,2.00,0,,,2,,3,,5-15 yrs,5-15 yrs,2,2,2,2,5,,1,,16047716,182912,V,71.48,46.76,34.72,40.74,38.15,50.00,43.23,46.61,45.16,53.57,45.83,49.70,48.04,25.00
United Kingdom,GBR,,,NAT_TOTAL,20220126,1.00,0,,,,,1.00,0,,,,2.00,1,1.00,1,1.00,1,,,,2.00,1,1.00,1,1.00,1,,3.00,0,,,,,3.00,0,,1.00,0,,,,,1.00,0,,0.00,,,,,,0.00,,,0.00,,,,,,0.00,,,,2.00,1.00,1.00,,0.00,,,1.00,,,,,,2.00,1,,2.00,,1.00,,,,0.00,,3.00,0,,,,,3.00,0,,5.00,1,,2.00,0,,,,,2.00,0,,,2,,3,,5-15 yrs,5-15 yrs,2,2,2,2,5,,1,,16149319,183108,V,71.52,46.76,34.72,40.74,38.15,50.00,43.23,46.61,45.16,53.57,45.83,49.70,48.03,25.00
United Kingdom,GBR,,,NAT_TOTAL,20220127,1.00,0,,,,,1.00,0,,,,2.00,0,1.00,1,1.00,1,"England drops COVID-19 pass restrictions, so drops from 2G to 2T coding      England's Plan B measures are to end from Thursday 27 January. Covid passports dropped meaning all businesses are open, without any requirement to present a pass to get in. Mandatory Covid passports for entering nightclubs and large events would end, though organisations could choose to use the NHS Covid pass if they wished. People would no longer be advised to work from home and should discuss their return to offices with employers  Face masks will no longer be mandated, though people are still advised to wear coverings in enclosed or crowded spaces and when meeting strangers.    http://web.archive.org/web/20220121121233/https://www.bbc.com/news/uk-60047438",,,2.00,0,1.00,1,1.00,1,"England's Plan B measures are to end from Thursday 27 January. Covid passports dropped meaning all businesses are open, without any requirement to present a pass to get in. Mandatory Covid passports for entering nightclubs and large events would end, though organisations could choose to use the NHS Covid pass if they wished. People would no longer be advised to work from home and should discuss their return to offices with employers  Face masks will no longer be mandated, though people are still advised to wear coverings in enclosed or crowded spaces and when meeting strangers.    Covid passes still required in other devolved nations for access to some large public events so coding remains at a 2, but now Targeted not General    http://web.archive.org/web/20220121121233/https://www.bbc.com/news/uk-60047438",3.00,0,,,,,3.00,0,,1.00,0,,,,,1.00,0,,0.00,,,,,,0.00,,,0.00,,,,,,0.00,,,,2.00,1.00,1.00,,0.00,,,1.00,,,,,,2.00,1,,2.00,,1.00,,,,0.00,,3.00,0,,,,,3.00,0,,5.00,1,,2.00,0,,,,,2.00,0,,,2,,3,,5-15 yrs,5-15 yrs,2,2,2,2,5,,1,,16245474,183327,V,71.57,42.13,34.72,38.43,36.83,47.40,43.23,45.32,44.42,50.60,45.83,48.22,47.19,25.00
United Kingdom,GBR,,,NAT_TOTAL,20220128,1.00,0,,,,,1.00,0,,,,2.00,0,1.00,1,1.00,1,,,,2.00,0,1.00,1,1.00,1,,3.00,0,,,,,3.00,0,,1.00,0,,,,,1.00,0,,0.00,,,,,,0.00,,,0.00,,,,,,0.00,,,,2.00,1.00,1.00,,0.00,,,1.00,,,,,,2.00,1,,2.00,,1.00,,,,0.00,,3.00,0,,,,,3.00,0,,5.00,1,,2.00,0,,,,,2.00,0,,,2,,3,,5-15 yrs,5-15 yrs,2,2,2,2,5,,1,,16333980,183529,V,71.62,42.13,34.72,38.43,36.82,47.40,43.23,45.32,44.41,50.60,45.83,48.22,47.18,25.00
United Kingdom,GBR,,,NAT_TOTAL,20220129,1.00,0,,,,,1.00,0,,,,2.00,0,1.00,1,1.00,1,,,,2.00,0,1.00,1,1.00,1,,3.00,0,,,,,3.00,0,,1.00,0,,,,,1.00,0,,0.00,,,,,,0.00,,,0.00,,,,,,0.00,,,,2.00,1.00,1.00,,0.00,,,1.00,,,,,,2.00,1,,2.00,,1.00,,,,0.00,,3.00,0,,,,,3.00,0,,5.00,1,,2.00,0,,,,,2.00,0,,,2,,3,,5-15 yrs,5-15 yrs,2,2,2,2,5,,1,,16406123,183710,V,71.68,42.13,34.72,38.43,36.82,47.40,43.23,45.32,44.41,50.60,45.83,48.22,47.18,25.00
United Kingdom,GBR,,,NAT_TOTAL,20220130,1.00,0,,,,,1.00,0,,,,2.00,0,1.00,1,1.00,1,,,,2.00,0,1.00,1,1.00,1,,3.00,0,,,,,3.00,0,,1.00,0,,,,,1.00,0,,0.00,,,,,,0.00,,,0.00,,,,,,0.00,,,,2.00,1.00,1.00,,0.00,,,1.00,,,,,,2.00,1,,2.00,,1.00,,,,0.00,,3.00,0,,,,,3.00,0,,5.00,1,,2.00,0,,,,,2.00,0,,,2,"The NHS vaccination programme will begin to roll out to children aged between 5 and 11 who are most at risk of COVID-19 this week, as the health service’s drive to protect the country from the virus continues.    Children aged 5 -11 who are in a clinical risk group or who live with someone who is in immunosuppressed will be able to get the first dose of the COVID vaccine in line with advice set out by the Joint Committee on Vaccination and Immunisation (JCVI).    http://web.archive.org/web/20220204112027/https://www.england.nhs.uk/2022/01/nhs-expands-covid-vaccinations-to-the-most-vulnerable-5-to-11-year-olds/",3,,5-15 yrs,5-15 yrs,2,2,2,2,5,,1,,16468522,183901,V,71.72,42.13,34.72,38.43,36.82,47.40,43.23,45.32,44.41,50.60,45.83,48.22,47.18,25.00
United Kingdom,GBR,,,NAT_TOTAL,20220131,1.00,0,,,,,1.00,0,,,,2.00,0,1.00,1,1.00,1,,,,2.00,0,1.00,1,1.00,1,,3.00,0,,,,,3.00,0,,1.00,0,,,,,1.00,0,,0.00,,,,,,0.00,,,0.00,,,,,,0.00,,,,2.00,1.00,1.00,,0.00,,,1.00,,,,,,2.00,1,,2.00,,1.00,,,,0.00,,3.00,0,,,,,3.00,0,,5.00,1,,2.00,0,,,,,2.00,0,,,2,,3,"The NHS vaccination programme will begin to roll out to children aged between 5 and 11 who are most at risk of COVID-19 this week, as the health service’s drive to protect the country from the virus continues.    Children aged 5 -11 who are in a clinical risk group or who live with someone who is in immunosuppressed will be able to get the first dose of the COVID vaccine in line with advice set out by the Joint Committee on Vaccination and Immunisation (JCVI).    http://web.archive.org/web/20220204112027/https://www.england.nhs.uk/2022/01/nhs-expands-covid-vaccinations-to-the-most-vulnerable-5-to-11-year-olds/",5-15 yrs,5-15 yrs,2,2,2,2,5,"Free",0,"Since 11 November 2021, all care home workers, and anyone entering a care home, have needed to be fully vaccinated, unless they are exempt under the regulations.    As announced by the Secretary of State for Health and Social Care on 31 January 2022, the government has stated that its intention is to revoke the regulations making vaccines a condition of deployment for health and social care staff, subject to parliamentary process.    Legal requirement for health and social care staff to be double jabbed to be removed, subject to consultation and Parliamentary approval    http://web.archive.org/web/20220209045009/https://www.gov.uk/government/publications/vaccination-of-people-working-or-deployed-in-care-homes-operational-guidance/coronavirus-covid-19-vaccination-of-people-working-or-deployed-in-care-homes-operational-guidance    http://web.archive.org/web/20220208144510/https://www.gov.uk/government/news/consultation-on-removing-vaccination-as-a-condition-of-deployment-for-health-and-social-care-staff    http://web.archive.org/web/20220210124238/https://www.nursingtimes.net/news/coronavirus/government-confirms-u-turn-on-mandatory-vaccination-policy-31-01-2022/",17315893,184108,V,71.75,42.13,34.72,38.43,36.81,47.40,43.23,45.32,44.41,50.60,45.83,48.22,47.18,25.00
United Kingdom,GBR,,,NAT_TOTAL,20220201,1.00,0,,,,,1.00,0,,,,2.00,0,1.00,1,1.00,1,,,,2.00,0,1.00,1,1.00,1,,3.00,0,,,,,3.00,0,,1.00,0,,,,,1.00,0,,0.00,,,,,,0.00,,,0.00,,,,,,0.00,,,,2.00,1.00,1.00,,0.00,,,1.00,,,,,,2.00,1,,2.00,,1.00,,,,0.00,,3.00,0,,,,,3.00,0,,5.00,1,,2.00,0,,,,,2.00,0,,,2,,3,,5-15 yrs,5-15 yrs,2,2,2,2,5,,0,,17428345,184314,V,71.79,42.13,34.72,38.43,36.81,47.40,43.23,45.32,44.41,50.60,45.83,48.22,47.18,25.00
United Kingdom,GBR,,,NAT_TOTAL,20220202,1.00,0,,,,,1.00,0,,,,2.00,0,1.00,1,1.00,1,,,,2.00,0,1.00,1,1.00,1,,3.00,0,,,,,3.00,0,,1.00,0,,,,,1.00,0,,0.00,,,,,,0.00,,,0.00,,,,,,0.00,,,,2.00,1.00,1.00,,0.00,,,1.00,,,,,,2.00,1,,2.00,,1.00,,,,0.00,,3.00,0,,,,,3.00,0,,5.00,1,,2.00,0,,,,,2.00,0,,,2,,3,,5-15 yrs,5-15 yrs,2,2,2,2,5,,0,,17515199,184501,V,71.83,42.13,34.72,38.43,36.81,47.40,43.23,45.32,44.40,50.60,45.83,48.22,47.17,25.00
United Kingdom,GBR,,,NAT_TOTAL,20220203,1.00,0,,,,,1.00,0,,,,2.00,0,1.00,1,1.00,1,,,,2.00,0,1.00,1,1.00,1,,3.00,0,,,,,3.00,0,,1.00,0,,,,,1.00,0,,0.00,,,,,,0.00,,,0.00,,,,,,0.00,,,,2.00,1.00,1.00,,0.00,,,1.00,,,,,,2.00,1,,2.00,,1.00,,,,0.00,,3.00,0,,,,,3.00,0,,5.00,1,,2.00,0,,,,,2.00,0,,,2,,3,,5-15 yrs,5-15 yrs,2,2,2,2,5,,0,,17607832,184691,V,71.87,42.13,34.72,38.43,36.80,47.40,43.23,45.32,44.40,50.60,45.83,48.22,47.17,25.00
United Kingdom,GBR,,,NAT_TOTAL,20220204,1.00,0,,,,,1.00,0,,,,2.00,0,1.00,1,1.00,1,,,,2.00,0,1.00,1,1.00,1,,3.00,0,,,,,3.00,0,,1.00,0,,,,,1.00,0,,0.00,,,,,,0.00,,,0.00,,,,,,0.00,,,,2.00,1.00,1.00,,0.00,,,1.00,,,,,,2.00,1,,2.00,,1.00,,,,0.00,,3.00,0,,,,,3.00,0,,5.00,1,,2.00,0,,,,,2.00,0,,,2,,3,,5-15 yrs,5-15 yrs,2,2,2,2,5,,0,,17689885,184850,V,71.92,42.13,34.72,38.43,36.80,47.40,43.23,45.32,44.40,50.60,45.83,48.22,47.17,25.00
United Kingdom,GBR,,,NAT_TOTAL,20220205,1.00,0,,,,,1.00,0,,,,2.00,0,1.00,1,1.00,1,,,,2.00,0,1.00,1,1.00,1,,3.00,0,,,,,3.00,0,,1.00,0,,,,,1.00,0,,0.00,,,,,,0.00,,,0.00,,,,,,0.00,,,,2.00,1.00,1.00,,0.00,,,1.00,,,,,,2.00,1,,2.00,,1.00,,,,0.00,,3.00,0,,,,,3.00,0,,5.00,1,,2.00,0,,,,,2.00,0,,,2,,3,,5-15 yrs,5-15 yrs,2,2,2,2,5,,0,,17749999,185023,V,71.96,42.13,34.72,38.43,36.80,47.40,43.23,45.32,44.40,50.60,45.83,48.22,47.17,25.00
United Kingdom,GBR,,,NAT_TOTAL,20220206,1.00,0,,,,,1.00,0,,,,2.00,0,1.00,1,1.00,1,,,,2.00,0,1.00,1,1.00,1,,3.00,0,,,,,3.00,0,,1.00,0,,,,,1.00,0,,0.00,,,,,,0.00,,,0.00,,,,,,0.00,,,,2.00,1.00,1.00,,0.00,,,1.00,,,,,,2.00,1,,2.00,,1.00,,,,0.00,,3.00,0,,,,,3.00,0,,5.00,1,,2.00,0,,,,,2.00,0,,,2,,3,,5-15 yrs,5-15 yrs,2,2,2,2,5,,0,,17803325,185181,V,71.98,42.13,34.72,38.43,36.80,47.40,43.23,45.32,44.40,50.60,45.83,48.22,47.17,25.00
United Kingdom,GBR,,,NAT_TOTAL,20220207,1.00,0,,,,,1.00,0,,,,2.00,0,1.00,1,1.00,1,,,,2.00,0,1.00,1,1.00,1,,3.00,0,,,,,3.00,0,,1.00,0,,,,,1.00,0,,0.00,,,,,,0.00,,,0.00,,,,,,0.00,,,,2.00,1.00,1.00,,0.00,,,1.00,,,,,,2.00,1,,2.00,,1.00,,,,0.00,,3.00,0,,,,,3.00,0,,5.00,1,,2.00,0,,,,,2.00,0,,,2,,3,,5-15 yrs,5-15 yrs,2,2,2,2,5,,0,,17866632,185321,V,72.02,42.13,34.72,38.43,36.79,47.40,43.23,45.32,44.40,50.60,45.83,48.22,47.16,25.00
United Kingdom,GBR,,,NAT_TOTAL,20220208,1.00,0,,,,,1.00,0,,,,2.00,0,1.00,1,1.00,1,,,,2.00,0,1.00,1,1.00,1,,3.00,0,,,,,3.00,0,,1.00,0,,,,,1.00,0,,0.00,,,,,,0.00,,,0.00,,,,,,0.00,,,,2.00,1.00,1.00,,0.00,,,1.00,,,,,,2.00,1,,2.00,,1.00,,,,0.00,,3.00,0,,,,,3.00,0,,5.00,1,,2.00,0,,,,,2.00,0,,,2,,3,,5-15 yrs,5-15 yrs,2,2,2,2,5,,0,,17932803,185480,V,72.05,42.13,34.72,38.43,36.79,47.40,43.23,45.32,44.40,50.60,45.83,48.22,47.16,25.00
United Kingdom,GBR,,,NAT_TOTAL,20220209,1.00,0,,,,,1.00,0,,,,2.00,0,1.00,1,1.00,1,,,,2.00,0,1.00,1,1.00,1,,3.00,0,,,,,3.00,0,,1.00,0,,,,,1.00,0,,0.00,,,,,,0.00,,,0.00,,,,,,0.00,,,,2.00,1.00,1.00,,0.00,,,1.00,,,,,,2.00,1,,2.00,,1.00,,,,0.00,,3.00,0,,,,,3.00,0,,5.00,1,,2.00,0,,,,,2.00,0,,,2,,3,,5-15 yrs,5-15 yrs,2,2,2,2,5,,0,,18000119,185624,V,72.09,42.13,34.72,38.43,36.79,47.40,43.23,45.32,44.39,50.60,45.83,48.22,47.16,25.00
United Kingdom,GBR,,,NAT_TOTAL,20220210,1.00,0,,,,,1.00,0,,,,2.00,0,1.00,1,1.00,1,,,,2.00,0,1.00,1,1.00,1,,3.00,0,,,,,3.00,0,,1.00,0,,,,,1.00,0,,0.00,,,,,,0.00,,,0.00,,,,,,0.00,,,,2.00,1.00,1.00,,0.00,,,1.00,,,,,,2.00,1,,2.00,,1.00,,,,0.00,,3.00,0,,,,,3.00,0,,5.00,1,,2.00,0,,,,,2.00,0,,,2,,3,"The NHS vaccination programme will begin to roll out to children aged between 5 and 11 who are most at risk of COVID-19 this week, as the health service’s drive to protect the country from the virus continues.    Children aged 5 -11 who are in a clinical risk group or who live with someone who is in immunosuppressed will be able to get the first dose of the COVID vaccine in line with advice set out by the Joint Committee on Vaccination and Immunisation (JCVI).    http://web.archive.org/web/20220204112027/https://www.england.nhs.uk/2022/01/nhs-expands-covid-vaccinations-to-the-most-vulnerable-5-to-11-year-olds/",5-15 yrs,5-15 yrs,2,2,2,2,5,"Free",0," No mandates",18162199,185748,V,72.13,42.13,34.72,38.43,36.79,47.40,43.23,45.32,44.39,50.60,45.83,48.22,47.16,25.00
United Kingdom,GBR,,,NAT_TOTAL,20220211,1.00,0,,,,,1.00,0,,,,2.00,0,1.00,1,1.00,1,,,,2.00,0,1.00,1,1.00,1,,3.00,0,,,,,3.00,0,,1.00,0,,,,,1.00,0,,0.00,,,,,,0.00,,,0.00,,,,,,0.00,,,,1.00,1.00,1.00,"Rules for non-vaccinated changed on 11 February, meaning that non-vaccinated people do not need to quarantine upon arrival in the UK. Rules as follows:    Fully vaccinated – from 11 February  If you qualify as fully vaccinated for travel to England, you:    will not need to take a COVID-19 test before you travel to England or after you arrive  will not need to quarantine when you arrive  You will need to complete a passenger locator form before you travel to England.    Check if you can follow the rules for people who are fully vaccinated – includes people aged 17 and under.    Not fully vaccinated – from 11 February  If you do not qualify as fully vaccinated for travel to England, you will need to:    show proof of a negative COVID-19 test – test to be taken in the 2 days before you travel to England  book and pay for a COVID-19 PCR test – to be taken after you arrive in England  complete a passenger locator form before you travel to England  You will need to book the PCR test before you travel.    You will not need to quarantine, unless the result of the PCR test is positive.      http://web.archive.org/web/20220210131053/https://www.gov.uk/guidance/travel-to-england-from-another-country-during-coronavirus-covid-19    http://web.archive.org/web/20220211134511/https://www.gov.uk/guidance/travel-to-england-from-another-country-during-coronavirus-covid-19",0.00,,,1.00,,,,,,2.00,1,,2.00,,1.00,,,,0.00,,3.00,0,,,,,3.00,0,,5.00,1,,2.00,0,,,,,2.00,0,,,2,,3,,5-15 yrs,5-15 yrs,2,2,2,2,5,,0,,18220515,185889,V,72.17,39.35,34.72,37.03,36.01,45.83,43.23,44.53,43.95,48.81,45.83,47.32,46.66,25.00
United Kingdom,GBR,,,NAT_TOTAL,20220212,1.00,0,,,,,1.00,0,,,,2.00,0,1.00,1,1.00,1,,,,2.00,0,1.00,1,1.00,1,,3.00,0,,,,,3.00,0,,1.00,0,,,,,1.00,0,,0.00,,,,,,0.00,,,0.00,,,,,,0.00,,,,1.00,1.00,1.00,,0.00,,,1.00,,,,,,2.00,1,,2.00,,1.00,,,,0.00,,3.00,0,,,,,3.00,0,,5.00,1,,2.00,0,,,,,2.00,0,,,2,,3,,5-15 yrs,5-15 yrs,2,2,2,2,5,,0,,18266015,186033,V,72.21,39.35,34.72,37.03,36.01,45.83,43.23,44.53,43.95,48.81,45.83,47.32,46.66,25.00
United Kingdom,GBR,,,NAT_TOTAL,20220213,1.00,0,,,,,1.00,0,,,,2.00,0,1.00,1,1.00,1,,,,2.00,0,1.00,1,1.00,1,,3.00,0,,,,,3.00,0,,1.00,0,,,,,1.00,0,,0.00,,,,,,0.00,,,0.00,,,,,,0.00,,,,1.00,1.00,1.00,,0.00,,,1.00,,,,,,2.00,1,,2.00,,1.00,,,,0.00,,3.00,0,,,,,3.00,0,,5.00,1,,2.00,0,,,,,2.00,0,,,2,,3,,5-15 yrs,5-15 yrs,2,2,2,2,5,,0,,18306859,186160,V,72.23,39.35,34.72,37.03,36.01,45.83,43.23,44.53,43.95,48.81,45.83,47.32,46.66,25.00
United Kingdom,GBR,,,NAT_TOTAL,20220214,1.00,0,,,,,1.00,0,,,,2.00,0,1.00,1,1.00,1,,,,2.00,0,1.00,1,1.00,1,,3.00,0,,,,,3.00,0,,1.00,0,,,,,1.00,0,,0.00,,,,,,0.00,,,0.00,,,,,,0.00,,,,1.00,1.00,1.00,,0.00,,,1.00,,,,,,2.00,1,,2.00,,1.00,,,,0.00,,3.00,0,,,,,3.00,0,,5.00,1,,2.00,0,,,,,2.00,0,,,2,,3,,5-15 yrs,5-15 yrs,2,2,2,2,5,,0,,18348029,186317,V,72.25,39.35,34.72,37.03,36.00,45.83,43.23,44.53,43.95,48.81,45.83,47.32,46.66,25.00
United Kingdom,GBR,,,NAT_TOTAL,20220215,1.00,0,,,,,1.00,0,,,,2.00,0,1.00,1,1.00,1,,,,2.00,0,1.00,1,1.00,1,,0.00,,,,,,0.00,,"Last remaining gathering restriction lifted in Northern Ireland    15 February , this guidance applies toNORTHERN IRELAND  You’re no longer legally required to wear face coverings in public places and there is no limit on the number of people who can meet indoors in private homes. Recommendations in place to limit gathering sizes.        https://archive.vn/QGsHE    (Archived page shows England but text refers to 'Northern Ireland' selection)    http://web.archive.org/web/20220225171600/https://www.nidirect.gov.uk/articles/coronavirus-covid-19-how-stay-safe-and-help-prevent-spread",1.00,0,,,,,1.00,0,"Mask wearing requirements remain in Scotland    Rules making mask-wearing in indoor public spaces like trains and buses may remain for longer than expected.    The First Minister had planned to drop the mask mandate at the end of March but the Health Secretary told the BBC today ministers would be considering whether to delay because of rising numbers of Covid cases.    https://archive.ph/qKOwC    No substantial recommendations not to use public transport or significant operational changes remain in Northern Ireland    http://web.archive.org/web/20220225171600/https://www.nidirect.gov.uk/articles/coronavirus-covid-19-how-stay-safe-and-help-prevent-spread",0.00,,,,,,0.00,,,0.00,,,,,,0.00,,,,1.00,1.00,1.00,,0.00,,,1.00,,,,,,2.00,1,,2.00,,1.00,,,,0.00,,3.00,0,,,,,3.00,0,,5.00,1,,2.00,0,,,,,2.00,0,,,2,,3,,5-15 yrs,5-15 yrs,2,2,2,2,5,,0,,18393951,186450,V,72.28,32.41,27.78,30.10,29.06,41.93,39.32,40.62,40.04,44.35,41.37,42.86,42.20,25.00
United Kingdom,GBR,,,NAT_TOTAL,20220216,1.00,0,,,,,1.00,0,,,,2.00,0,1.00,1,1.00,1,,,,2.00,0,1.00,1,1.00,1,,0.00,,,,,,0.00,,,1.00,0,,,,,1.00,0,,0.00,,,,,,0.00,,,0.00,,,,,,0.00,,,,1.00,1.00,1.00,,0.00,,,1.00,,,,,,2.00,1,,2.00,,1.00,,,,0.00,,3.00,0,,,,,3.00,0,,5.00,1,,2.00,0,,,,,2.00,0,,,2,,3,,5-15 yrs,5-15 yrs,2,2,2,2,5,,0,,18447706,186582,V,72.31,32.41,27.78,30.10,29.06,41.93,39.32,40.62,40.04,44.35,41.37,42.86,42.20,25.00
United Kingdom,GBR,,,NAT_TOTAL,20220217,1.00,0,,,,,1.00,0,,,,2.00,0,1.00,1,1.00,1,,,,2.00,0,1.00,1,1.00,1,,0.00,,,,,,0.00,,,1.00,0,,,,,1.00,0,,0.00,,,,,,0.00,,,0.00,,,,,,0.00,,,,1.00,1.00,1.00,,0.00,,,1.00,,,,,,2.00,1,,2.00,,1.00,,,,0.00,,3.00,0,,,,,3.00,0,,5.00,1,,2.00,0,,,,,2.00,0,,,2,,3,,5-15 yrs,5-15 yrs,2,2,2,2,5,,0,,18499058,186707,V,72.35,32.41,27.78,30.10,29.06,41.93,39.32,40.62,40.04,44.35,41.37,42.86,42.19,25.00
United Kingdom,GBR,,,NAT_TOTAL,20220218,1.00,0,,,,,1.00,0,,,,2.00,0,1.00,1,1.00,1,,,,2.00,0,1.00,1,1.00,1,,0.00,,,,,,0.00,,,1.00,0,,,,,1.00,0,,0.00,,,,,,0.00,,,0.00,,,,,,0.00,,,,1.00,1.00,1.00,,0.00,,,1.00,,,,,,2.00,1,,2.00,,1.00,,,,0.00,,3.00,0,,,,,3.00,0,,5.00,1,,2.00,0,,,,,2.00,0,,,2,,3,,5-15 yrs,5-15 yrs,2,2,2,2,5,,0,,18546205,186834,V,72.37,32.41,27.78,30.10,29.06,41.93,39.32,40.62,40.04,44.35,41.37,42.86,42.19,25.00
United Kingdom,GBR,,,NAT_TOTAL,20220219,1.00,0,,,,,1.00,0,,,,2.00,0,1.00,1,1.00,1,,,,2.00,0,1.00,1,1.00,1,,0.00,,,,,,0.00,,,1.00,0,,,,,1.00,0,,0.00,,,,,,0.00,,,0.00,,,,,,0.00,,,,1.00,1.00,1.00,,0.00,,,1.00,,,,,,2.00,1,,2.00,,1.00,,,,0.00,,3.00,0,,,,,3.00,0,,5.00,1,,2.00,0,,,,,2.00,0,,,2,,3,,5-15 yrs,5-15 yrs,2,2,2,2,5,,0,,18585423,186955,V,72.40,32.41,27.78,30.10,29.06,41.93,39.32,40.62,40.04,44.35,41.37,42.86,42.19,25.00
United Kingdom,GBR,,,NAT_TOTAL,20220220,1.00,0,,,,,1.00,0,,,,2.00,0,1.00,1,1.00,1,,,,2.00,0,1.00,1,1.00,1,,0.00,,,,,,0.00,,,1.00,0,,,,,1.00,0,,0.00,,,,,,0.00,,,0.00,,,,,,0.00,,,,1.00,1.00,1.00,,0.00,,,1.00,,,,,,2.00,1,,2.00,,1.00,,,,0.00,,3.00,0,,,,,3.00,0,,5.00,1,,2.00,0,,,,,2.00,0,,,2,,3,,5-15 yrs,5-15 yrs,2,2,2,2,5,,0,,18616433,187081,V,72.41,32.41,27.78,30.10,29.06,41.93,39.32,40.62,40.04,44.35,41.37,42.86,42.19,25.00
United Kingdom,GBR,,,NAT_TOTAL,20220221,1.00,0,,,,,1.00,0,,,,2.00,0,1.00,1,1.00,1,,,,2.00,0,1.00,1,1.00,1,,0.00,,,,,,0.00,,,1.00,0,,,,,1.00,0,,0.00,,,,,,0.00,,,0.00,,,,,,0.00,,,,1.00,1.00,1.00,,0.00,,,1.00,,,,,,2.00,1,,2.00,,1.00,,,,0.00,,3.00,0,,,,,3.00,0,,5.00,1,,2.00,0,,,,,2.00,0,,,2,,3,,5-15 yrs,5-15 yrs,2,2,2,2,5,,0,,18654572,187191,V,72.44,32.41,27.78,30.10,29.06,41.93,39.32,40.62,40.04,44.35,41.37,42.86,42.19,25.00
United Kingdom,GBR,,,NAT_TOTAL,20220222,1.00,0,,,,,1.00,0,,,,2.00,0,1.00,1,1.00,1,,,,2.00,0,1.00,1,1.00,1,,0.00,,,,,,0.00,,,1.00,0,,,,,1.00,0,,0.00,,,,,,0.00,,,0.00,,,,,,0.00,,,,1.00,1.00,1.00,,0.00,,,1.00,,,,,,2.00,1,,2.00,,1.00,,,,0.00,,3.00,0,,,,,3.00,0,,5.00,1,,2.00,0,,,,,2.00,0,,,2,,3,,5-15 yrs,5-15 yrs,2,2,2,2,5,,0,,18695448,187311,V,72.46,32.41,27.78,30.10,29.06,41.93,39.32,40.62,40.04,44.35,41.37,42.86,42.19,25.00
United Kingdom,GBR,,,NAT_TOTAL,20220223,1.00,0,,,,,1.00,0,,,,2.00,0,1.00,1,1.00,1,,,,2.00,0,1.00,1,1.00,1,,0.00,,,,,,0.00,,,1.00,0,,,,,1.00,0,,0.00,,,,,,0.00,,,0.00,,,,,,0.00,,,,1.00,1.00,1.00,,0.00,,,1.00,,,,,,2.00,1,,2.00,,1.00,,,,0.00,,3.00,0,,,,,3.00,0,,5.00,1,,2.00,0,,,,,2.00,0,,,2,,3,,5-15 yrs,5-15 yrs,2,2,2,2,5,,0,,18734683,187428,V,72.49,32.41,27.78,30.10,29.05,41.93,39.32,40.62,40.04,44.35,41.37,42.86,42.19,25.00
United Kingdom,GBR,,,NAT_TOTAL,20220224,1.00,0,,,,,1.00,0,,,,2.00,0,1.00,1,1.00,1,,,,2.00,0,1.00,1,1.00,1,,0.00,,,,,,0.00,,,1.00,0,,,,,1.00,0,,0.00,,,,,,0.00,,,0.00,,,,,,0.00,,,,1.00,1.00,1.00,"24 February    Fully vaccinated: Before you travel to England you must complete a passenger locator form. You need to do this in the 48 hours before you arrive in England.    Not fully vaccinated: Must complete PCR test but from 24 February, there is no legal requirement to self-isolate if you get a positive day 2 test result.      http://web.archive.org/web/20220224030744/https://www.gov.uk/guidance/travel-to-england-from-another-country-during-coronavirus-covid-19    http://web.archive.org/web/20220225155734/https://www.gov.uk/guidance/travel-to-england-from-another-country-during-coronavirus-covid-19",0.00,,,1.00,,,,,,2.00,1,,2.00,,1.00,,,,0.00,,3.00,0,,,,,3.00,0,,5.00,1,,2.00,0,,,,,2.00,0,,,2,,3,,5-15 yrs,5-15 yrs,2,2,2,2,5,,0,,18773164,187554,V,72.51,32.41,27.78,30.10,29.05,41.93,39.32,40.62,40.04,44.35,41.37,42.86,42.19,25.00
United Kingdom,GBR,,,NAT_TOTAL,20220225,1.00,0,,,,,1.00,0,,,,2.00,0,1.00,1,1.00,1,,,,2.00,0,1.00,1,1.00,1,,0.00,,,,,,0.00,,,1.00,0,,,,,1.00,0,,0.00,,,,,,0.00,,,0.00,,,,,,0.00,,,,1.00,1.00,1.00,,0.00,,,1.00,,,,,,2.00,1,,2.00,,1.00,,,,0.00,,3.00,0,,,,,3.00,0,,5.00,1,,2.00,0,,,,,2.00,0,,,2,,3,,5-15 yrs,5-15 yrs,2,2,2,2,5,,0,,18804765,187675,V,72.54,32.41,27.78,30.10,29.05,41.93,39.32,40.62,40.04,44.35,41.37,42.86,42.19,25.00
United Kingdom,GBR,,,NAT_TOTAL,20220226,1.00,0,,,,,1.00,0,,,,2.00,0,1.00,1,1.00,1,,,,2.00,0,1.00,1,1.00,1,,0.00,,,,,,0.00,,,1.00,0,,,,,1.00,0,,0.00,,,,,,0.00,,,0.00,,,,,,0.00,,,,1.00,1.00,1.00,,0.00,,,1.00,,,,,,2.00,1,,2.00,,1.00,,,,0.00,,3.00,0,,,,,3.00,0,,5.00,1,,2.00,0,,,,,2.00,0,,,2,,3,,5-15 yrs,5-15 yrs,2,2,2,2,5,,0,,18804765,187778,V,72.57,32.41,27.78,30.10,29.05,41.93,39.32,40.62,40.04,44.35,41.37,42.86,42.19,25.00
United Kingdom,GBR,,,NAT_TOTAL,20220227,1.00,0,,,,,1.00,0,,,,2.00,0,1.00,1,1.00,1,,,,2.00,0,1.00,1,1.00,1,,0.00,,,,,,0.00,,,1.00,0,,,,,1.00,0,,0.00,,,,,,0.00,,,0.00,,,,,,0.00,,,,1.00,1.00,1.00,,0.00,,,1.00,,,,,,2.00,1,,2.00,,1.00,,,,0.00,,3.00,0,,,,,3.00,0,,5.00,1,,2.00,0,,,,,2.00,0,,,2,,3,,5-15 yrs,5-15 yrs,2,2,2,2,5,,0,,18804765,187897,V,72.58,32.41,27.78,30.10,29.05,41.93,39.32,40.62,40.04,44.35,41.37,42.86,42.19,25.00
United Kingdom,GBR,,,NAT_TOTAL,20220228,1.00,0,,,,,1.00,0,,1.00,0,,,,,1.00,0,"  In Scotland last covid pass lifted. From 28 February 2022, the legal requirement to show a COVID-19 vaccine certificate or a record of a recent negative COVID-19 test (LFD or PCR) result to enter any premises or attend any event is lifted.    Masks still required in some businesses hence 1 coding.    Face coverings required in SCO so coded 1T    http://web.archive.org/web/20220302092440/https://www.gov.scot/publications/coronavirus-covid-19-certification-businesses-event-organisers/    http://web.archive.org/web/20220420083606/https://www.gov.scot/coronavirus-covid-19/",1.00,0,,,,,1.00,0,"With the removal of the COVID pass in Scotland on 28 Feb 2022, there are no longer any limits to public events or gatherings except that facemask requirements are still in place in Scotland until at least early April     https://archive.ph/4EPCT",0.00,,,,,,0.00,,,1.00,0,,,,,1.00,0,,0.00,,,,,,0.00,,,0.00,,,,,,0.00,,,,1.00,1.00,1.00,,0.00,,,1.00,,,,,,2.00,1,,2.00,,1.00,,,,0.00,,3.00,0,,,,,3.00,0,,5.00,1,,2.00,0,,,,,2.00,0,,,2,,3,,5-15 yrs,5-15 yrs,2,2,2,2,5,,0,,18886701,188002,V,72.60,23.15,23.15,23.15,23.15,36.72,36.72,36.72,36.72,38.39,38.39,38.39,38.39,25.00
United Kingdom,GBR,,,NAT_TOTAL,20220301,1.00,0,,,,,1.00,0,,1.00,0,,,,,1.00,0,,1.00,0,,,,,1.00,0,,0.00,,,,,,0.00,,,1.00,0,,,,,1.00,0,,0.00,,,,,,0.00,,,0.00,,,,,,0.00,,,,1.00,1.00,1.00,,0.00,,,1.00,,,,,,2.00,1,,2.00,,1.00,,,,0.00,,3.00,0,,,,,3.00,0,,5.00,1,,2.00,0,,,,,2.00,0,,,2,,3,,5-15 yrs,5-15 yrs,2,2,2,2,5,,0,,18985568,188108,V,72.63,23.15,23.15,23.15,23.15,36.72,36.72,36.72,36.72,38.39,38.39,38.39,38.39,25.00
United Kingdom,GBR,,,NAT_TOTAL,20220302,1.00,0,,,,,1.00,0,,1.00,0,,,,,1.00,0,,1.00,0,,,,,1.00,0,,0.00,,,,,,0.00,,,1.00,0,,,,,1.00,0,,0.00,,,,,,0.00,,,0.00,,,,,,0.00,,,,1.00,1.00,1.00,,0.00,,,1.00,,,,,,2.00,1,,2.00,,1.00,,,,0.00,,3.00,0,,,,,3.00,0,,5.00,1,,2.00,0,,,,,2.00,0,,,2,,3,,5-15 yrs,5-15 yrs,2,2,2,2,5,,0,,19029321,188253,V,72.65,23.15,23.15,23.15,23.15,36.72,36.72,36.72,36.72,38.39,38.39,38.39,38.39,25.00
United Kingdom,GBR,,,NAT_TOTAL,20220303,1.00,0,,,,,1.00,0,,1.00,0,,,,,1.00,0,,1.00,0,,,,,1.00,0,,0.00,,,,,,0.00,,,1.00,0,,,,,1.00,0,,0.00,,,,,,0.00,,,0.00,,,,,,0.00,,,,1.00,1.00,1.00,,0.00,,,1.00,,,,,,2.00,1,,2.00,,1.00,,,,0.00,,3.00,0,,,,,3.00,0,,5.00,1,,2.00,0,,,,,2.00,0,,,2,,3,,5-15 yrs,5-15 yrs,2,2,2,2,5,,0,,19074696,188359,V,72.67,23.15,23.15,23.15,23.15,36.72,36.72,36.72,36.72,38.39,38.39,38.39,38.39,25.00
United Kingdom,GBR,,,NAT_TOTAL,20220304,1.00,0,,,,,1.00,0,,1.00,0,,,,,1.00,0,,1.00,0,,,,,1.00,0,,0.00,,,,,,0.00,,,1.00,0,,,,,1.00,0,,0.00,,,,,,0.00,,,0.00,,,,,,0.00,,,,1.00,1.00,1.00,,0.00,,,1.00,,,,,,2.00,1,,2.00,,1.00,,,,0.00,,3.00,0,,,,,3.00,0,,5.00,1,,2.00,0,,,,,2.00,0,,,2,,3,,5-15 yrs,5-15 yrs,2,2,2,2,5,,0,,19119181,188470,V,72.70,23.15,23.15,23.15,23.15,36.72,36.72,36.72,36.72,38.39,38.39,38.39,38.39,25.00
United Kingdom,GBR,,,NAT_TOTAL,20220305,1.00,0,,,,,1.00,0,,1.00,0,,,,,1.00,0,,1.00,0,,,,,1.00,0,,0.00,,,,,,0.00,,,1.00,0,,,,,1.00,0,,0.00,,,,,,0.00,,,0.00,,,,,,0.00,,,,1.00,1.00,1.00,,0.00,,,1.00,,,,,,2.00,1,,2.00,,1.00,,,,0.00,,3.00,0,,,,,3.00,0,,5.00,1,,2.00,0,,,,,2.00,0,,,2,,3,,5-15 yrs,5-15 yrs,2,2,2,2,5,,0,,19119181,188571,V,72.73,23.15,23.15,23.15,23.15,36.72,36.72,36.72,36.72,38.39,38.39,38.39,38.39,25.00
United Kingdom,GBR,,,NAT_TOTAL,20220306,1.00,0,,,,,1.00,0,,1.00,0,,,,,1.00,0,,1.00,0,,,,,1.00,0,,0.00,,,,,,0.00,,,1.00,0,,,,,1.00,0,,0.00,,,,,,0.00,,,0.00,,,,,,0.00,,,,1.00,1.00,1.00,,0.00,,,1.00,,,,,,2.00,1,,2.00,,1.00,,,,0.00,,3.00,0,,,,,3.00,0,,5.00,1,,2.00,0,,,,,2.00,0,,,2,,3,,5-15 yrs,5-15 yrs,2,2,2,2,5,,0,,19119181,188664,V,72.74,23.15,23.15,23.15,23.15,36.72,36.72,36.72,36.72,38.39,38.39,38.39,38.39,25.00
United Kingdom,GBR,,,NAT_TOTAL,20220307,1.00,0,,,,,1.00,0,,1.00,0,,,,,1.00,0,,1.00,0,,,,,1.00,0,,0.00,,,,,,0.00,,,1.00,0,,,,,1.00,0,,0.00,,,,,,0.00,,,0.00,,,,,,0.00,,,,1.00,1.00,1.00,,0.00,,,1.00,,,,,,2.00,1,,2.00,,1.00,,,,0.00,,3.00,0,,,,,3.00,0,,5.00,1,,2.00,0,,,,,2.00,0,,,2,,3,,5-15 yrs,5-15 yrs,2,2,2,2,5,,0,,19245301,188788,V,72.76,23.15,23.15,23.15,23.15,36.72,36.72,36.72,36.72,38.39,38.39,38.39,38.39,25.00
United Kingdom,GBR,,,NAT_TOTAL,20220308,1.00,0,,,,,1.00,0,,1.00,0,,,,,1.00,0,,1.00,0,,,,,1.00,0,,0.00,,,,,,0.00,,,1.00,0,,,,,1.00,0,,0.00,,,,,,0.00,,,0.00,,,,,,0.00,,,,1.00,1.00,1.00,,0.00,,,1.00,,,,,,2.00,1,,2.00,,1.00,,,,0.00,,3.00,0,,,,,3.00,0,,5.00,1,,2.00,0,,,,,2.00,0,,,2,,3,,5-15 yrs,5-15 yrs,2,2,2,2,5,,0,,19307014,188907,V,72.78,23.15,23.15,23.15,23.15,36.72,36.72,36.72,36.72,38.39,38.39,38.39,38.39,25.00
United Kingdom,GBR,,,NAT_TOTAL,20220309,1.00,0,,,,,1.00,0,,1.00,0,,,,,1.00,0,,1.00,0,,,,,1.00,0,,0.00,,,,,,0.00,,,1.00,0,,,,,1.00,0,,0.00,,,,,,0.00,,,0.00,,,,,,0.00,,,,1.00,1.00,1.00,,0.00,,,1.00,,,,,,2.00,1,,2.00,,1.00,,,,0.00,,3.00,0,,,,,3.00,0,,5.00,1,,2.00,0,,,,,2.00,0,,,2,,3,,5-15 yrs,5-15 yrs,2,2,2,2,5,,0,,19373884,189014,V,72.81,23.15,23.15,23.15,23.15,36.72,36.72,36.72,36.72,38.39,38.39,38.39,38.39,25.00
United Kingdom,GBR,,,NAT_TOTAL,20220310,1.00,0,,,,,1.00,0,,1.00,0,,,,,1.00,0,,1.00,0,,,,,1.00,0,,0.00,,,,,,0.00,,,1.00,0,,,,,1.00,0,,0.00,,,,,,0.00,,,0.00,,,,,,0.00,,,,1.00,1.00,1.00,,0.00,,,1.00,,,,,,2.00,1,,2.00,,1.00,,,,0.00,,3.00,0,,,,,3.00,0,,5.00,1,,2.00,0,,,,,2.00,0,,,2,,3,,5-15 yrs,5-15 yrs,2,2,2,2,5,,0,,19457976,189128,V,72.83,23.15,23.15,23.15,23.15,36.72,36.72,36.72,36.72,38.39,38.39,38.39,38.39,25.00
United Kingdom,GBR,,,NAT_TOTAL,20220311,1.00,0,,,,,1.00,0,,1.00,0,,,,,1.00,0,,1.00,0,,,,,1.00,0,,0.00,,,,,,0.00,,,1.00,0,,,,,1.00,0,,0.00,,,,,,0.00,,,0.00,,,,,,0.00,,,,1.00,1.00,1.00,,0.00,,,1.00,,,,,,2.00,1,,2.00,,1.00,,,,0.00,,3.00,0,,,,,3.00,0,,5.00,1,,2.00,0,,,,,2.00,0,,,2,,3,,5-15 yrs,5-15 yrs,2,2,2,2,5,,0,,19530485,189249,V,72.85,23.15,23.15,23.15,23.15,36.72,36.72,36.72,36.72,38.39,38.39,38.39,38.39,25.00
United Kingdom,GBR,,,NAT_TOTAL,20220312,1.00,0,,,,,1.00,0,,1.00,0,,,,,1.00,0,,1.00,0,,,,,1.00,0,,0.00,,,,,,0.00,,,1.00,0,,,,,1.00,0,,0.00,,,,,,0.00,,,0.00,,,,,,0.00,,,,1.00,1.00,1.00,,0.00,,,1.00,,,,,,2.00,1,,2.00,,1.00,,,,0.00,,3.00,0,,,,,3.00,0,,5.00,1,,2.00,0,,,,,2.00,0,,,2,,3,,5-15 yrs,5-15 yrs,2,2,2,2,5,,0,,19530485,189370,V,72.88,23.15,23.15,23.15,23.15,36.72,36.72,36.72,36.72,38.39,38.39,38.39,38.39,25.00
United Kingdom,GBR,,,NAT_TOTAL,20220313,1.00,0,,,,,1.00,0,,1.00,0,,,,,1.00,0,,1.00,0,,,,,1.00,0,,0.00,,,,,,0.00,,,1.00,0,,,,,1.00,0,,0.00,,,,,,0.00,,,0.00,,,,,,0.00,,,,1.00,1.00,1.00,,0.00,,,1.00,,,,,,2.00,1,,2.00,,1.00,,,,0.00,,3.00,0,,,,,3.00,0,,5.00,1,,2.00,0,,,,,2.00,0,,,2,,3,,5-15 yrs,5-15 yrs,2,2,2,2,5,,0,,19530485,189481,V,72.89,23.15,23.15,23.15,23.15,36.72,36.72,36.72,36.72,38.39,38.39,38.39,38.39,25.00
United Kingdom,GBR,,,NAT_TOTAL,20220314,1.00,0,,,,,1.00,0,,1.00,0,,,,,1.00,0,,1.00,0,,,,,1.00,0,,0.00,,,,,,0.00,,,1.00,0,,,,,1.00,0,,0.00,,,,,,0.00,,,0.00,,,,,,0.00,,,,1.00,1.00,1.00,,0.00,,,1.00,,,,,,2.00,1,,2.00,,1.00,,,,0.00,,3.00,0,,,,,3.00,0,,5.00,1,,2.00,0,,,,,2.00,0,,,2,,3,,5-15 yrs,5-15 yrs,2,2,2,2,5,,0,,19700952,189622,V,72.92,23.15,23.15,23.15,23.15,36.72,36.72,36.72,36.72,38.39,38.39,38.39,38.39,25.00
United Kingdom,GBR,,,NAT_TOTAL,20220315,1.00,0,,,,,1.00,0,,1.00,0,,,,,1.00,0,,1.00,0,,,,,1.00,0,,0.00,,,,,,0.00,,,1.00,0,,,,,1.00,0,,0.00,,,,,,0.00,,,0.00,,,,,,0.00,,,,1.00,1.00,1.00,,0.00,,,1.00,,,,,,2.00,1,,2.00,,1.00,,,,0.00,,3.00,0,,,,,3.00,0,"In Scotland- Rules making mask-wearing in indoor public spaces like trains and buses may remain for longer than expected.    The First Minister had planned to drop the mask mandate at the end of March but the Health Secretary told the BBC today ministers would be considering whether to delay because of rising numbers of Covid cases.    https://archive.ph/qKOwC",5.00,1,,2.00,0,,,,,2.00,0,,,2,,3,,5-15 yrs,5-15 yrs,2,2,2,2,5,,0,,19820181,189743,V,72.94,23.15,23.15,23.15,23.15,36.72,36.72,36.72,36.72,38.39,38.39,38.39,38.39,25.00
United Kingdom,GBR,,,NAT_TOTAL,20220316,1.00,0,,,,,1.00,0,,1.00,0,,,,,1.00,0,,1.00,0,,,,,1.00,0,,0.00,,,,,,0.00,,,1.00,0,,,,,1.00,0,,0.00,,,,,,0.00,,,0.00,,,,,,0.00,,,,1.00,1.00,1.00,,0.00,,,1.00,,,,,,2.00,1,,2.00,,1.00,,,,0.00,,3.00,0,,,,,3.00,0,,5.00,1,,2.00,0,,,,,2.00,0,,,2,,3,,5-15 yrs,5-15 yrs,2,2,2,2,5,,0,,19911155,189889,V,72.96,23.15,23.15,23.15,23.15,36.72,36.72,36.72,36.72,38.39,38.39,38.39,38.39,25.00
United Kingdom,GBR,,,NAT_TOTAL,20220317,1.00,0,,,,,1.00,0,,1.00,0,,,,,1.00,0,,1.00,0,,,,,1.00,0,,0.00,,,,,,0.00,,,1.00,0,,,,,1.00,0,,0.00,,,,,,0.00,,,0.00,,,,,,0.00,,,,1.00,1.00,1.00,,0.00,,,1.00,,,,,,2.00,1,,2.00,,1.00,,,,0.00,,3.00,0,,,,,3.00,0,,5.00,1,,2.00,0,,,,,2.00,0,,,2,,3,,5-15 yrs,5-15 yrs,2,2,2,2,5,,0,,20001627,190027,V,72.98,23.15,23.15,23.15,23.15,36.72,36.72,36.72,36.72,38.39,38.39,38.39,38.39,25.00
United Kingdom,GBR,,,NAT_TOTAL,20220318,1.00,0,,,,,1.00,0,,1.00,0,,,,,1.00,0,,1.00,0,,,,,1.00,0,,0.00,,,,,,0.00,,,1.00,0,,,,,1.00,0,,0.00,,,,,,0.00,,,0.00,,,,,,0.00,,,0.00,,,0.00,"The government will remove the remaining COVID-19 international travel restrictions for all passengers from 4am Friday 18 March.    http://web.archive.org/web/20220325140939/https://www.gov.uk/government/news/all-covid-19-travel-restrictions-removed-in-the-uk",0.00,,,1.00,,,,,,2.00,1,,2.00,,1.00,,,,0.00,,3.00,0,,,,,3.00,0,,5.00,1,,2.00,0,,,,,2.00,0,,,2,,3,,5-15 yrs,5-15 yrs,2,2,2,2,5,,0,,20093762,190197,V,73.00,20.37,20.37,20.37,20.37,35.16,35.16,35.16,35.16,36.61,36.61,36.61,36.61,25.00
United Kingdom,GBR,,,NAT_TOTAL,20220319,1.00,0,,,,,1.00,0,,1.00,0,,,,,1.00,0,,1.00,0,,,,,1.00,0,,0.00,,,,,,0.00,,,1.00,0,,,,,1.00,0,,0.00,,,,,,0.00,,,0.00,,,,,,0.00,,,0.00,,,0.00,,0.00,,,1.00,,,,,,2.00,1,,2.00,,1.00,,,,0.00,,3.00,0,,,,,3.00,0,,5.00,1,,2.00,0,,,,,2.00,0,,,2,,3,,5-15 yrs,5-15 yrs,2,2,2,2,5,,0,,20093762,190362,V,73.03,20.37,20.37,20.37,20.37,35.16,35.16,35.16,35.16,36.61,36.61,36.61,36.61,25.00
United Kingdom,GBR,,,NAT_TOTAL,20220320,1.00,0,,,,,1.00,0,,1.00,0,,,,,1.00,0,,1.00,0,,,,,1.00,0,,0.00,,,,,,0.00,,,1.00,0,,,,,1.00,0,,0.00,,,,,,0.00,,,0.00,,,,,,0.00,,,0.00,,,0.00,,0.00,,,1.00,,,,,,2.00,1,,2.00,,1.00,,,,0.00,,3.00,0,,,,,3.00,0,,5.00,1,,2.00,0,,,,,2.00,0,,,2,,3,,5-15 yrs,5-15 yrs,2,2,2,2,5,,0,,20093762,190536,V,73.05,20.37,20.37,20.37,20.37,35.16,35.16,35.16,35.16,36.61,36.61,36.61,36.61,25.00
United Kingdom,GBR,,,NAT_TOTAL,20220321,1.00,0,,,,,1.00,0,,1.00,0,,,,,1.00,0,,1.00,0,,,,,1.00,0,,0.00,,,,,,0.00,,,1.00,0,,,,,1.00,0,,0.00,,,,,,0.00,,,0.00,,,,,,0.00,,,0.00,,,0.00,,0.00,,,1.00,,,,,,2.00,1,,2.00,,1.00,,,,0.00,,3.00,0,,,,,3.00,0,,5.00,1,,2.00,0,,,,,2.00,0,,,2,,3,,5-15 yrs,5-15 yrs,2,2,2,2,5,,0,,20319434,190697,V,73.06,20.37,20.37,20.37,20.37,35.16,35.16,35.16,35.16,36.61,36.61,36.61,36.61,25.00
United Kingdom,GBR,,,NAT_TOTAL,20220322,1.00,0,,,,,1.00,0,,1.00,0,,,,,1.00,0,,1.00,0,,,,,1.00,0,,0.00,,,,,,0.00,,,1.00,0,,,,,1.00,0,,0.00,,,,,,0.00,,,0.00,,,,,,0.00,,,0.00,,,0.00,,0.00,,,1.00,,,,,,2.00,1,,2.00,,1.00,,,,0.00,,3.00,0,,,,,3.00,0,,5.00,1,,2.00,0,,,,,2.00,0,,,2,,3,,5-15 yrs,5-15 yrs,2,2,2,2,5,,0,,20413731,190864,V,73.08,20.37,20.37,20.37,20.37,35.16,35.16,35.16,35.16,36.61,36.61,36.61,36.61,25.00
United Kingdom,GBR,,,NAT_TOTAL,20220323,1.00,0,,,,,1.00,0,,1.00,0,,,,,1.00,0,,1.00,0,,,,,1.00,0,,0.00,,,,,,0.00,,,1.00,0,,,,,1.00,0,,0.00,,,,,,0.00,,,0.00,,,,,,0.00,,,0.00,,,0.00,,0.00,,,1.00,,,,,,2.00,1,,2.00,,1.00,,,,0.00,,3.00,0,,,,,3.00,0,,5.00,1,,2.00,0,,,,,2.00,0,,,2,,3,,5-15 yrs,5-15 yrs,2,2,2,2,5,,0,,20515998,191022,V,73.09,20.37,20.37,20.37,20.37,35.16,35.16,35.16,35.16,36.61,36.61,36.61,36.61,25.00
United Kingdom,GBR,,,NAT_TOTAL,20220324,1.00,0,,,,,1.00,0,,1.00,0,,,,,1.00,0,,1.00,0,,,,,1.00,0,,0.00,,,,,,0.00,,,1.00,0,,,,,1.00,0,,0.00,,,,,,0.00,,,0.00,,,,,,0.00,,,0.00,,,0.00,,0.00,,,1.00,,,,,,2.00,1,,2.00,,1.00,,,,0.00,,3.00,0,,,,,3.00,0,,5.00,1,,2.00,0,,,,,2.00,0,,,2,,3,,5-15 yrs,5-15 yrs,2,2,2,2,5,,0,,20613817,191186,V,73.11,20.37,20.37,20.37,20.37,35.16,35.16,35.16,35.16,36.61,36.61,36.61,36.61,25.00
United Kingdom,GBR,,,NAT_TOTAL,20220325,1.00,0,,,,,1.00,0,,1.00,0,,,,,1.00,0,,1.00,0,,,,,1.00,0,,0.00,,,,,,0.00,,,1.00,0,,,,,1.00,0,,0.00,,,,,,0.00,,,0.00,,,,,,0.00,,,0.00,,,0.00,,0.00,,,1.00,,,,,,2.00,1,,2.00,,1.00,,,,0.00,,3.00,0,,,,,3.00,0,,5.00,1,,2.00,0,,,,,2.00,0,,,2,,3,,5-15 yrs,5-15 yrs,2,2,2,2,5,,0,,20691123,191367,V,73.13,20.37,20.37,20.37,20.37,35.16,35.16,35.16,35.16,36.61,36.61,36.61,36.61,25.00
United Kingdom,GBR,,,NAT_TOTAL,20220326,1.00,0,,,,,1.00,0,,1.00,0,,,,,1.00,0,,1.00,0,,,,,1.00,0,,0.00,,,,,,0.00,,,1.00,0,,,,,1.00,0,,0.00,,,,,,0.00,,,0.00,,,,,,0.00,,,0.00,,,0.00,,0.00,,,1.00,,,,,,2.00,1,,2.00,,1.00,,,,0.00,,3.00,0,,,,,3.00,0,,5.00,1,,2.00,0,,,,,2.00,0,,,2,,3,,5-15 yrs,5-15 yrs,2,2,2,2,5,,0,,20691123,191529,V,73.15,20.37,20.37,20.37,20.37,35.16,35.16,35.16,35.16,36.61,36.61,36.61,36.61,25.00
United Kingdom,GBR,,,NAT_TOTAL,20220327,1.00,0,,,,,1.00,0,,1.00,0,,,,,1.00,0,,1.00,0,,,,,1.00,0,,0.00,,,,,,0.00,,,1.00,0,,,,,1.00,0,,0.00,,,,,,0.00,,,0.00,,,,,,0.00,,,0.00,,,0.00,,0.00,,,1.00,,,,,,2.00,1,,2.00,,1.00,,,,0.00,,3.00,0,,,,,3.00,0,,5.00,1,,2.00,0,,,,,2.00,0,,,2,,3,,5-15 yrs,5-15 yrs,2,2,2,2,5,,0,,20691123,191687,V,73.17,20.37,20.37,20.37,20.37,35.16,35.16,35.16,35.16,36.61,36.61,36.61,36.61,25.00
United Kingdom,GBR,,,NAT_TOTAL,20220328,1.00,0,,,,,1.00,0,,1.00,0,,,,,1.00,0,,1.00,0,,,,,1.00,0,,0.00,,,,,,0.00,,,1.00,0,,,,,1.00,0,,0.00,,,,,,0.00,,,0.00,,,,,,0.00,,,0.00,,,0.00,,0.00,,,1.00,,,,,,2.00,1,,2.00,,1.00,,,,0.00,,3.00,0,,,,,3.00,0,,5.00,1,,2.00,0,,,,,2.00,0,,,2,,3,,5-15 yrs,5-15 yrs,2,2,2,2,5,,0,,20905515,191863,V,73.18,20.37,20.37,20.37,20.37,35.16,35.16,35.16,35.16,36.61,36.61,36.61,36.61,25.00
United Kingdom,GBR,,,NAT_TOTAL,20220329,1.00,0,,,,,1.00,0,,1.00,0,,,,,1.00,0,,1.00,0,,,,,1.00,0,,0.00,,,,,,0.00,,,1.00,0,,,,,1.00,0,,0.00,,,,,,0.00,,,0.00,,,,,,0.00,,,0.00,,,0.00,,0.00,,,1.00,,,,,,2.00,1,,2.00,,1.00,,,,0.00,,3.00,0,,,,,3.00,0,,5.00,1,,2.00,0,,,,,2.00,0,,,2,,3,,5-15 yrs,5-15 yrs,2,2,2,2,5,,0,,20986171,192058,V,73.20,20.37,20.37,20.37,20.37,35.16,35.16,35.16,35.16,36.61,36.61,36.61,36.61,25.00
United Kingdom,GBR,,,NAT_TOTAL,20220330,1.00,0,,,,,1.00,0,,1.00,0,,,,,1.00,0,,1.00,0,,,,,1.00,0,,0.00,,,,,,0.00,,,1.00,0,,,,,1.00,0,,0.00,,,,,,0.00,,,0.00,,,,,,0.00,,,0.00,,,0.00,,0.00,,,1.00,,,,,,2.00,1,,2.00,,1.00,,,,0.00,,3.00,0,,,,,3.00,0,,5.00,1,,2.00,0,,,,,2.00,0,,,2,,3,,5-15 yrs,5-15 yrs,2,2,2,2,5,,0,,21073009,192238,V,73.22,20.37,20.37,20.37,20.37,35.16,35.16,35.16,35.16,36.61,36.61,36.61,36.61,25.00
United Kingdom,GBR,,,NAT_TOTAL,20220331,1.00,0,,,,,1.00,0,,1.00,0,,,,,1.00,0,,1.00,0,,,,,1.00,0,,0.00,,,,,,0.00,,,1.00,0,,,,,1.00,0,,0.00,,,,,,0.00,,,0.00,,,,,,0.00,,,0.00,,,0.00,,0.00,,,1.00,,,,,,2.00,1,,2.00,,1.00,,,,0.00,,3.00,0,,,,,3.00,0,,5.00,1,,2.00,0,,,,,2.00,0,,,2,,3,,5-15 yrs,5-15 yrs,2,2,2,2,5,,0,,21147425,192430,V,73.24,20.37,20.37,20.37,20.37,35.16,35.16,35.16,35.16,36.61,36.61,36.61,36.61,25.00
United Kingdom,GBR,,,NAT_TOTAL,20220401,1.00,0,,,,,1.00,0,,1.00,0,,,,,1.00,0,,1.00,0,,,,,1.00,0,,0.00,,,,,,0.00,,,1.00,0,,,,,1.00,0,,0.00,,,,,,0.00,,,0.00,,,,,,0.00,,,0.00,,,0.00,,0.00,,,1.00,,,,,,2.00,1,,2.00,,1.00,,,,0.00,,3.00,0,,,,,3.00,0,,5.00,1,,2.00,0,,,,,2.00,0,,,2,"*GOV education) The COVID-19 vaccine is still available to anyone aged 12-15 (updated: 26 April 2022)  -From 1st April the in-school COVID-19 vaccination programme will come to an end. However, 12 to 15 year olds will still be able to access the vaccine outside of schools at a vaccination centre, pharmacy or walk-in centre.  -The parents and carers of almost five million 5 to 11 year olds are now able to book a COVID-19 vaccination.  -The NHS has already been vaccinating children under 12 who have medical conditions that put them at increased risk from COVID-19 or who live with someone with a weakened immune system. Now the NHS is making the vaccine available for all 5 to 11s following updated JCVI guidance    https://web.archive.org/web/20230205104118/https://educationhub.blog.gov.uk/2022/04/26/the-covid-19-vaccine-is-still-available-to-anyone-aged-12-15/",3,,5-15 yrs,5-15 yrs,2,2,2,2,5,,0,,21216874,192634,V,73.25,20.37,20.37,20.37,20.37,35.16,35.16,35.16,35.16,36.61,36.61,36.61,36.61,25.00
United Kingdom,GBR,,,NAT_TOTAL,20220402,1.00,0,,,,,1.00,0,,1.00,0,,,,,1.00,0,,1.00,0,,,,,1.00,0,,0.00,,,,,,0.00,,,1.00,0,,,,,1.00,0,,0.00,,,,,,0.00,,,0.00,,,,,,0.00,,,0.00,,,0.00,,0.00,,,1.00,,,,,,2.00,1,,2.00,,1.00,,,,0.00,,3.00,0,,,,,3.00,0,,5.00,1,,2.00,0,,,,,2.00,0,,,2,,3,,5-15 yrs,5-15 yrs,2,2,2,2,5,,0,,21216874,192824,V,73.28,20.37,20.37,20.37,20.37,35.16,35.16,35.16,35.16,36.61,36.61,36.61,36.61,25.00
United Kingdom,GBR,,,NAT_TOTAL,20220403,1.00,0,,,,,1.00,0,,1.00,0,,,,,1.00,0,,1.00,0,,,,,1.00,0,,0.00,,,,,,0.00,,,1.00,0,,,,,1.00,0,,0.00,,,,,,0.00,,,0.00,,,,,,0.00,,,0.00,,,0.00,,0.00,,,1.00,,,,,,2.00,1,,2.00,,1.00,,,,0.00,,3.00,0,,,,,3.00,0,,5.00,1,,2.00,0,,,,,2.00,0,,,2,,3,,5-15 yrs,5-15 yrs,2,2,2,2,5,,0,,21216874,193013,V,73.29,20.37,20.37,20.37,20.37,35.16,35.16,35.16,35.16,36.61,36.61,36.61,36.61,25.00
United Kingdom,GBR,,,NAT_TOTAL,20220404,1.00,0,,,,,1.00,0,,1.00,0,,,,,1.00,0,,1.00,0,,,,,1.00,0,,0.00,,,,,,0.00,,,1.00,0,,,,,1.00,0,,0.00,,,,,,0.00,,,0.00,,,,,,0.00,,,0.00,,,0.00,,0.00,,,1.00,,,,,,2.00,1,,2.00,,1.00,,,,0.00,,3.00,0,,,,,3.00,0,,5.00,1,,2.00,0,,,,,2.00,0,,,2,,3,,5-15 yrs,5-15 yrs,2,2,2,2,5,,0,,21359681,193188,V,73.31,20.37,20.37,20.37,20.37,35.16,35.16,35.16,35.16,36.61,36.61,36.61,36.61,25.00
United Kingdom,GBR,,,NAT_TOTAL,20220405,1.00,0,,,,,1.00,0,,1.00,0,,,,,1.00,0,,1.00,0,,,,,1.00,0,,0.00,,,,,,0.00,,,1.00,0,,,,,1.00,0,,0.00,,,,,,0.00,,,0.00,,,,,,0.00,,,0.00,,,0.00,,0.00,,,1.00,,,,,,2.00,1,,2.00,,1.00,,,,0.00,,3.00,0,,,,,3.00,0,,5.00,1,,2.00,0,,,,,2.00,0,,,2,,3,,5-15 yrs,5-15 yrs,2,2,2,2,5,,0,,21410305,193389,V,73.32,20.37,20.37,20.37,20.37,35.16,35.16,35.16,35.16,36.61,36.61,36.61,36.61,25.00
United Kingdom,GBR,,,NAT_TOTAL,20220406,1.00,0,,,,,1.00,0,,1.00,0,,,,,1.00,0,,1.00,0,,,,,1.00,0,,0.00,,,,,,0.00,,,1.00,0,,,,,1.00,0,,0.00,,,,,,0.00,,,0.00,,,,,,0.00,,,0.00,,,0.00,,0.00,,,1.00,,,,,,2.00,1,,2.00,,1.00,,,,0.00,,3.00,0,,,,,3.00,0,,5.00,1,,2.00,0,,,,,2.00,0,,,2,,3,,5-15 yrs,5-15 yrs,2,2,2,2,5,,0,,21461556,193584,V,73.34,20.37,20.37,20.37,20.37,35.16,35.16,35.16,35.16,36.61,36.61,36.61,36.61,25.00
United Kingdom,GBR,,,NAT_TOTAL,20220407,1.00,0,,,,,1.00,0,,1.00,0,,,,,1.00,0,,1.00,0,,,,,1.00,0,,0.00,,,,,,0.00,,,1.00,0,,,,,1.00,0,,0.00,,,,,,0.00,,,0.00,,,,,,0.00,,,0.00,,,0.00,,0.00,,,1.00,,,,,,2.00,1,,2.00,,1.00,,,,0.00,,3.00,0,,,,,3.00,0,,5.00,1,,2.00,0,,,,,2.00,0,,,2,,3,,5-15 yrs,5-15 yrs,2,2,2,2,5,,0,,21508546,193815,V,73.35,20.37,20.37,20.37,20.37,35.16,35.16,35.16,35.16,36.61,36.61,36.61,36.61,25.00
United Kingdom,GBR,,,NAT_TOTAL,20220408,1.00,0,,,,,1.00,0,,1.00,0,,,,,1.00,0,,1.00,0,,,,,1.00,0,,0.00,,,,,,0.00,,,1.00,0,,,,,1.00,0,,0.00,,,,,,0.00,,,0.00,,,,,,0.00,,,0.00,,,0.00,,0.00,,,1.00,,,,,,2.00,1,,2.00,,1.00,,,,0.00,,3.00,0,,,,,3.00,0,,5.00,1,,2.00,0,,,,,2.00,0,,,2,,3,,5-15 yrs,5-15 yrs,2,2,2,2,5,,0,,21549830,194052,V,73.37,20.37,20.37,20.37,20.37,35.16,35.16,35.16,35.16,36.61,36.61,36.61,36.61,25.00
United Kingdom,GBR,,,NAT_TOTAL,20220409,1.00,0,,,,,1.00,0,,1.00,0,,,,,1.00,0,,1.00,0,,,,,1.00,0,,0.00,,,,,,0.00,,,1.00,0,,,,,1.00,0,,0.00,,,,,,0.00,,,0.00,,,,,,0.00,,,0.00,,,0.00,,0.00,,,1.00,,,,,,2.00,1,,2.00,,1.00,,,,0.00,,3.00,0,,,,,3.00,0,,5.00,1,,2.00,0,,,,,2.00,0,"In Northern Ireland     The Western Trust will continue with visiting to hospital sites allowing for one visit, for one hour per day per patient. Exceptions will also continue to apply in some areas. All temporary visiting restrictions will be reviewed again on Monday 25 April 2022 and an update will follow as the Trust plan to implement a phased return to full visiting arrangements across all health care facilities in the months ahead.    http://web.archive.org/web/20220420093557/https://westerntrust.hscni.net/western-trust-covid-19-information-updates/western-trust-covid19-visiting-guidance/",,2,,3,,5-15 yrs,5-15 yrs,2,2,2,2,5,,0,,21549830,194225,V,73.39,20.37,20.37,20.37,20.37,35.16,35.16,35.16,35.16,36.61,36.61,36.61,36.61,25.00
United Kingdom,GBR,,,NAT_TOTAL,20220410,1.00,0,,,,,1.00,0,,1.00,0,,,,,1.00,0,,1.00,0,,,,,1.00,0,,0.00,,,,,,0.00,,,1.00,0,,,,,1.00,0,,0.00,,,,,,0.00,,,0.00,,,,,,0.00,,,0.00,,,0.00,,0.00,,,1.00,,,,,,2.00,1,,2.00,,1.00,,,,0.00,,3.00,0,,,,,3.00,0,,5.00,1,,2.00,0,,,,,2.00,0,,,2,,3,,5-15 yrs,5-15 yrs,2,2,2,2,5,,0,,21549830,194422,V,73.41,20.37,20.37,20.37,20.37,35.16,35.16,35.16,35.16,36.61,36.61,36.61,36.61,25.00
United Kingdom,GBR,,,NAT_TOTAL,20220411,1.00,0,,,,,1.00,0,,1.00,0,,,,,1.00,0,,1.00,0,,,,,1.00,0,,0.00,,,,,,0.00,,,1.00,0,,,,,1.00,0,,0.00,,,,,,0.00,,,0.00,,,,,,0.00,,,0.00,,,0.00,,0.00,,,1.00,,,,,,2.00,1,,2.00,,1.00,,,,0.00,,3.00,0,,,,,3.00,0,,5.00,1,,2.00,0,,,,,2.00,0,,,2,,3,,5-15 yrs,5-15 yrs,2,2,2,2,5,,0,,21641004,194607,V,73.43,20.37,20.37,20.37,20.37,35.16,35.16,35.16,35.16,36.61,36.61,36.61,36.61,25.00
United Kingdom,GBR,,,NAT_TOTAL,20220412,1.00,0,,,,,1.00,0,,1.00,0,,,,,1.00,0,,1.00,0,,,,,1.00,0,,0.00,,,,,,0.00,,,1.00,0,,,,,1.00,0,,0.00,,,,,,0.00,,,0.00,,,,,,0.00,,,0.00,,,0.00,,0.00,,,1.00,,,,,,2.00,1,,2.00,,1.00,,,,0.00,,3.00,0,,,,,3.00,0,,5.00,1,,2.00,0,,,,,2.00,0,,,2,,3,,5-15 yrs,5-15 yrs,2,2,2,2,5,,0,,21679280,194805,V,73.44,20.37,20.37,20.37,20.37,35.16,35.16,35.16,35.16,36.61,36.61,36.61,36.61,25.00
United Kingdom,GBR,,,NAT_TOTAL,20220413,1.00,0,,,,,1.00,0,,1.00,0,,,,,1.00,0,,1.00,0,,,,,1.00,0,,0.00,,,,,,0.00,,,1.00,0,,,,,1.00,0,,0.00,,,,,,0.00,,,0.00,,,,,,0.00,,,0.00,,,0.00,,0.00,,,1.00,,,,,,2.00,1,,2.00,,1.00,,,,0.00,,3.00,0,,,,,3.00,0,,5.00,1,,2.00,0,,,,,2.00,0,,,2,,3,,5-15 yrs,5-15 yrs,2,2,2,2,5,,0,,21715116,195025,V,73.46,20.37,20.37,20.37,20.37,35.16,35.16,35.16,35.16,36.61,36.61,36.61,36.61,25.00
United Kingdom,GBR,,,NAT_TOTAL,20220414,1.00,0,,,,,1.00,0,,1.00,0,,,,,1.00,0,,1.00,0,,,,,1.00,0,,0.00,,,,,,0.00,,,1.00,0,,,,,1.00,0,,0.00,,,,,,0.00,,,0.00,,,,,,0.00,,,0.00,,,0.00,,0.00,,,1.00,,,,,,2.00,1,,2.00,,1.00,,,,0.00,,3.00,0,,,,,3.00,0,,5.00,1,,2.00,0,,,,,2.00,0,,,2,,3,,5-15 yrs,5-15 yrs,2,2,2,2,5,,0,,21747638,195216,V,73.48,20.37,20.37,20.37,20.37,35.16,35.16,35.16,35.16,36.61,36.61,36.61,36.61,25.00
United Kingdom,GBR,,,NAT_TOTAL,20220415,1.00,0,,,,,1.00,0,,1.00,0,,,,,1.00,0,,1.00,0,,,,,1.00,0,,0.00,,,,,,0.00,,,1.00,0,,,,,1.00,0,,0.00,,,,,,0.00,,,0.00,,,,,,0.00,,,0.00,,,0.00,,0.00,,,1.00,,,,,,2.00,1,,2.00,,1.00,,,,0.00,,3.00,0,,,,,3.00,0,,5.00,1,,2.00,0,,,,,2.00,0,,,2,,3,,5-15 yrs,5-15 yrs,2,2,2,2,5,,0,,21747638,195386,V,73.49,20.37,20.37,20.37,20.37,35.16,35.16,35.16,35.16,36.61,36.61,36.61,36.61,25.00
United Kingdom,GBR,,,NAT_TOTAL,20220416,1.00,0,,,,,1.00,0,,1.00,0,,,,,1.00,0,,1.00,0,,,,,1.00,0,,0.00,,,,,,0.00,,,1.00,0,,,,,1.00,0,,0.00,,,,,,0.00,,,0.00,,,,,,0.00,,,0.00,,,0.00,,0.00,,,1.00,,,,,,2.00,1,,2.00,,1.00,,,,0.00,,3.00,0,,,,,3.00,0,,5.00,1,,2.00,0,,,,,2.00,0,,,2,,3,,5-15 yrs,5-15 yrs,2,2,2,2,5,,0,,21747638,195550,V,73.51,20.37,20.37,20.37,20.37,35.16,35.16,35.16,35.16,36.61,36.61,36.61,36.61,25.00
United Kingdom,GBR,,,NAT_TOTAL,20220417,1.00,0,,,,,1.00,0,,1.00,0,,,,,1.00,0,,1.00,0,,,,,1.00,0,,0.00,,,,,,0.00,,,1.00,0,,,,,1.00,0,,0.00,,,,,,0.00,,,0.00,,,,,,0.00,,,0.00,,,0.00,,0.00,,,1.00,,,,,,2.00,1,,2.00,,1.00,,,,0.00,,3.00,0,,,,,3.00,0,,5.00,1,,2.00,0,,,,,2.00,0,,,2,,3,,5-15 yrs,5-15 yrs,2,2,2,2,5,,0,,21747638,195711,V,73.51,20.37,20.37,20.37,20.37,35.16,35.16,35.16,35.16,36.61,36.61,36.61,36.61,25.00
United Kingdom,GBR,,,NAT_TOTAL,20220418,1.00,0,,,,,1.00,0,,0.00,,,,,,0.00,,"No legal requirements to wear face coverings in Scotland as of 18 April 2022    http://web.archive.org/web/20220420083606/https://www.gov.scot/coronavirus-covid-19/",0.00,,,,,,0.00,,"No legal requirements to wear face coverings in Scotland as of 18 April 2022    http://web.archive.org/web/20220420083606/https://www.gov.scot/coronavirus-covid-19/",0.00,,,,,,0.00,,"No legal requirements to wear face coverings in Scotland as of 18 April 2022    http://web.archive.org/web/20220420083606/https://www.gov.scot/coronavirus-covid-19/",0.00,,,,,,0.00,,"No legal requirements to wear face coverings in Scotland as of 18 April 2022    http://web.archive.org/web/20220420083606/https://www.gov.scot/coronavirus-covid-19/",0.00,,,,,,0.00,,,0.00,,,,,,0.00,,,0.00,,,0.00,,0.00,,,1.00,,,,,,2.00,1,,2.00,,1.00,,,,0.00,,1.00,0,,,,,1.00,0,"In Scotland No legal requirements to wear face coverings as of 18 April 2022, but recommendation still in place on government website so recorded as a 1    http://web.archive.org/web/20220420083606/https://www.gov.scot/coronavirus-covid-19/",5.00,1,,2.00,0,,,,,2.00,0,,,2,,3,,5-15 yrs,5-15 yrs,2,2,2,2,5,,0,,21747638,195883,V,73.52,12.96,12.96,12.96,12.96,27.86,27.86,27.86,27.86,28.27,28.27,28.27,28.27,25.00
United Kingdom,GBR,,,NAT_TOTAL,20220419,0.00,,,,,,0.00,,"All remaining operational restrictions in schools in Scotland end on 18 April meaning from 19 April all devolved nations at a 0 code, hence overall GBR coding of 0    As of this date only very limited operational changes remain http://web.archive.org/web/20220325230056/https://www.gov.scot/publications/coronavirus-covid-19-guidance-on-reducing-the-risks-in-schools/pages/ventilation-and-heating/  ",0.00,,,,,,0.00,,,0.00,,,,,,0.00,,,0.00,,,,,,0.00,,,0.00,,,,,,0.00,,,0.00,,,,,,0.00,,,0.00,,,,,,0.00,,,0.00,,,0.00,,0.00,,,1.00,,,,,,2.00,1,,2.00,,1.00,,,,0.00,,1.00,0,,,,,1.00,0,,5.00,1,,2.00,0,,,,,2.00,0,,,2,,3,,5-15 yrs,5-15 yrs,2,2,2,2,5,,0,,21863944,196040,V,73.53,11.11,11.11,11.11,11.11,26.82,26.82,26.82,26.82,27.08,27.08,27.08,27.08,25.00
United Kingdom,GBR,,,NAT_TOTAL,20220420,0.00,,,,,,0.00,,,0.00,,,,,,0.00,,,0.00,,,,,,0.00,,,0.00,,,,,,0.00,,,0.00,,,,,,0.00,,,0.00,,,,,,0.00,,,0.00,,,,,,0.00,,,0.00,,,0.00,,0.00,,,1.00,,,,,,2.00,1,,2.00,,1.00,,,,0.00,,1.00,0,,,,,1.00,0,,5.00,1,,2.00,0,,,,,2.00,0,,,2,,3,,5-15 yrs,5-15 yrs,2,2,2,2,5,,0,,21890037,196200,V,73.55,11.11,11.11,11.11,11.11,26.82,26.82,26.82,26.82,27.08,27.08,27.08,27.08,25.00
United Kingdom,GBR,,,NAT_TOTAL,20220421,0.00,,,,,,0.00,,,0.00,,,,,,0.00,,,0.00,,,,,,0.00,,,0.00,,,,,,0.00,,,0.00,,,,,,0.00,,,0.00,,,,,,0.00,,,0.00,,,,,,0.00,,,0.00,,,0.00,,0.00,,,1.00,,,,,,2.00,1,,2.00,,1.00,,,,0.00,,1.00,0,,,,,1.00,0,,5.00,1,,2.00,0,,,,,2.00,0,,,2,,3,,5-15 yrs,5-15 yrs,2,2,2,2,5,,0,,21909509,196361,V,73.56,11.11,11.11,11.11,11.11,26.82,26.82,26.82,26.82,27.08,27.08,27.08,27.08,25.00
United Kingdom,GBR,,,NAT_TOTAL,20220422,0.00,,,,,,0.00,,,0.00,,,,,,0.00,,,0.00,,,,,,0.00,,,0.00,,,,,,0.00,,,0.00,,,,,,0.00,,,0.00,,,,,,0.00,,,0.00,,,,,,0.00,,,0.00,,,0.00,,0.00,,,1.00,,,,,,2.00,1,,2.00,,1.00,,,,0.00,,1.00,0,,,,,1.00,0,,5.00,1,,2.00,0,,,,,2.00,0,,,2,,3,,5-15 yrs,5-15 yrs,2,2,2,2,5,,0,,21933206,196514,V,73.58,11.11,11.11,11.11,11.11,26.82,26.82,26.82,26.82,27.08,27.08,27.08,27.08,25.00
United Kingdom,GBR,,,NAT_TOTAL,20220423,0.00,,,,,,0.00,,,0.00,,,,,,0.00,,,0.00,,,,,,0.00,,,0.00,,,,,,0.00,,,0.00,,,,,,0.00,,,0.00,,,,,,0.00,,,0.00,,,,,,0.00,,,0.00,,,0.00,,0.00,,,1.00,,,,,,2.00,1,,2.00,,1.00,,,,0.00,,1.00,0,,,,,1.00,0,,5.00,1,,2.00,0,,,,,2.00,0,,,2,,3,,5-15 yrs,5-15 yrs,2,2,2,2,5,,0,,21933206,196659,V,73.60,11.11,11.11,11.11,11.11,26.82,26.82,26.82,26.82,27.08,27.08,27.08,27.08,25.00
United Kingdom,GBR,,,NAT_TOTAL,20220424,0.00,,,,,,0.00,,,0.00,,,,,,0.00,,,0.00,,,,,,0.00,,,0.00,,,,,,0.00,,,0.00,,,,,,0.00,,,0.00,,,,,,0.00,,,0.00,,,,,,0.00,,,0.00,,,0.00,,0.00,,,1.00,,,,,,2.00,1,,2.00,,1.00,,,,0.00,,1.00,0,,,,,1.00,0,,5.00,1,,2.00,0,,,,,2.00,0,,,2,,3,,5-15 yrs,5-15 yrs,2,2,2,2,5,,0,,21933206,196789,V,73.62,11.11,11.11,11.11,11.11,26.82,26.82,26.82,26.82,27.08,27.08,27.08,27.08,25.00
United Kingdom,GBR,,,NAT_TOTAL,20220425,0.00,,,,,,0.00,,,0.00,,,,,,0.00,,,0.00,,,,,,0.00,,,0.00,,,,,,0.00,,,0.00,,,,,,0.00,,,0.00,,,,,,0.00,,,0.00,,,,,,0.00,,,0.00,,,0.00,,0.00,,,1.00,,,,,,2.00,1,,2.00,,1.00,,,,0.00,,1.00,0,,,,,1.00,0,,5.00,1,,2.00,0,,,,,2.00,0,,,2,,3,,5-15 yrs,5-15 yrs,2,2,2,2,5,,0,,21978198,196918,V,73.63,11.11,11.11,11.11,11.11,26.82,26.82,26.82,26.82,27.08,27.08,27.08,27.08,25.00
United Kingdom,GBR,,,NAT_TOTAL,20220426,0.00,,,,,,0.00,,,0.00,,,,,,0.00,,,0.00,,,,,,0.00,,,0.00,,,,,,0.00,,,0.00,,,,,,0.00,,,0.00,,,,,,0.00,,,0.00,,,,,,0.00,,,0.00,,,0.00,,0.00,,,1.00,,,,,,2.00,1,,2.00,,1.00,,,,0.00,,1.00,0,,,,,1.00,0,,5.00,1,,2.00,0,,,,,2.00,0,,,2,,3,,5-15 yrs,5-15 yrs,2,2,2,2,5,,0,,21994809,197044,V,73.64,11.11,11.11,11.11,11.11,26.82,26.82,26.82,26.82,27.08,27.08,27.08,27.08,25.00
United Kingdom,GBR,,,NAT_TOTAL,20220427,0.00,,,,,,0.00,,,0.00,,,,,,0.00,,,0.00,,,,,,0.00,,,0.00,,,,,,0.00,,,0.00,,,,,,0.00,,,0.00,,,,,,0.00,,,0.00,,,,,,0.00,,,0.00,,,0.00,,0.00,,,1.00,,,,,,2.00,1,,2.00,,1.00,,,,0.00,,1.00,0,,,,,1.00,0,,5.00,1,,2.00,0,,,,,2.00,0,,,2,,3,,5-15 yrs,5-15 yrs,2,2,2,2,5,,0,,22011920,197177,V,73.65,11.11,11.11,11.11,11.11,26.82,26.82,26.82,26.82,27.08,27.08,27.08,27.08,25.00
United Kingdom,GBR,,,NAT_TOTAL,20220428,0.00,,,,,,0.00,,,0.00,,,,,,0.00,,,0.00,,,,,,0.00,,,0.00,,,,,,0.00,,,0.00,,,,,,0.00,,,0.00,,,,,,0.00,,,0.00,,,,,,0.00,,,0.00,,,0.00,,0.00,,,1.00,,,,,,2.00,1,,2.00,,1.00,,,,0.00,,1.00,0,,,,,1.00,0,,5.00,1,,2.00,0,,,,,2.00,0,,,2,,3,,5-15 yrs,5-15 yrs,2,2,2,2,5,,0,,22025925,197307,V,73.67,11.11,11.11,11.11,11.11,26.82,26.82,26.82,26.82,27.08,27.08,27.08,27.08,25.00
United Kingdom,GBR,,,NAT_TOTAL,20220429,0.00,,,,,,0.00,,,0.00,,,,,,0.00,,,0.00,,,,,,0.00,,,0.00,,,,,,0.00,,,0.00,,,,,,0.00,,,0.00,,,,,,0.00,,,0.00,,,,,,0.00,,,0.00,,,0.00,,0.00,,,1.00,,,,,,2.00,1,,2.00,,1.00,,,,0.00,,1.00,0,,,,,1.00,0,,5.00,1,,2.00,0,,,,,2.00,0,,,2,,3,,5-15 yrs,5-15 yrs,2,2,2,2,5,,0,,22038340,197415,V,73.68,11.11,11.11,11.11,11.11,26.82,26.82,26.82,26.82,27.08,27.08,27.08,27.08,25.00
United Kingdom,GBR,,,NAT_TOTAL,20220430,0.00,,,,,,0.00,,,0.00,,,,,,0.00,,,0.00,,,,,,0.00,,,0.00,,,,,,0.00,,,0.00,,,,,,0.00,,,0.00,,,,,,0.00,,,0.00,,,,,,0.00,,,0.00,,,0.00,,0.00,,,1.00,,,,,,2.00,1,,2.00,,1.00,,,,0.00,,1.00,0,,,,,1.00,0,,5.00,1,,2.00,0,,,,,2.00,0,,,2,,3,,5-15 yrs,5-15 yrs,2,2,2,2,5,,0,,22038340,197522,V,73.70,11.11,11.11,11.11,11.11,26.82,26.82,26.82,26.82,27.08,27.08,27.08,27.08,25.00
United Kingdom,GBR,,,NAT_TOTAL,20220501,0.00,,,,,,0.00,,,0.00,,,,,,0.00,,,0.00,,,,,,0.00,,,0.00,,,,,,0.00,,,0.00,,,,,,0.00,,,0.00,,,,,,0.00,,,0.00,,,,,,0.00,,,0.00,,,0.00,,0.00,,,1.00,,,,,,2.00,1,,2.00,,1.00,,,,0.00,,1.00,0,,,,,1.00,0,,5.00,1,,2.00,0,,,,,2.00,0,,,2,,3,,5-15 yrs,5-15 yrs,2,2,2,2,5,,0,,22038340,197636,V,73.71,11.11,11.11,11.11,11.11,26.82,26.82,26.82,26.82,27.08,27.08,27.08,27.08,25.00
United Kingdom,GBR,,,NAT_TOTAL,20220502,0.00,,,,,,0.00,,,0.00,,,,,,0.00,,,0.00,,,,,,0.00,,,0.00,,,,,,0.00,,,0.00,,,,,,0.00,,,0.00,,,,,,0.00,,,0.00,,,,,,0.00,,,0.00,,,0.00,,0.00,,,1.00,,,,,,2.00,1,,2.00,,1.00,,,,0.00,,1.00,0,,,,,1.00,0,,5.00,1,,2.00,0,,,,,2.00,0,,,2,,3,,5-15 yrs,5-15 yrs,2,2,2,2,5,,0,,22038340,197744,V,73.72,11.11,11.11,11.11,11.11,26.82,26.82,26.82,26.82,27.08,27.08,27.08,27.08,25.00
United Kingdom,GBR,,,NAT_TOTAL,20220503,0.00,,,,,,0.00,,,0.00,,,,,,0.00,,,0.00,,,,,,0.00,,,0.00,,,,,,0.00,,,0.00,,,,,,0.00,,,0.00,,,,,,0.00,,,0.00,,,,,,0.00,,,0.00,,,0.00,,0.00,,,1.00,,,,,,2.00,1,,2.00,,1.00,,,,0.00,,1.00,0,,,,,1.00,0,,5.00,1,,2.00,0,,,,,2.00,0,,,2,,3,,5-15 yrs,5-15 yrs,2,2,2,2,5,,0,,22073858,197851,V,73.73,11.11,11.11,11.11,11.11,26.82,26.82,26.82,26.82,27.08,27.08,27.08,27.08,25.00
United Kingdom,GBR,,,NAT_TOTAL,20220504,0.00,,,,,,0.00,,,0.00,,,,,,0.00,,,0.00,,,,,,0.00,,,0.00,,,,,,0.00,,,0.00,,,,,,0.00,,,0.00,,,,,,0.00,,,0.00,,,,,,0.00,,,0.00,,,0.00,,0.00,,,1.00,,,,,,2.00,1,,2.00,,1.00,,,,0.00,,1.00,0,,,,,1.00,0,,5.00,1,,2.00,0,,,,,2.00,0,,,2,,3,,5-15 yrs,5-15 yrs,2,2,2,2,5,,0,,22090523,197941,V,73.74,11.11,11.11,11.11,11.11,26.82,26.82,26.82,26.82,27.08,27.08,27.08,27.08,25.00
United Kingdom,GBR,,,NAT_TOTAL,20220505,0.00,,,,,,0.00,,,0.00,,,,,,0.00,,,0.00,,,,,,0.00,,,0.00,,,,,,0.00,,,0.00,,,,,,0.00,,,0.00,,,,,,0.00,,,0.00,,,,,,0.00,,,0.00,,,0.00,,0.00,,,1.00,,,,,,2.00,1,,2.00,,1.00,,,,0.00,,1.00,0,,,,,1.00,0,,5.00,1,,2.00,0,,,,,2.00,0,,,2,,3,,5-15 yrs,5-15 yrs,2,2,2,2,5,,0,,22102983,198026,V,73.75,11.11,11.11,11.11,11.11,26.82,26.82,26.82,26.82,27.08,27.08,27.08,27.08,25.00
United Kingdom,GBR,,,NAT_TOTAL,20220506,0.00,,,,,,0.00,,,0.00,,,,,,0.00,,,0.00,,,,,,0.00,,,0.00,,,,,,0.00,,,0.00,,,,,,0.00,,,0.00,,,,,,0.00,,,0.00,,,,,,0.00,,,0.00,,,0.00,,0.00,,,1.00,,,,,,2.00,1,,2.00,,1.00,,,,0.00,,1.00,0,,,,,1.00,0,,5.00,1,,2.00,0,,,,,2.00,0,,,2,,3,,5-15 yrs,5-15 yrs,2,2,2,2,5,,0,,22114034,198123,V,73.76,11.11,11.11,11.11,11.11,26.82,26.82,26.82,26.82,27.08,27.08,27.08,27.08,25.00
United Kingdom,GBR,,,NAT_TOTAL,20220507,0.00,,,,,,0.00,,,0.00,,,,,,0.00,,,0.00,,,,,,0.00,,,0.00,,,,,,0.00,,,0.00,,,,,,0.00,,,0.00,,,,,,0.00,,,0.00,,,,,,0.00,,,0.00,,,0.00,,0.00,,,1.00,,,,,,2.00,1,,2.00,,1.00,,,,0.00,,1.00,0,,,,,1.00,0,,5.00,1,,2.00,0,,,,,2.00,0,,,2,,3,,5-15 yrs,5-15 yrs,2,2,2,2,5,,0,,22114034,198226,V,73.79,11.11,11.11,11.11,11.11,26.82,26.82,26.82,26.82,27.08,27.08,27.08,27.08,25.00
United Kingdom,GBR,,,NAT_TOTAL,20220508,0.00,,,,,,0.00,,,0.00,,,,,,0.00,,,0.00,,,,,,0.00,,,0.00,,,,,,0.00,,,0.00,,,,,,0.00,,,0.00,,,,,,0.00,,,0.00,,,,,,0.00,,,0.00,,,0.00,,0.00,,,1.00,,,,,,2.00,1,,2.00,,1.00,,,,0.00,,1.00,0,,,,,1.00,0,,5.00,1,,2.00,0,,,,,2.00,0,,,2,,3,,5-15 yrs,5-15 yrs,2,2,2,2,5,,0,,22114034,198308,V,73.80,11.11,11.11,11.11,11.11,26.82,26.82,26.82,26.82,27.08,27.08,27.08,27.08,25.00
United Kingdom,GBR,,,NAT_TOTAL,20220509,0.00,,,,,,0.00,,,0.00,,,,,,0.00,,,0.00,,,,,,0.00,,,0.00,,,,,,0.00,,,0.00,,,,,,0.00,,,0.00,,,,,,0.00,,,0.00,,,,,,0.00,,,0.00,,,0.00,,0.00,,,1.00,,,,,,2.00,1,,2.00,,1.00,,,,0.00,,1.00,0,,,,,1.00,0,,5.00,1,,2.00,0,,,,,2.00,0,,,2,,3,,5-15 yrs,5-15 yrs,2,2,2,2,5,,0,,22140287,198390,V,73.81,11.11,11.11,11.11,11.11,26.82,26.82,26.82,26.82,27.08,27.08,27.08,27.08,25.00
United Kingdom,GBR,,,NAT_TOTAL,20220510,0.00,,,,,,0.00,,,0.00,,,,,,0.00,,,0.00,,,,,,0.00,,,0.00,,,,,,0.00,,,0.00,,,,,,0.00,,,0.00,,,,,,0.00,,,0.00,,,,,,0.00,,,0.00,,,0.00,,0.00,,,1.00,,,,,,2.00,1,,2.00,,1.00,,,,0.00,,1.00,0,,,,,1.00,0,,5.00,1,,2.00,0,,,,,2.00,0,,,2,,3,,5-15 yrs,5-15 yrs,2,2,2,2,5,,0,,22150700,198490,V,73.82,11.11,11.11,11.11,11.11,26.82,26.82,26.82,26.82,27.08,27.08,27.08,27.08,25.00
United Kingdom,GBR,,,NAT_TOTAL,20220511,0.00,,,,,,0.00,,,0.00,,,,,,0.00,,,0.00,,,,,,0.00,,,0.00,,,,,,0.00,,,0.00,,,,,,0.00,,,0.00,,,,,,0.00,,,0.00,,,,,,0.00,,,0.00,,,0.00,,0.00,,,1.00,,,,,,2.00,1,,2.00,,1.00,,,,0.00,,1.00,0,,,,,1.00,0,,5.00,1,,2.00,0,,,,,2.00,0,,,2,,3,,5-15 yrs,5-15 yrs,2,2,2,2,5,,0,,22158820,198569,V,73.83,11.11,11.11,11.11,11.11,26.82,26.82,26.82,26.82,27.08,27.08,27.08,27.08,25.00
United Kingdom,GBR,,,NAT_TOTAL,20220512,0.00,,,,,,0.00,,,0.00,,,,,,0.00,,,0.00,,,,,,0.00,,,0.00,,,,,,0.00,,,0.00,,,,,,0.00,,,0.00,,,,,,0.00,,,0.00,,,,,,0.00,,,0.00,,,0.00,,0.00,,,1.00,,,,,,2.00,1,,2.00,,1.00,,,,0.00,,1.00,0,,,,,1.00,0,,5.00,1,,2.00,0,,,,,2.00,0,,,2,,3,,5-15 yrs,5-15 yrs,2,2,2,2,5,,0,,22173620,198639,V,73.85,11.11,11.11,11.11,11.11,26.82,26.82,26.82,26.82,27.08,27.08,27.08,27.08,25.00
United Kingdom,GBR,,,NAT_TOTAL,20220513,0.00,,,,,,0.00,,,0.00,,,,,,0.00,,,0.00,,,,,,0.00,,,0.00,,,,,,0.00,,,0.00,,,,,,0.00,,,0.00,,,,,,0.00,,,0.00,,,,,,0.00,,,0.00,,,0.00,,0.00,,,1.00,,,,,,2.00,1,,2.00,,1.00,,,,0.00,,1.00,0,,,,,1.00,0,,5.00,1,,2.00,0,,,,,2.00,0,,,2,,3,,5-15 yrs,5-15 yrs,2,2,2,2,5,,0,,22180207,198711,V,73.86,11.11,11.11,11.11,11.11,26.82,26.82,26.82,26.82,27.08,27.08,27.08,27.08,25.00
United Kingdom,GBR,,,NAT_TOTAL,20220514,0.00,,,,,,0.00,,,0.00,,,,,,0.00,,,0.00,,,,,,0.00,,,0.00,,,,,,0.00,,,0.00,,,,,,0.00,,,0.00,,,,,,0.00,,,0.00,,,,,,0.00,,,0.00,,,0.00,,0.00,,,1.00,,,,,,2.00,1,,2.00,,1.00,,,,0.00,,1.00,0,,,,,1.00,0,,5.00,1,,2.00,0,,,,,2.00,0,,,2,,3,,5-15 yrs,5-15 yrs,2,2,2,2,5,,0,,22180207,198776,V,73.87,11.11,11.11,11.11,11.11,26.82,26.82,26.82,26.82,27.08,27.08,27.08,27.08,25.00
United Kingdom,GBR,,,NAT_TOTAL,20220515,0.00,,,,,,0.00,,,0.00,,,,,,0.00,,,0.00,,,,,,0.00,,,0.00,,,,,,0.00,,,0.00,,,,,,0.00,,,0.00,,,,,,0.00,,,0.00,,,,,,0.00,,,0.00,,,0.00,,0.00,,,1.00,,,,,,2.00,1,,2.00,,1.00,,,,0.00,,1.00,0,,,,,1.00,0,,5.00,1,,2.00,0,,,,,2.00,0,,,2,,3,,5-15 yrs,5-15 yrs,2,2,2,2,5,,0,,22180207,198849,V,73.88,11.11,11.11,11.11,11.11,26.82,26.82,26.82,26.82,27.08,27.08,27.08,27.08,25.00
United Kingdom,GBR,,,NAT_TOTAL,20220516,0.00,,,,,,0.00,,,0.00,,,,,,0.00,,,0.00,,,,,,0.00,,,0.00,,,,,,0.00,,,0.00,,,,,,0.00,,,0.00,,,,,,0.00,,,0.00,,,,,,0.00,,,0.00,,,0.00,,0.00,,,1.00,,,,,,2.00,1,,2.00,,1.00,,,,0.00,,1.00,0,,,,,1.00,0,,5.00,1,,2.00,0,,,,,2.00,0,,,2,,3,,5-15 yrs,5-15 yrs,2,2,2,2,5,,0,,22203799,198915,V,73.89,11.11,11.11,11.11,11.11,26.82,26.82,26.82,26.82,27.08,27.08,27.08,27.08,25.00
United Kingdom,GBR,,,NAT_TOTAL,20220517,0.00,,,,,,0.00,,,0.00,,,,,,0.00,,,0.00,,,,,,0.00,,,0.00,,,,,,0.00,,,0.00,,,,,,0.00,,,0.00,,,,,,0.00,,,0.00,,,,,,0.00,,,0.00,,,0.00,,0.00,,,1.00,,,,,,2.00,1,,2.00,,1.00,,,,0.00,,1.00,0,,,,,1.00,0,,5.00,1,,2.00,0,,,,,2.00,0,,,2,,3,,5-15 yrs,5-15 yrs,2,2,2,2,5,,0,,22212395,198987,V,73.90,11.11,11.11,11.11,11.11,26.82,26.82,26.82,26.82,27.08,27.08,27.08,27.08,25.00
United Kingdom,GBR,,,NAT_TOTAL,20220518,0.00,,,,,,0.00,,,0.00,,,,,,0.00,,,0.00,,,,,,0.00,,,0.00,,,,,,0.00,,,0.00,,,,,,0.00,,,0.00,,,,,,0.00,,,0.00,,,,,,0.00,,,0.00,,,0.00,,0.00,,,1.00,,,,,,2.00,1,,2.00,,1.00,,,,0.00,,1.00,0,,,,,1.00,0,,5.00,1,,2.00,0,,,,,2.00,0,,,2,,3,,5-15 yrs,5-15 yrs,2,2,2,2,5,,0,,22220178,199033,V,73.91,11.11,11.11,11.11,11.11,26.82,26.82,26.82,26.82,27.08,27.08,27.08,27.08,25.00
United Kingdom,GBR,,,NAT_TOTAL,20220519,0.00,,,,,,0.00,,,0.00,,,,,,0.00,,,0.00,,,,,,0.00,,,0.00,,,,,,0.00,,,0.00,,,,,,0.00,,,0.00,,,,,,0.00,,,0.00,,,,,,0.00,,,0.00,,,0.00,,0.00,,,1.00,,,,,,2.00,1,,2.00,,1.00,,,,0.00,,1.00,0,,,,,1.00,0,,5.00,1,,2.00,0,,,,,2.00,0,,,2,,3,,5-15 yrs,5-15 yrs,2,2,2,2,5,,0,,22232377,199079,V,73.92,11.11,11.11,11.11,11.11,26.82,26.82,26.82,26.82,27.08,27.08,27.08,27.08,25.00
United Kingdom,GBR,,,NAT_TOTAL,20220520,0.00,,,,,,0.00,,,0.00,,,,,,0.00,,,0.00,,,,,,0.00,,,0.00,,,,,,0.00,,,0.00,,,,,,0.00,,,0.00,,,,,,0.00,,,0.00,,,,,,0.00,,,0.00,,,0.00,,0.00,,,1.00,,,,,,2.00,1,,2.00,,1.00,,,,0.00,,1.00,0,,,,,1.00,0,,5.00,1,,2.00,0,,,,,2.00,0,,,2,,3,,5-15 yrs,5-15 yrs,2,2,2,2,5,,0,,22238713,199151,V,73.93,11.11,11.11,11.11,11.11,26.82,26.82,26.82,26.82,27.08,27.08,27.08,27.08,25.00
United Kingdom,GBR,,,NAT_TOTAL,20220521,0.00,,,,,,0.00,,,0.00,,,,,,0.00,,,0.00,,,,,,0.00,,,0.00,,,,,,0.00,,,0.00,,,,,,0.00,,,0.00,,,,,,0.00,,,0.00,,,,,,0.00,,,0.00,,,0.00,,0.00,,,1.00,,,,,,2.00,1,,2.00,,1.00,,,,0.00,,1.00,0,,,,,1.00,0,,5.00,1,,2.00,0,,,,,2.00,0,,,2,,3,,5-15 yrs,5-15 yrs,2,2,2,2,5,,0,,22238713,199200,V,73.95,11.11,11.11,11.11,11.11,26.82,26.82,26.82,26.82,27.08,27.08,27.08,27.08,25.00
United Kingdom,GBR,,,NAT_TOTAL,20220522,0.00,,,,,,0.00,,,0.00,,,,,,0.00,,,0.00,,,,,,0.00,,,0.00,,,,,,0.00,,,0.00,,,,,,0.00,,,0.00,,,,,,0.00,,,0.00,,,,,,0.00,,,0.00,,,0.00,,0.00,,,1.00,,,,,,2.00,1,,2.00,,1.00,,,,0.00,,1.00,0,,,,,1.00,0,,5.00,1,,2.00,0,,,,,2.00,0,,,2,,3,,5-15 yrs,5-15 yrs,2,2,2,2,5,,0,,22238713,199258,V,73.95,11.11,11.11,11.11,11.11,26.82,26.82,26.82,26.82,27.08,27.08,27.08,27.08,25.00
United Kingdom,GBR,,,NAT_TOTAL,20220523,0.00,,,,,,0.00,,,0.00,,,,,,0.00,,,0.00,,,,,,0.00,,,0.00,,,,,,0.00,,,0.00,,,,,,0.00,,,0.00,,,,,,0.00,,,0.00,,,,,,0.00,,,0.00,,,0.00,,0.00,,,1.00,,,,,,2.00,1,,2.00,,1.00,,,,0.00,,1.00,0,,,,,1.00,0,,5.00,1,,2.00,0,,,,,2.00,0,,,2,,3,,5-15 yrs,5-15 yrs,2,2,2,2,5,,0,,22264680,199320,V,73.96,11.11,11.11,11.11,11.11,26.82,26.82,26.82,26.82,27.08,27.08,27.08,27.08,25.00
United Kingdom,GBR,,,NAT_TOTAL,20220524,0.00,,,,,,0.00,,,0.00,,,,,,0.00,,,0.00,,,,,,0.00,,,0.00,,,,,,0.00,,,0.00,,,,,,0.00,,,0.00,,,,,,0.00,,,0.00,,,,,,0.00,,,0.00,,,0.00,,0.00,,,1.00,,,,,,2.00,1,,2.00,,1.00,,,,0.00,,1.00,0,,,,,1.00,0,,5.00,1,,2.00,0,,,,,2.00,0,,,2,,3,,5-15 yrs,5-15 yrs,2,2,2,2,5,,0,,22271122,199371,V,73.97,11.11,11.11,11.11,11.11,26.82,26.82,26.82,26.82,27.08,27.08,27.08,27.08,25.00
United Kingdom,GBR,,,NAT_TOTAL,20220525,0.00,,,,,,0.00,,,0.00,,,,,,0.00,,,0.00,,,,,,0.00,,,0.00,,,,,,0.00,,,0.00,,,,,,0.00,,,0.00,,,,,,0.00,,,0.00,,,,,,0.00,,,0.00,,,0.00,,0.00,,,1.00,,,,,,2.00,1,,2.00,,1.00,,,,0.00,,1.00,0,,,,,1.00,0,,5.00,1,,2.00,0,,,,,2.00,0,,,2,,3,,5-15 yrs,5-15 yrs,2,2,2,2,5,,0,,22276975,199405,V,73.97,11.11,11.11,11.11,11.11,26.82,26.82,26.82,26.82,27.08,27.08,27.08,27.08,25.00
United Kingdom,GBR,,,NAT_TOTAL,20220526,0.00,,,,,,0.00,,,0.00,,,,,,0.00,,,0.00,,,,,,0.00,,,0.00,,,,,,0.00,,,0.00,,,,,,0.00,,,0.00,,,,,,0.00,,,0.00,,,,,,0.00,,,0.00,,,0.00,,0.00,,,1.00,,,,,,2.00,1,,2.00,,1.00,,,,0.00,,1.00,0,,,,,1.00,0,,5.00,1,,2.00,0,,,,,2.00,0,,,2,,3,,5-15 yrs,5-15 yrs,2,2,2,2,5,,0,,22273040,199450,V,74.01,11.11,11.11,11.11,11.11,26.82,26.82,26.82,26.82,27.08,27.08,27.08,27.08,25.00
United Kingdom,GBR,,,NAT_TOTAL,20220527,0.00,,,,,,0.00,,,0.00,,,,,,0.00,,,0.00,,,,,,0.00,,,0.00,,,,,,0.00,,,0.00,,,,,,0.00,,,0.00,,,,,,0.00,,,0.00,,,,,,0.00,,,0.00,,,0.00,,0.00,,,1.00,,,,,,2.00,1,,2.00,,1.00,,,,0.00,,1.00,0,,,,,1.00,0,,5.00,1,,2.00,0,,,,,2.00,0,,,2,,3,,5-15 yrs,5-15 yrs,2,2,2,2,5,,0,,22277696,199495,V,74.02,11.11,11.11,11.11,11.11,26.82,26.82,26.82,26.82,27.08,27.08,27.08,27.08,25.00
United Kingdom,GBR,,,NAT_TOTAL,20220528,0.00,,,,,,0.00,,,0.00,,,,,,0.00,,,0.00,,,,,,0.00,,,0.00,,,,,,0.00,,,0.00,,,,,,0.00,,,0.00,,,,,,0.00,,,0.00,,,,,,0.00,,,0.00,,,0.00,,0.00,,,1.00,,,,,,2.00,1,,2.00,,1.00,,,,0.00,,1.00,0,,,,,1.00,0,,5.00,1,,2.00,0,,,,,2.00,0,,,2,,3,,5-15 yrs,5-15 yrs,2,2,2,2,5,,0,,22277696,199529,V,74.04,11.11,11.11,11.11,11.11,26.82,26.82,26.82,26.82,27.08,27.08,27.08,27.08,25.00
United Kingdom,GBR,,,NAT_TOTAL,20220529,0.00,,,,,,0.00,,,0.00,,,,,,0.00,,,0.00,,,,,,0.00,,,0.00,,,,,,0.00,,,0.00,,,,,,0.00,,,0.00,,,,,,0.00,,,0.00,,,,,,0.00,,,0.00,,,0.00,,0.00,,,1.00,,,,,,2.00,1,,2.00,,1.00,,,,0.00,,1.00,0,,,,,1.00,0,,5.00,1,,2.00,0,,,,,2.00,0,,,2,,3,,5-15 yrs,5-15 yrs,2,2,2,2,5,,0,,22277696,199557,V,74.04,11.11,11.11,11.11,11.11,26.82,26.82,26.82,26.82,27.08,27.08,27.08,27.08,25.00
United Kingdom,GBR,,,NAT_TOTAL,20220530,0.00,,,,,,0.00,,,0.00,,,,,,0.00,,,0.00,,,,,,0.00,,,0.00,,,,,,0.00,,,0.00,,,,,,0.00,,,0.00,,,,,,0.00,,,0.00,,,,,,0.00,,,0.00,,,0.00,,0.00,,,1.00,,,,,,2.00,1,,2.00,,1.00,,,,0.00,,1.00,0,,,,,1.00,0,,5.00,1,,2.00,0,,,,,2.00,0,,,2,,3,,5-15 yrs,5-15 yrs,2,2,2,2,5,,0,,22294786,199608,V,74.06,11.11,11.11,11.11,11.11,26.82,26.82,26.82,26.82,27.08,27.08,27.08,27.08,25.00
United Kingdom,GBR,,,NAT_TOTAL,20220531,0.00,,,,,,0.00,,,0.00,,,,,,0.00,,,0.00,,,,,,0.00,,,0.00,,,,,,0.00,,,0.00,,,,,,0.00,,,0.00,,,,,,0.00,,,0.00,,,,,,0.00,,,0.00,,,0.00,,0.00,,,1.00,,,,,,2.00,1,,2.00,,1.00,,,,0.00,,1.00,0,,,,,1.00,0,,5.00,1,,2.00,0,,,,,2.00,0,,,2,,3,,5-15 yrs,5-15 yrs,2,2,2,2,5,,0,,22300587,199658,V,74.07,11.11,11.11,11.11,11.11,26.82,26.82,26.82,26.82,27.08,27.08,27.08,27.08,25.00
United Kingdom,GBR,,,NAT_TOTAL,20220601,0.00,,,,,,0.00,,,0.00,,,,,,0.00,,,0.00,,,,,,0.00,,,0.00,,,,,,0.00,,,0.00,,,,,,0.00,,,0.00,,,,,,0.00,,,0.00,,,,,,0.00,,,0.00,,,0.00,,0.00,,,1.00,,,,,,2.00,1,,2.00,,1.00,,,,0.00,,1.00,0,,,,,1.00,0,,5.00,1,,2.00,0,,,,,2.00,0,,,2,,3,,5-15 yrs,5-15 yrs,2,2,2,2,5,,0,,22305893,199684,V,74.08,11.11,11.11,11.11,11.11,26.82,26.82,26.82,26.82,27.08,27.08,27.08,27.08,25.00
United Kingdom,GBR,,,NAT_TOTAL,20220602,0.00,,,,,,0.00,,,0.00,,,,,,0.00,,,0.00,,,,,,0.00,,,0.00,,,,,,0.00,,,0.00,,,,,,0.00,,,0.00,,,,,,0.00,,,0.00,,,,,,0.00,,,0.00,,,0.00,,0.00,,,1.00,,,,,,2.00,1,,2.00,,1.00,,,,0.00,,1.00,0,,,,,1.00,0,,5.00,1,,2.00,0,,,,,2.00,0,,,2,,3,,5-15 yrs,5-15 yrs,2,2,2,2,5,,0,,22305893,199731,V,74.09,11.11,11.11,11.11,11.11,26.82,26.82,26.82,26.82,27.08,27.08,27.08,27.08,25.00
United Kingdom,GBR,,,NAT_TOTAL,20220603,0.00,,,,,,0.00,,,0.00,,,,,,0.00,,,0.00,,,,,,0.00,,,0.00,,,,,,0.00,,,0.00,,,,,,0.00,,,0.00,,,,,,0.00,,,0.00,,,,,,0.00,,,0.00,,,0.00,,0.00,,,1.00,,,,,,2.00,1,,2.00,,1.00,,,,0.00,,1.00,0,,,,,1.00,0,,5.00,1,,2.00,0,,,,,2.00,0,,,2,,3,,5-15 yrs,5-15 yrs,2,2,2,2,5,,0,,22305893,199759,V,74.09,11.11,11.11,11.11,11.11,26.82,26.82,26.82,26.82,27.08,27.08,27.08,27.08,25.00
United Kingdom,GBR,,,NAT_TOTAL,20220604,0.00,,,,,,0.00,,,0.00,,,,,,0.00,,,0.00,,,,,,0.00,,,0.00,,,,,,0.00,,,0.00,,,,,,0.00,,,0.00,,,,,,0.00,,,0.00,,,,,,0.00,,,0.00,,,0.00,,0.00,,,1.00,,,,,,2.00,1,,2.00,,1.00,,,,0.00,,1.00,0,,,,,1.00,0,,5.00,1,,2.00,0,,,,,2.00,0,,,2,,3,,5-15 yrs,5-15 yrs,2,2,2,2,5,,0,,22305893,199797,V,74.10,11.11,11.11,11.11,11.11,26.82,26.82,26.82,26.82,27.08,27.08,27.08,27.08,25.00
United Kingdom,GBR,,,NAT_TOTAL,20220605,0.00,,,,,,0.00,,,0.00,,,,,,0.00,,,0.00,,,,,,0.00,,,0.00,,,,,,0.00,,,0.00,,,,,,0.00,,,0.00,,,,,,0.00,,,0.00,,,,,,0.00,,,0.00,,,0.00,,0.00,,,1.00,,,,,,2.00,1,,2.00,,1.00,,,,0.00,,1.00,0,,,,,1.00,0,,5.00,1,,2.00,0,,,,,2.00,0,,,2,,3,,5-15 yrs,5-15 yrs,2,2,2,2,5,,0,,22305893,199827,V,74.10,11.11,11.11,11.11,11.11,26.82,26.82,26.82,26.82,27.08,27.08,27.08,27.08,25.00
United Kingdom,GBR,,,NAT_TOTAL,20220606,0.00,,,,,,0.00,,,0.00,,,,,,0.00,,,0.00,,,,,,0.00,,,0.00,,,,,,0.00,,,0.00,,,,,,0.00,,,0.00,,,,,,0.00,,,0.00,,,,,,0.00,,,0.00,,,0.00,,0.00,,,1.00,,,,,,2.00,1,,2.00,,1.00,,,,0.00,,1.00,0,,,,,1.00,0,,5.00,1,,2.00,0,,,,,2.00,0,,,2,,3,,5-15 yrs,5-15 yrs,2,2,2,2,5,,0,,22338946,199869,V,74.11,11.11,11.11,11.11,11.11,26.82,26.82,26.82,26.82,27.08,27.08,27.08,27.08,25.00
United Kingdom,GBR,,,NAT_TOTAL,20220607,0.00,,,,,,0.00,,,0.00,,,,,,0.00,,,0.00,,,,,,0.00,,,0.00,,,,,,0.00,,,0.00,,,,,,0.00,,,0.00,,,,,,0.00,,,0.00,,,,,,0.00,,,0.00,,,0.00,,0.00,,,0.00,"No evidence ",,,,,2.00,1,,2.00,,1.00,,,,0.00,,1.00,0,,,,,1.00,0,,5.00,1,,2.00,0,,,,,2.00,0,,,2,,3,,5-15 yrs,5-15 yrs,2,2,2,2,5,,0,,22349183,199901,V,74.12,11.11,11.11,11.11,11.11,23.70,23.70,23.70,23.70,27.08,27.08,27.08,27.08,0.00
United Kingdom,GBR,,,NAT_TOTAL,20220608,0.00,,,,,,0.00,,,0.00,,,,,,0.00,,,0.00,,,,,,0.00,,,0.00,,,,,,0.00,,,0.00,,,,,,0.00,,,0.00,,,,,,0.00,,,0.00,,,,,,0.00,,,0.00,,,0.00,,0.00,,,0.00,,,,,,2.00,1,,2.00,,1.00,,,,0.00,,1.00,0,,,,,1.00,0,,5.00,1,,2.00,0,,,,,2.00,0,,,2,,3,,5-15 yrs,5-15 yrs,2,2,2,2,5,,0,,22363067,199943,V,74.13,11.11,11.11,11.11,11.11,23.70,23.70,23.70,23.70,27.08,27.08,27.08,27.08,0.00
United Kingdom,GBR,,,NAT_TOTAL,20220609,0.00,,,,,,0.00,,,0.00,,,,,,0.00,,,0.00,,,,,,0.00,,,0.00,,,,,,0.00,,,0.00,,,,,,0.00,,,0.00,,,,,,0.00,,,0.00,,,,,,0.00,,,0.00,,,0.00,,0.00,,,0.00,,,,,,2.00,1,,2.00,,1.00,,,,0.00,,1.00,0,,,,,1.00,0,,5.00,1,,2.00,0,,,,,2.00,0,,,2,,3,,5-15 yrs,5-15 yrs,2,2,2,2,5,,0,,22373146,199970,V,74.13,11.11,11.11,11.11,11.11,23.70,23.70,23.70,23.70,27.08,27.08,27.08,27.08,0.00
United Kingdom,GBR,,,NAT_TOTAL,20220610,0.00,,,,,,0.00,,,0.00,,,,,,0.00,,,0.00,,,,,,0.00,,,0.00,,,,,,0.00,,,0.00,,,,,,0.00,,,0.00,,,,,,0.00,,,0.00,,,,,,0.00,,,0.00,,,0.00,,0.00,,,0.00,,,,,,2.00,1,,2.00,,1.00,,,,0.00,,1.00,0,,,,,1.00,0,,5.00,1,,2.00,0,,,,,2.00,0,,,2,"*UK Health Security Agency) Vaccine update: issue 330, June 2022, COVID-19 spring special edition (10 June 2022)  -The Joint Committee on Vaccination and Immunisation’s (JCVI’s) current view is that in autumn 2022, a COVID-19 vaccine should be offered to:  .residents in a care home for older adults and staff  .frontline health and social care workers  .all those 65 years of age and over  .adults aged 16 to 64 years who are in a clinical risk group    https://web.archive.org/web/20230205105815/https://www.gov.uk/government/publications/vaccine-update-issue-330-june-2022-covid-19-spring-special-edition/vaccine-update-issue-330-june-2022-covid-19-spring-special-edition    https://web.archive.org/web/20230205110842/https://www.england.nhs.uk/next-steps-for-covid-19-vaccination/",3,,5-15 yrs,5-15 yrs,2,2,2,2,5,,0,,22382352,200014,V,74.14,11.11,11.11,11.11,11.11,23.70,23.70,23.70,23.70,27.08,27.08,27.08,27.08,0.00
United Kingdom,GBR,,,NAT_TOTAL,20220611,0.00,,,,,,0.00,,,0.00,,,,,,0.00,,,0.00,,,,,,0.00,,,0.00,,,,,,0.00,,,0.00,,,,,,0.00,,,0.00,,,,,,0.00,,,0.00,,,,,,0.00,,,0.00,,,0.00,,0.00,,,0.00,,,,,,2.00,1,,2.00,,1.00,,,,0.00,,1.00,0,,,,,1.00,0,,5.00,1,,2.00,0,,,,,2.00,0,,,2,,3,,5-15 yrs,5-15 yrs,2,2,2,2,5,,0,,22382352,200047,V,74.16,11.11,11.11,11.11,11.11,23.70,23.70,23.70,23.70,27.08,27.08,27.08,27.08,0.00
United Kingdom,GBR,,,NAT_TOTAL,20220612,0.00,,,,,,0.00,,,0.00,,,,,,0.00,,,0.00,,,,,,0.00,,,0.00,,,,,,0.00,,,0.00,,,,,,0.00,,,0.00,,,,,,0.00,,,0.00,,,,,,0.00,,,0.00,,,0.00,,0.00,,,0.00,,,,,,2.00,1,,2.00,,1.00,,,,0.00,,1.00,0,,,,,1.00,0,,5.00,1,,2.00,0,,,,,2.00,0,,,2,,3,,5-15 yrs,5-15 yrs,2,2,2,2,5,,0,,22382352,200090,V,74.17,11.11,11.11,11.11,11.11,23.70,23.70,23.70,23.70,27.08,27.08,27.08,27.08,0.00
United Kingdom,GBR,,,NAT_TOTAL,20220613,0.00,,,,,,0.00,,,0.00,,,,,,0.00,,,0.00,,,,,,0.00,,,0.00,,,,,,0.00,,,0.00,,,,,,0.00,,,0.00,,,,,,0.00,,,0.00,,,,,,0.00,,,0.00,,,0.00,,0.00,,,0.00,,,,,,2.00,1,,2.00,,1.00,,,,0.00,,1.00,0,,,,,1.00,0,,5.00,1,,2.00,0,,,,,2.00,0,,,2,,3,,5-15 yrs,5-15 yrs,2,2,2,2,5,,0,,22410583,200129,V,74.17,11.11,11.11,11.11,11.11,23.70,23.70,23.70,23.70,27.08,27.08,27.08,27.08,0.00
United Kingdom,GBR,,,NAT_TOTAL,20220614,0.00,,,,,,0.00,,,0.00,,,,,,0.00,,,0.00,,,,,,0.00,,,0.00,,,,,,0.00,,,0.00,,,,,,0.00,,,0.00,,,,,,0.00,,,0.00,,,,,,0.00,,,0.00,,,0.00,,0.00,,,0.00,,,,,,2.00,1,,2.00,,1.00,,,,0.00,,1.00,0,,,,,1.00,0,,5.00,1,,2.00,0,,,,,2.00,0,,,2,,3,,5-15 yrs,5-15 yrs,2,2,2,2,5,,0,,22422611,200164,V,74.18,11.11,11.11,11.11,11.11,23.70,23.70,23.70,23.70,27.08,27.08,27.08,27.08,0.00
United Kingdom,GBR,,,NAT_TOTAL,20220615,0.00,,,,,,0.00,,,0.00,,,,,,0.00,,,0.00,,,,,,0.00,,,0.00,,,,,,0.00,,,0.00,,,,,,0.00,,,0.00,,,,,,0.00,,,0.00,,,,,,0.00,,,0.00,,,0.00,,0.00,,,0.00,,,,,,2.00,1,,2.00,,1.00,,,,0.00,,1.00,0,,,,,1.00,0,,5.00,1,,2.00,0,,,,,2.00,0,,,2,,3,,5-15 yrs,5-15 yrs,2,2,2,2,5,,0,,22447911,200208,V,74.19,11.11,11.11,11.11,11.11,23.70,23.70,23.70,23.70,27.08,27.08,27.08,27.08,0.00
United Kingdom,GBR,,,NAT_TOTAL,20220616,0.00,,,,,,0.00,,,0.00,,,,,,0.00,,,0.00,,,,,,0.00,,,0.00,,,,,,0.00,,,0.00,,,,,,0.00,,,0.00,,,,,,0.00,,,0.00,,,,,,0.00,,,0.00,,,0.00,,0.00,,,0.00,,,,,,2.00,1,,2.00,,1.00,,,,0.00,,1.00,0,,,,,1.00,0,,5.00,1,,2.00,0,,,,,2.00,0,,,2,,3,,5-15 yrs,5-15 yrs,2,2,2,2,5,,0,,22460449,200263,V,74.19,11.11,11.11,11.11,11.11,23.70,23.70,23.70,23.70,27.08,27.08,27.08,27.08,0.00
United Kingdom,GBR,,,NAT_TOTAL,20220617,0.00,,,,,,0.00,,,0.00,,,,,,0.00,,,0.00,,,,,,0.00,,,0.00,,,,,,0.00,,,0.00,,,,,,0.00,,,0.00,,,,,,0.00,,,0.00,,,,,,0.00,,,0.00,,,0.00,,0.00,,,0.00,,,,,,2.00,1,,2.00,,1.00,,,,0.00,,1.00,0,,,,,1.00,0,,5.00,1,,2.00,0,,,,,2.00,0,,,2,,3,,5-15 yrs,5-15 yrs,2,2,2,2,5,,0,,22472503,200307,V,74.20,11.11,11.11,11.11,11.11,23.70,23.70,23.70,23.70,27.08,27.08,27.08,27.08,0.00
United Kingdom,GBR,,,NAT_TOTAL,20220618,0.00,,,,,,0.00,,,0.00,,,,,,0.00,,,0.00,,,,,,0.00,,,0.00,,,,,,0.00,,,0.00,,,,,,0.00,,,0.00,,,,,,0.00,,,0.00,,,,,,0.00,,,0.00,,,0.00,,0.00,,,0.00,,,,,,2.00,1,,2.00,,1.00,,,,0.00,,1.00,0,,,,,1.00,0,,5.00,1,,2.00,0,,,,,2.00,0,,,2,,3,,5-15 yrs,5-15 yrs,2,2,2,2,5,,0,,22472503,200351,V,74.22,11.11,11.11,11.11,11.11,23.70,23.70,23.70,23.70,27.08,27.08,27.08,27.08,0.00
United Kingdom,GBR,,,NAT_TOTAL,20220619,0.00,,,,,,0.00,,,0.00,,,,,,0.00,,,0.00,,,,,,0.00,,,0.00,,,,,,0.00,,,0.00,,,,,,0.00,,,0.00,,,,,,0.00,,,0.00,,,,,,0.00,,,0.00,,,0.00,,0.00,,,0.00,,,,,,2.00,1,,2.00,,1.00,,,,0.00,,1.00,0,,,,,1.00,0,,5.00,1,,2.00,0,,,,,2.00,0,,,2,,3,,5-15 yrs,5-15 yrs,2,2,2,2,5,,0,,22472503,200396,V,74.23,11.11,11.11,11.11,11.11,23.70,23.70,23.70,23.70,27.08,27.08,27.08,27.08,0.00
United Kingdom,GBR,,,NAT_TOTAL,20220620,0.00,,,,,,0.00,,,0.00,,,,,,0.00,,,0.00,,,,,,0.00,,,0.00,,,,,,0.00,,,0.00,,,,,,0.00,,,0.00,,,,,,0.00,,,0.00,,,,,,0.00,,,0.00,,,0.00,,0.00,,,0.00,,,,,,2.00,1,,2.00,,1.00,,,,0.00,,1.00,0,,,,,1.00,0,,5.00,1,,2.00,0,,,,,2.00,0,,,2,,3,,5-15 yrs,5-15 yrs,2,2,2,2,5,,0,,22508928,200444,V,74.24,11.11,11.11,11.11,11.11,23.70,23.70,23.70,23.70,27.08,27.08,27.08,27.08,0.00
United Kingdom,GBR,,,NAT_TOTAL,20220621,0.00,,,,,,0.00,,,0.00,,,,,,0.00,,,0.00,,,,,,0.00,,,0.00,,,,,,0.00,,,0.00,,,,,,0.00,,,0.00,,,,,,0.00,,,0.00,,,,,,0.00,,,0.00,,,0.00,,0.00,,,0.00,,,,,,2.00,1,,2.00,,1.00,,,,0.00,,1.00,0,,,,,1.00,0,,5.00,1,,2.00,0,,,,,2.00,0,,,2,,3,,5-15 yrs,5-15 yrs,2,2,2,2,5,,0,,22525358,200502,V,74.24,11.11,11.11,11.11,11.11,23.70,23.70,23.70,23.70,27.08,27.08,27.08,27.08,0.00
United Kingdom,GBR,,,NAT_TOTAL,20220622,0.00,,,,,,0.00,,,0.00,,,,,,0.00,,,0.00,,,,,,0.00,,,0.00,,,,,,0.00,,,0.00,,,,,,0.00,,,0.00,,,,,,0.00,,,0.00,,,,,,0.00,,,0.00,,,0.00,,0.00,,,0.00,,,,,,2.00,1,,2.00,,1.00,,,,0.00,,1.00,0,,,,,1.00,0,,5.00,1,,2.00,0,,,,,2.00,0,,,2,,3,,5-15 yrs,5-15 yrs,2,2,2,2,5,,0,,22558085,200574,V,74.25,11.11,11.11,11.11,11.11,23.70,23.70,23.70,23.70,27.08,27.08,27.08,27.08,0.00
United Kingdom,GBR,,,NAT_TOTAL,20220623,0.00,,,,,,0.00,,"There are no longer any restrictions in place in the UK    https://web.archive.org/web/20220725093641/https://gov.wales/sites/default/files/publications/2022-05/the-health-protection-coronavirus-restrictions-no-5-wales-regulations-2020-as-amended.pdf  https://web.archive.org/web/20220725093721/https://www.gov.uk/coronavirus  https://web.archive.org/web/20220725093912/https://www.gov.scot/coronavirus-covid-19/  https://web.archive.org/web/20220725094022/https://www.nidirect.gov.uk/campaigns/coronavirus-covid-19",0.00,,,,,,0.00,,"There are no longer any restrictions in place in the UK    https://web.archive.org/web/20220725093641/https://gov.wales/sites/default/files/publications/2022-05/the-health-protection-coronavirus-restrictions-no-5-wales-regulations-2020-as-amended.pdf  https://web.archive.org/web/20220725093721/https://www.gov.uk/coronavirus  https://web.archive.org/web/20220725093912/https://www.gov.scot/coronavirus-covid-19/  https://web.archive.org/web/20220725094022/https://www.nidirect.gov.uk/campaigns/coronavirus-covid-19",0.00,,,,,,0.00,,"There are no longer any restrictions in place in the UK    https://web.archive.org/web/20220725093641/https://gov.wales/sites/default/files/publications/2022-05/the-health-protection-coronavirus-restrictions-no-5-wales-regulations-2020-as-amended.pdf  https://web.archive.org/web/20220725093721/https://www.gov.uk/coronavirus  https://web.archive.org/web/20220725093912/https://www.gov.scot/coronavirus-covid-19/  https://web.archive.org/web/20220725094022/https://www.nidirect.gov.uk/campaigns/coronavirus-covid-19",0.00,,,,,,0.00,,"There are no longer any restrictions in place in the UK    https://web.archive.org/web/20220725093641/https://gov.wales/sites/default/files/publications/2022-05/the-health-protection-coronavirus-restrictions-no-5-wales-regulations-2020-as-amended.pdf  https://web.archive.org/web/20220725093721/https://www.gov.uk/coronavirus  https://web.archive.org/web/20220725093912/https://www.gov.scot/coronavirus-covid-19/  https://web.archive.org/web/20220725094022/https://www.nidirect.gov.uk/campaigns/coronavirus-covid-19",0.00,,,,,,0.00,,"There are no longer any restrictions in place in the UK    https://web.archive.org/web/20220725093641/https://gov.wales/sites/default/files/publications/2022-05/the-health-protection-coronavirus-restrictions-no-5-wales-regulations-2020-as-amended.pdf  https://web.archive.org/web/20220725093721/https://www.gov.uk/coronavirus  https://web.archive.org/web/20220725093912/https://www.gov.scot/coronavirus-covid-19/  https://web.archive.org/web/20220725094022/https://www.nidirect.gov.uk/campaigns/coronavirus-covid-19",0.00,,,,,,0.00,,"There are no longer any restrictions in place in the UK    https://web.archive.org/web/20220725093641/https://gov.wales/sites/default/files/publications/2022-05/the-health-protection-coronavirus-restrictions-no-5-wales-regulations-2020-as-amended.pdf  https://web.archive.org/web/20220725093721/https://www.gov.uk/coronavirus  https://web.archive.org/web/20220725093912/https://www.gov.scot/coronavirus-covid-19/  https://web.archive.org/web/20220725094022/https://www.nidirect.gov.uk/campaigns/coronavirus-covid-19",0.00,,,,,,0.00,,"There are no longer any restrictions in place in the UK    https://web.archive.org/web/20220725093641/https://gov.wales/sites/default/files/publications/2022-05/the-health-protection-coronavirus-restrictions-no-5-wales-regulations-2020-as-amended.pdf  https://web.archive.org/web/20220725093721/https://www.gov.uk/coronavirus  https://web.archive.org/web/20220725093912/https://www.gov.scot/coronavirus-covid-19/  https://web.archive.org/web/20220725094022/https://www.nidirect.gov.uk/campaigns/coronavirus-covid-19",0.00,,,0.00,"All measures were removed on 18 March 2022    https://web.archive.org/web/20220725094306/https://www.gov.uk/guidance/travel-to-england-from-another-country-during-coronavirus-covid-19",0.00,,"No policies in place",0.00,"No policies in place",,,,,2.00,1,"Weekly updates on the summary website    https://web.archive.org/web/20220725094511/https://coronavirus.data.gov.uk/",2.00,"In Wales, free testing for symptomatic people remains in place until 30th July.    The Health Minister, Eluned Morgan has today (Friday 24th June) confirmed that access to free LFD tests will be extended in Wales until July 31st 2022.    https://web.archive.org/web/20220725124302/https://gov.wales/wales-extends-covid-19-testing-throughout-july#:~:text=The%20Health%20Minister%2C%20Eluned%20Morgan,Wales%20until%20July%2031st%202022.",1.00,,,,0.00,"No investments were announced",1.00,0,,,,,1.00,0,"In Scotland No legal requirements to wear face coverings as of 18 April 2022, but recommendation still in place on government website so recorded as a 1    https://web.archive.org/web/20220725093912/https://www.gov.scot/coronavirus-covid-19/",5.00,1,"Universal and 4th shots have been rolled out to the vulnerable",2.00,0,,,,,2.00,0,"Northern Ireland    Visiting Guidance update for Western Trust Hospitals  The number of cases of COVID-19 has continued to rise in the community and in our hospitals. The Western Trust will therefore continue with visiting to hospital sites allowing for one visit, for one hour per day per patient from THREE nominated visitors. Exceptions will also continue to apply in some areas. All temporary visiting restrictions will be reviewed again on Monday 1 August 2022.    https://web.archive.org/web/20220725095730/https://westerntrust.hscni.net/western-trust-covid-19-information-updates/western-trust-covid19-visiting-guidance/",,2,"There are 2 booster doses of the coronavirus (COVID-19) vaccine you may be able to get:    a booster for everyone aged 16 and over, and some children aged 12 to 15  a spring booster for people aged 75 and over, people who live in a care home for older people, or people aged 12 and over who have a weakened immune system  If you have not had a booster dose yet, you're still eligible and can book anytime.    https://web.archive.org/web/20220715132703/https://www.nhs.uk/conditions/coronavirus-covid-19/coronavirus-vaccination/how-to-get-a-coronavirus-vaccine/how-to-get-a-booster-dose/",3,"There are 2 booster doses of the coronavirus (COVID-19) vaccine you may be able to get:    a booster for everyone aged 16 and over, and some children aged 12 to 15  a spring booster for people who turned 75 years on or before 30 June 2022, people who live in a care home for older people or people aged 12 and over who have a weakened immune system    https://web.archive.org/web/20220816000639/https://www.nhs.uk/conditions/coronavirus-covid-19/coronavirus-vaccination/how-to-get-a-coronavirus-vaccine/how-to-get-a-booster-dose/  Enter new data her",5-15 yrs,5-15 yrs,2,2,2,2,5,"Free",0,"No mandates",22576354,200635,V,74.26,11.11,11.11,11.11,11.11,23.70,23.70,23.70,23.70,27.08,27.08,27.08,27.08,0.00
United Kingdom,GBR,,,NAT_TOTAL,20220624,0.00,,,,,,0.00,,,0.00,,,,,,0.00,,,0.00,,,,,,0.00,,,0.00,,,,,,0.00,,,0.00,,,,,,0.00,,,0.00,,,,,,0.00,,,0.00,,,,,,0.00,,,0.00,,,0.00,,0.00,,,0.00,,,,,,2.00,1,,2.00,,1.00,,,,0.00,,1.00,0,,,,,1.00,0,,5.00,1,,2.00,0,,,,,2.00,0,,,2,,3,,5-15 yrs,5-15 yrs,2,2,2,2,5,,0,,22592827,200682,V,74.27,11.11,11.11,11.11,11.11,23.70,23.70,23.70,23.70,27.08,27.08,27.08,27.08,0.00
United Kingdom,GBR,,,NAT_TOTAL,20220625,0.00,,,,,,0.00,,,0.00,,,,,,0.00,,,0.00,,,,,,0.00,,,0.00,,,,,,0.00,,,0.00,,,,,,0.00,,,0.00,,,,,,0.00,,,0.00,,,,,,0.00,,,0.00,,,0.00,,0.00,,,0.00,,,,,,2.00,1,,2.00,,1.00,,,,0.00,,1.00,0,,,,,1.00,0,,5.00,1,,2.00,0,,,,,2.00,0,,,2,,3,,5-15 yrs,5-15 yrs,2,2,2,2,5,,0,,22592827,200753,V,74.29,11.11,11.11,11.11,11.11,23.70,23.70,23.70,23.70,27.08,27.08,27.08,27.08,0.00
United Kingdom,GBR,,,NAT_TOTAL,20220626,0.00,,,,,,0.00,,,0.00,,,,,,0.00,,,0.00,,,,,,0.00,,,0.00,,,,,,0.00,,,0.00,,,,,,0.00,,,0.00,,,,,,0.00,,,0.00,,,,,,0.00,,,0.00,,,0.00,,0.00,,,0.00,,,,,,2.00,1,,2.00,,1.00,,,,0.00,,1.00,0,,,,,1.00,0,,5.00,1,,2.00,0,,,,,2.00,0,,,2,,3,,5-15 yrs,5-15 yrs,2,2,2,2,5,,0,,22592827,200821,V,74.30,11.11,11.11,11.11,11.11,23.70,23.70,23.70,23.70,27.08,27.08,27.08,27.08,0.00
United Kingdom,GBR,,,NAT_TOTAL,20220627,0.00,,,,,,0.00,,,0.00,,,,,,0.00,,,0.00,,,,,,0.00,,,0.00,,,,,,0.00,,,0.00,,,,,,0.00,,,0.00,,,,,,0.00,,,0.00,,,,,,0.00,,,0.00,,,0.00,,0.00,,,0.00,,,,,,2.00,1,,2.00,,1.00,,,,0.00,,1.00,0,,,,,1.00,0,,5.00,1,,2.00,0,,,,,2.00,0,,,2,,3,,5-15 yrs,5-15 yrs,2,2,2,2,5,,0,,22640130,200884,V,74.31,11.11,11.11,11.11,11.11,23.70,23.70,23.70,23.70,27.08,27.08,27.08,27.08,0.00
United Kingdom,GBR,,,NAT_TOTAL,20220628,0.00,,,,,,0.00,,,0.00,,,,,,0.00,,,0.00,,,,,,0.00,,,0.00,,,,,,0.00,,,0.00,,,,,,0.00,,,0.00,,,,,,0.00,,,0.00,,,,,,0.00,,,0.00,,,0.00,,0.00,,,0.00,,,,,,2.00,1,,2.00,,1.00,,,,0.00,,1.00,0,,,,,1.00,0,,5.00,1,,2.00,0,,,,,2.00,0,,,2,,3,,5-15 yrs,5-15 yrs,2,2,2,2,5,,0,,22661542,200955,V,74.32,11.11,11.11,11.11,11.11,23.70,23.70,23.70,23.70,27.08,27.08,27.08,27.08,0.00
United Kingdom,GBR,,,NAT_TOTAL,20220629,0.00,,,,,,0.00,,,0.00,,,,,,0.00,,,0.00,,,,,,0.00,,,0.00,,,,,,0.00,,,0.00,,,,,,0.00,,,0.00,,,,,,0.00,,,0.00,,,,,,0.00,,,0.00,,,0.00,,0.00,,,0.00,,,,,,2.00,1,,2.00,,1.00,,,,0.00,,1.00,0,,,,,1.00,0,,5.00,1,,2.00,0,,,,,2.00,0,,,2,,3,,5-15 yrs,5-15 yrs,2,2,2,2,5,,0,,22697437,201039,V,74.33,11.11,11.11,11.11,11.11,23.70,23.70,23.70,23.70,27.08,27.08,27.08,27.08,0.00
United Kingdom,GBR,,,NAT_TOTAL,20220630,0.00,,,,,,0.00,,,0.00,,,,,,0.00,,,0.00,,,,,,0.00,,,0.00,,,,,,0.00,,,0.00,,,,,,0.00,,,0.00,,,,,,0.00,,,0.00,,,,,,0.00,,,0.00,,,0.00,,0.00,,,0.00,,,,,,2.00,1,,2.00,,1.00,,,,0.00,,1.00,0,,,,,1.00,0,,5.00,1,,2.00,0,,,,,2.00,0,,,2,,3,,5-15 yrs,5-15 yrs,2,2,2,2,5,,0,,22720345,201115,V,74.34,11.11,11.11,11.11,11.11,23.70,23.70,23.70,23.70,27.08,27.08,27.08,27.08,0.00
United Kingdom,GBR,,,NAT_TOTAL,20220701,0.00,,,,,,0.00,,,0.00,,,,,,0.00,,,0.00,,,,,,0.00,,,0.00,,,,,,0.00,,,0.00,,,,,,0.00,,,0.00,,,,,,0.00,,,0.00,,,,,,0.00,,,0.00,,,0.00,,0.00,,,0.00,,,,,,2.00,1,,2.00,,0.00,"Wales was the last country in the UK to stop contact tracing on 30th June 2022    https://web.archive.org/web/20220725123727/https://gov.wales/test-trace-protect-contact-tracing-coronavirus-covid-19-18-june-2022-html#:~:text=Routine%20contact%20tracing%20in%20Wales,the%20end%20of%20June%202022.    In line with the principles of the transition from pandemic to endemic, we are reducing the frequency of some of our regular COVID-19 statistical reporting. Routine contact tracing in Wales will stop at the end of June 2022. Consequently, the 7 July update will be the final edition of this report. We welcome any comments or feedback on how you may have used these statistics via KAS.COVID19@gov.wales.    ",,,0.00,,1.00,0,,,,,1.00,0,,5.00,1,,2.00,0,,,,,2.00,0,,,2,,3,,5-15 yrs,5-15 yrs,2,2,2,2,5,,0,,22741065,201193,V,74.36,11.11,11.11,11.11,11.11,20.57,20.57,20.57,20.57,23.51,23.51,23.51,23.51,0.00
United Kingdom,GBR,,,NAT_TOTAL,20220702,0.00,,,,,,0.00,,,0.00,,,,,,0.00,,,0.00,,,,,,0.00,,,0.00,,,,,,0.00,,,0.00,,,,,,0.00,,,0.00,,,,,,0.00,,,0.00,,,,,,0.00,,,0.00,,,0.00,,0.00,,,0.00,,,,,,2.00,1,,2.00,,0.00,,,,0.00,,1.00,0,,,,,1.00,0,,5.00,1,,2.00,0,,,,,2.00,0,,,2,,3,,5-15 yrs,5-15 yrs,2,2,2,2,5,,0,,22741065,201283,V,74.39,11.11,11.11,11.11,11.11,20.57,20.57,20.57,20.57,23.51,23.51,23.51,23.51,0.00
United Kingdom,GBR,,,NAT_TOTAL,20220703,0.00,,,,,,0.00,,,0.00,,,,,,0.00,,,0.00,,,,,,0.00,,,0.00,,,,,,0.00,,,0.00,,,,,,0.00,,,0.00,,,,,,0.00,,,0.00,,,,,,0.00,,,0.00,,,0.00,,0.00,,,0.00,,,,,,2.00,1,,2.00,,0.00,,,,0.00,,1.00,0,,,,,1.00,0,,5.00,1,,2.00,0,,,,,2.00,0,,,2,,3,,5-15 yrs,5-15 yrs,2,2,2,2,5,,0,,22741065,201351,V,74.40,11.11,11.11,11.11,11.11,20.57,20.57,20.57,20.57,23.51,23.51,23.51,23.51,0.00
United Kingdom,GBR,,,NAT_TOTAL,20220704,0.00,,,,,,0.00,,,0.00,,,,,,0.00,,,0.00,,,,,,0.00,,,0.00,,,,,,0.00,,,0.00,,,,,,0.00,,,0.00,,,,,,0.00,,,0.00,,,,,,0.00,,,0.00,,,0.00,,0.00,,,0.00,,,,,,2.00,1,,2.00,,0.00,,,,0.00,,1.00,0,,,,,1.00,0,,5.00,1,,2.00,0,,,,,2.00,0,,,2,,3,,5-15 yrs,5-15 yrs,2,2,2,2,5,,0,,22741065,201440,V,74.41,11.11,11.11,11.11,11.11,20.57,20.57,20.57,20.57,23.51,23.51,23.51,23.51,0.00
United Kingdom,GBR,,,NAT_TOTAL,20220705,0.00,,,,,,0.00,,,0.00,,,,,,0.00,,,0.00,,,,,,0.00,,,0.00,,,,,,0.00,,,0.00,,,,,,0.00,,,0.00,,,,,,0.00,,,0.00,,,,,,0.00,,,0.00,,,0.00,,0.00,,,0.00,,,,,,2.00,1,,2.00,,0.00,,,,0.00,,1.00,0,,,,,1.00,0,,5.00,1,,2.00,0,,,,,2.00,0,,,2,,3,,5-15 yrs,5-15 yrs,2,2,2,2,5,,0,,22741065,201542,V,74.43,11.11,11.11,11.11,11.11,20.57,20.57,20.57,20.57,23.51,23.51,23.51,23.51,0.00
United Kingdom,GBR,,,NAT_TOTAL,20220706,0.00,,,,,,0.00,,,0.00,,,,,,0.00,,,0.00,,,,,,0.00,,,0.00,,,,,,0.00,,,0.00,,,,,,0.00,,,0.00,,,,,,0.00,,,0.00,,,,,,0.00,,,0.00,,,0.00,,0.00,,,0.00,,,,,,2.00,1,,2.00,,0.00,,,,0.00,,1.00,0,,,,,1.00,0,,5.00,1,,2.00,0,,,,,2.00,0,,,2,,3,,5-15 yrs,5-15 yrs,2,2,2,2,5,,0,,22883995,201656,V,74.44,11.11,11.11,11.11,11.11,20.57,20.57,20.57,20.57,23.51,23.51,23.51,23.51,0.00
United Kingdom,GBR,,,NAT_TOTAL,20220707,0.00,,,,,,0.00,,,0.00,,,,,,0.00,,,0.00,,,,,,0.00,,,0.00,,,,,,0.00,,,0.00,,,,,,0.00,,,0.00,,,,,,0.00,,,0.00,,,,,,0.00,,,0.00,,,0.00,,0.00,,,0.00,,,,,,2.00,1,,2.00,,0.00,,,,0.00,,1.00,0,,,,,1.00,0,,5.00,1,,2.00,0,,,,,2.00,0,,,2,,3,,5-15 yrs,5-15 yrs,2,2,2,2,5,,0,,22883995,201756,V,74.45,11.11,11.11,11.11,11.11,20.57,20.57,20.57,20.57,23.51,23.51,23.51,23.51,0.00
United Kingdom,GBR,,,NAT_TOTAL,20220708,0.00,,,,,,0.00,,,0.00,,,,,,0.00,,,0.00,,,,,,0.00,,,0.00,,,,,,0.00,,,0.00,,,,,,0.00,,,0.00,,,,,,0.00,,,0.00,,,,,,0.00,,,0.00,,,0.00,,0.00,,,0.00,,,,,,2.00,1,,2.00,,0.00,,,,0.00,,1.00,0,,,,,1.00,0,,5.00,1,,2.00,0,,,,,2.00,0,,,2,,3,,5-15 yrs,5-15 yrs,2,2,2,2,5,,0,,22883995,201864,V,74.47,11.11,11.11,11.11,11.11,20.57,20.57,20.57,20.57,23.51,23.51,23.51,23.51,0.00
United Kingdom,GBR,,,NAT_TOTAL,20220709,0.00,,,,,,0.00,,,0.00,,,,,,0.00,,,0.00,,,,,,0.00,,,0.00,,,,,,0.00,,,0.00,,,,,,0.00,,,0.00,,,,,,0.00,,,0.00,,,,,,0.00,,,0.00,,,0.00,,0.00,,,0.00,,,,,,2.00,1,,2.00,,0.00,,,,0.00,,1.00,0,,,,,1.00,0,,5.00,1,,2.00,0,,,,,2.00,0,,,2,,3,,5-15 yrs,5-15 yrs,2,2,2,2,5,,0,,22883995,201969,V,74.50,11.11,11.11,11.11,11.11,20.57,20.57,20.57,20.57,23.51,23.51,23.51,23.51,0.00
United Kingdom,GBR,,,NAT_TOTAL,20220710,0.00,,,,,,0.00,,,0.00,,,,,,0.00,,,0.00,,,,,,0.00,,,0.00,,,,,,0.00,,,0.00,,,,,,0.00,,,0.00,,,,,,0.00,,,0.00,,,,,,0.00,,,0.00,,,0.00,,0.00,,,0.00,,,,,,2.00,1,,2.00,,0.00,,,,0.00,,1.00,0,,,,,1.00,0,,5.00,1,,2.00,0,,,,,2.00,0,,,2,,3,,5-15 yrs,5-15 yrs,2,2,2,2,5,,0,,22883995,202085,V,74.52,11.11,11.11,11.11,11.11,20.57,20.57,20.57,20.57,23.51,23.51,23.51,23.51,0.00
United Kingdom,GBR,,,NAT_TOTAL,20220711,0.00,,,,,,0.00,,,0.00,,,,,,0.00,,,0.00,,,,,,0.00,,,0.00,,,,,,0.00,,,0.00,,,,,,0.00,,,0.00,,,,,,0.00,,,0.00,,,,,,0.00,,,0.00,,,0.00,,0.00,,,0.00,,,,,,2.00,1,,2.00,,0.00,,,,0.00,,1.00,0,,,,,1.00,0,,5.00,1,,2.00,0,,,,,2.00,0,,,2,,3,,5-15 yrs,5-15 yrs,2,2,2,2,5,,0,,22883995,202211,V,74.53,11.11,11.11,11.11,11.11,20.57,20.57,20.57,20.57,23.51,23.51,23.51,23.51,0.00
United Kingdom,GBR,,,NAT_TOTAL,20220712,0.00,,,,,,0.00,,,0.00,,,,,,0.00,,,0.00,,,,,,0.00,,,0.00,,,,,,0.00,,,0.00,,,,,,0.00,,,0.00,,,,,,0.00,,,0.00,,,,,,0.00,,,0.00,,,0.00,,0.00,,,0.00,,,,,,2.00,1,,2.00,,0.00,,,,0.00,,1.00,0,,,,,1.00,0,,5.00,1,,2.00,0,,,,,2.00,0,,,2,,3,,5-15 yrs,5-15 yrs,2,2,2,2,5,,0,,22883995,202361,V,74.54,11.11,11.11,11.11,11.11,20.57,20.57,20.57,20.57,23.51,23.51,23.51,23.51,0.00
United Kingdom,GBR,,,NAT_TOTAL,20220713,0.00,,,,,,0.00,,,0.00,,,,,,0.00,,,0.00,,,,,,0.00,,,0.00,,,,,,0.00,,,0.00,,,,,,0.00,,,0.00,,,,,,0.00,,,0.00,,,,,,0.00,,,0.00,,,0.00,,0.00,,,0.00,,,,,,2.00,1,,2.00,,0.00,,,,0.00,,1.00,0,,,,,1.00,0,,5.00,1,,2.00,0,,,,,2.00,0,,,2,,3,,5-15 yrs,5-15 yrs,2,2,2,2,5,,0,,23074908,202496,V,74.55,11.11,11.11,11.11,11.11,20.57,20.57,20.57,20.57,23.51,23.51,23.51,23.51,0.00
United Kingdom,GBR,,,NAT_TOTAL,20220714,0.00,,,,,,0.00,,,0.00,,,,,,0.00,,,0.00,,,,,,0.00,,,0.00,,,,,,0.00,,,0.00,,,,,,0.00,,,0.00,,,,,,0.00,,,0.00,,,,,,0.00,,,0.00,,,0.00,,0.00,,,0.00,,,,,,2.00,1,,2.00,,0.00,,,,0.00,,1.00,0,,,,,1.00,0,,5.00,1,,2.00,0,,,,,2.00,0,,,2,,3,,5-15 yrs,5-15 yrs,2,2,2,2,5,,0,,23074908,202621,V,74.57,11.11,11.11,11.11,11.11,20.57,20.57,20.57,20.57,23.51,23.51,23.51,23.51,0.00
United Kingdom,GBR,,,NAT_TOTAL,20220715,0.00,,,,,,0.00,,,0.00,,,,,,0.00,,,0.00,,,,,,0.00,,,0.00,,,,,,0.00,,,0.00,,,,,,0.00,,,0.00,,,,,,0.00,,,0.00,,,,,,0.00,,,0.00,,,0.00,,0.00,,,0.00,,,,,,2.00,1,,2.00,,0.00,,,,0.00,,1.00,0,,,,,1.00,0,,5.00,1,,2.00,0,,,,,2.00,0,,,2,,3,,5-15 yrs,5-15 yrs,2,2,2,2,5,,0,,23074908,202724,V,74.58,11.11,11.11,11.11,11.11,20.57,20.57,20.57,20.57,23.51,23.51,23.51,23.51,0.00
United Kingdom,GBR,,,NAT_TOTAL,20220716,0.00,,,,,,0.00,,,0.00,,,,,,0.00,,,0.00,,,,,,0.00,,,0.00,,,,,,0.00,,,0.00,,,,,,0.00,,,0.00,,,,,,0.00,,,0.00,,,,,,0.00,,,0.00,,,0.00,,0.00,,,0.00,,,,,,2.00,1,,2.00,,0.00,,,,0.00,,1.00,0,,,,,1.00,0,,5.00,1,,2.00,0,,,,,2.00,0,,,2,,3,,5-15 yrs,5-15 yrs,2,2,2,2,5,,0,,23074908,202838,V,74.62,11.11,11.11,11.11,11.11,20.57,20.57,20.57,20.57,23.51,23.51,23.51,23.51,0.00
United Kingdom,GBR,,,NAT_TOTAL,20220717,0.00,,,,,,0.00,,,0.00,,,,,,0.00,,,0.00,,,,,,0.00,,,0.00,,,,,,0.00,,,0.00,,,,,,0.00,,,0.00,,,,,,0.00,,,0.00,,,,,,0.00,,,0.00,,,0.00,,0.00,,,0.00,,,,,,2.00,1,,2.00,,0.00,,,,0.00,,1.00,0,,,,,1.00,0,,5.00,1,,2.00,0,,,,,2.00,0,,,2,,3,,5-15 yrs,5-15 yrs,2,2,2,2,5,,0,,23074908,202996,V,74.63,11.11,11.11,11.11,11.11,20.57,20.57,20.57,20.57,23.51,23.51,23.51,23.51,0.00
United Kingdom,GBR,,,NAT_TOTAL,20220718,0.00,,,,,,0.00,,,0.00,,,,,,0.00,,,0.00,,,,,,0.00,,,0.00,,,,,,0.00,,,0.00,,,,,,0.00,,,0.00,,,,,,0.00,,,0.00,,,,,,0.00,,,0.00,,,0.00,,0.00,,,0.00,,,,,,2.00,1,,2.00,,0.00,,,,0.00,,1.00,0,,,,,1.00,0,,5.00,1,,2.00,0,,,,,2.00,0,,,2,,3,,5-15 yrs,5-15 yrs,2,2,2,2,5,,0,,23074908,203122,V,74.64,11.11,11.11,11.11,11.11,20.57,20.57,20.57,20.57,23.51,23.51,23.51,23.51,0.00
United Kingdom,GBR,,,NAT_TOTAL,20220719,0.00,,,,,,0.00,,,0.00,,,,,,0.00,,,0.00,,,,,,0.00,,,0.00,,,,,,0.00,,,0.00,,,,,,0.00,,,0.00,,,,,,0.00,,,0.00,,,,,,0.00,,,0.00,,,0.00,,0.00,,,0.00,,,,,,2.00,1,,2.00,,0.00,,,,0.00,,1.00,0,,,,,1.00,0,,5.00,1,,2.00,0,,,,,2.00,0,,,2,,3,,5-15 yrs,5-15 yrs,2,2,2,2,5,,0,,23074908,203341,V,74.65,11.11,11.11,11.11,11.11,20.57,20.57,20.57,20.57,23.51,23.51,23.51,23.51,0.00
United Kingdom,GBR,,,NAT_TOTAL,20220720,0.00,,,,,,0.00,,,0.00,,,,,,0.00,,,0.00,,,,,,0.00,,,0.00,,,,,,0.00,,,0.00,,,,,,0.00,,,0.00,,,,,,0.00,,,0.00,,,,,,0.00,,,0.00,,,0.00,,0.00,,,0.00,,,,,,2.00,1,,2.00,,0.00,,,,0.00,,1.00,0,,,,,1.00,0,,5.00,1,,2.00,0,,,,,2.00,0,,,2,,3,,5-15 yrs,5-15 yrs,2,2,2,2,5,,0,,23212565,203530,V,74.66,11.11,11.11,11.11,11.11,20.57,20.57,20.57,20.57,23.51,23.51,23.51,23.51,0.00
United Kingdom,GBR,,,NAT_TOTAL,20220721,0.00,,,,,,0.00,,,0.00,,,,,,0.00,,,0.00,,,,,,0.00,,,0.00,,,,,,0.00,,,0.00,,,,,,0.00,,,0.00,,,,,,0.00,,,0.00,,,,,,0.00,,,0.00,,,0.00,,0.00,,,0.00,,,,,,2.00,1,,2.00,,0.00,,,,0.00,,1.00,0,,,,,1.00,0,,5.00,1,,2.00,0,,,,,2.00,0,,,2,,3,,5-15 yrs,5-15 yrs,2,2,2,2,5,,0,,23212565,203656,V,74.68,11.11,11.11,11.11,11.11,20.57,20.57,20.57,20.57,23.51,23.51,23.51,23.51,0.00
United Kingdom,GBR,,,NAT_TOTAL,20220722,0.00,,,,,,0.00,,,0.00,,,,,,0.00,,,0.00,,,,,,0.00,,,0.00,,,,,,0.00,,,0.00,,,,,,0.00,,,0.00,,,,,,0.00,,,0.00,,,,,,0.00,,,0.00,,,0.00,,0.00,,,0.00,,,,,,2.00,1,,2.00,,0.00,,,,0.00,,1.00,0,,,,,1.00,0,,5.00,1,,2.00,0,,,,,2.00,0,,,2,,3,,5-15 yrs,5-15 yrs,2,2,2,2,5,,0,,23212565,203772,V,74.69,11.11,11.11,11.11,11.11,20.57,20.57,20.57,20.57,23.51,23.51,23.51,23.51,0.00
United Kingdom,GBR,,,NAT_TOTAL,20220723,0.00,,,,,,0.00,,,0.00,,,,,,0.00,,,0.00,,,,,,0.00,,,0.00,,,,,,0.00,,,0.00,,,,,,0.00,,,0.00,,,,,,0.00,,,0.00,,,,,,0.00,,,0.00,,,0.00,,0.00,,,0.00,,,,,,2.00,1,,2.00,,0.00,,,,0.00,,1.00,0,,,,,1.00,0,,5.00,1,,2.00,0,,,,,2.00,0,,,2,,3,,5-15 yrs,5-15 yrs,2,2,2,2,5,,0,,23212565,203897,V,74.72,11.11,11.11,11.11,11.11,20.57,20.57,20.57,20.57,23.51,23.51,23.51,23.51,0.00
United Kingdom,GBR,,,NAT_TOTAL,20220724,0.00,,,,,,0.00,,,0.00,,,,,,0.00,,,0.00,,,,,,0.00,,,0.00,,,,,,0.00,,,0.00,,,,,,0.00,,,0.00,,,,,,0.00,,,0.00,,,,,,0.00,,,0.00,,,0.00,,0.00,,,0.00,,,,,,2.00,1,,2.00,,0.00,,,,0.00,,1.00,0,,,,,1.00,0,,5.00,1,,2.00,0,,,,,2.00,0,,,2,,3,,5-15 yrs,5-15 yrs,2,2,2,2,5,,0,,23212565,204028,V,74.74,11.11,11.11,11.11,11.11,20.57,20.57,20.57,20.57,23.51,23.51,23.51,23.51,0.00
United Kingdom,GBR,,,NAT_TOTAL,20220725,0.00,,,,,,0.00,,,0.00,,,,,,0.00,,,0.00,,,,,,0.00,,,0.00,,,,,,0.00,,,0.00,,,,,,0.00,,,0.00,,,,,,0.00,,,0.00,,,,,,0.00,,,0.00,,,0.00,,0.00,,,0.00,,,,,,2.00,1,,2.00,,0.00,,,,0.00,,1.00,0,,,,,1.00,0,,5.00,1,,2.00,0,,,,,2.00,0,,,2,,3,,5-15 yrs,5-15 yrs,2,2,2,2,5,,0,,23212565,204141,V,74.75,11.11,11.11,11.11,11.11,20.57,20.57,20.57,20.57,23.51,23.51,23.51,23.51,0.00
United Kingdom,GBR,,,NAT_TOTAL,20220726,0.00,,,,,,0.00,,"There are no measures in force across the UK    https://web.archive.org/web/20220725093641/https://gov.wales/sites/default/files/publications/2022-05/the-health-protection-coronavirus-restrictions-no-5-wales-regulations-2020-as-amended.pdf   https://web.archive.org/web/20220817054918/https://www.gov.uk/coronavirus  https://web.archive.org/web/20220816193150/https://www.gov.scot/coronavirus-covid-19/  https://web.archive.org/web/20220817011953/https://www.nidirect.gov.uk/campaigns/coronavirus-covid-19  ",0.00,,,,,,0.00,,"There are no measures in force across the UK    https://web.archive.org/web/20220725093641/https://gov.wales/sites/default/files/publications/2022-05/the-health-protection-coronavirus-restrictions-no-5-wales-regulations-2020-as-amended.pdf   https://web.archive.org/web/20220817054918/https://www.gov.uk/coronavirus  https://web.archive.org/web/20220816193150/https://www.gov.scot/coronavirus-covid-19/  https://web.archive.org/web/20220817011953/https://www.nidirect.gov.uk/campaigns/coronavirus-covid-19",0.00,,,,,,0.00,,"There are no measures in force across the UK    https://web.archive.org/web/20220725093641/https://gov.wales/sites/default/files/publications/2022-05/the-health-protection-coronavirus-restrictions-no-5-wales-regulations-2020-as-amended.pdf   https://web.archive.org/web/20220817054918/https://www.gov.uk/coronavirus  https://web.archive.org/web/20220816193150/https://www.gov.scot/coronavirus-covid-19/  https://web.archive.org/web/20220817011953/https://www.nidirect.gov.uk/campaigns/coronavirus-covid-19",0.00,,,,,,0.00,,"There are no measures in force across the UK    https://web.archive.org/web/20220725093641/https://gov.wales/sites/default/files/publications/2022-05/the-health-protection-coronavirus-restrictions-no-5-wales-regulations-2020-as-amended.pdf   https://web.archive.org/web/20220817054918/https://www.gov.uk/coronavirus  https://web.archive.org/web/20220816193150/https://www.gov.scot/coronavirus-covid-19/  https://web.archive.org/web/20220817011953/https://www.nidirect.gov.uk/campaigns/coronavirus-covid-19",0.00,,,,,,0.00,,"There are no measures in force across the UK    https://web.archive.org/web/20220725093641/https://gov.wales/sites/default/files/publications/2022-05/the-health-protection-coronavirus-restrictions-no-5-wales-regulations-2020-as-amended.pdf   https://web.archive.org/web/20220817054918/https://www.gov.uk/coronavirus  https://web.archive.org/web/20220816193150/https://www.gov.scot/coronavirus-covid-19/  https://web.archive.org/web/20220817011953/https://www.nidirect.gov.uk/campaigns/coronavirus-covid-19",0.00,,,,,,0.00,,"There are no measures in force across the UK    https://web.archive.org/web/20220725093641/https://gov.wales/sites/default/files/publications/2022-05/the-health-protection-coronavirus-restrictions-no-5-wales-regulations-2020-as-amended.pdf   https://web.archive.org/web/20220817054918/https://www.gov.uk/coronavirus  https://web.archive.org/web/20220816193150/https://www.gov.scot/coronavirus-covid-19/  https://web.archive.org/web/20220817011953/https://www.nidirect.gov.uk/campaigns/coronavirus-covid-19",0.00,,,,,,0.00,,"There are no measures in force across the UK    https://web.archive.org/web/20220725093641/https://gov.wales/sites/default/files/publications/2022-05/the-health-protection-coronavirus-restrictions-no-5-wales-regulations-2020-as-amended.pdf   https://web.archive.org/web/20220817054918/https://www.gov.uk/coronavirus  https://web.archive.org/web/20220816193150/https://www.gov.scot/coronavirus-covid-19/  https://web.archive.org/web/20220817011953/https://www.nidirect.gov.uk/campaigns/coronavirus-covid-19",0.00,,,0.00,"All measures were removed on 18 March 2022    https://web.archive.org/web/20220725094306/https://www.gov.uk/guidance/travel-to-england-from-another-country-during-coronavirus-covid-19",0.00,,"No policy in place",0.00,"No policy in place",,,,,2.00,1,"Still weekly updates although Wales and Northern Ireland no longer appear in the data    https://web.archive.org/web/20220817014425/https://coronavirus.data.gov.uk/",1.00,"Testing has moved from free in Wales to eligibility criteria    Eligibility for free testing  You can order free tests if:    a doctor or specialist has said you're eligible for new COVID-19 treatments  you are going to visit someone eligible for new COVID-19 treatments  your GP or healthcare professional asks you to take a test  You can order tests online for home delivery (on GOV.UK) or by calling 119. (Rydym yn croesawu galwadau’n Gymraeg / We welcome calls in Welsh).    If you wish to test but are not eligible for free lateral flow tests (LFTs) you can purchase them from various retailers.    https://web.archive.org/web/20220817015651/https://gov.wales/get-tested-coronavirus-covid-19",0.00,"Wales was the last country in the UK to stop contact tracing on 30th June 2022    https://web.archive.org/web/20220725123727/https://gov.wales/test-trace-protect-contact-tracing-coronavirus-covid-19-18-june-2022-html#:~:text=Routine%20contact%20tracing%20in%20Wales,the%20end%20of%20June%202022.    In line with the principles of the transition from pandemic to endemic, we are reducing the frequency of some of our regular COVID-19 statistical reporting. Routine contact tracing in Wales will stop at the end of June 2022. Consequently, the 7 July update will be the final edition of this report. We welcome any comments or feedback on how you may have used these statistics via KAS.COVID19@gov.wales.",,,0.00,"No investment numbers for the winter 2022 program have been made public yet    Over the last 2 years, through a combination of vaccine-induced immunity and immunity generated following natural infection (natural immunity), large proportions of the UK population have developed at least partial immunity against COVID-19. As the UK transitions from a period of pandemic emergency response to pandemic recovery, the focus will increasingly be on protecting those in society who continue to be more at risk of severe COVID-19. To achieve this, a planned and targeted vaccination programme is considered more appropriate than a reactive vaccination strategy.    For the 2022 autumn booster programme, the primary objective is to augment immunity in those at higher risk from COVID-19 and thereby optimise protection against severe COVID-19, specifically hospitalisation and death, over winter 2022 to 2023.    Accordingly, JCVI advises that for the 2022 autumn booster programme, the following groups should be offered a COVID-19 booster vaccine:    residents in a care home for older adults and staff working in care homes for older adults  frontline health and social care workers  all adults aged 50 years and over  persons aged 5 to 49 years in a clinical risk group, as set out in the Green Book, chapter 14a, tables 3 and 4  persons aged 5 to 49 years who are household contacts of people with immunosuppression  persons aged 16 to 49 years who are carers, as set out in the Green Book, chapter 14a, table 3    https://web.archive.org/web/20220816132227/https://www.gov.uk/government/publications/jcvi-updated-statement-on-the-covid-19-vaccination-programme-for-autumn-2022/joint-committee-on-vaccination-and-immunisation-jcvi-updated-statement-on-the-covid-19-vaccination-programme-for-autumn-2022",1.00,0,,,,,1.00,0,"In Scotland No legal requirements to wear face coverings as of 18 April 2022, but recommendation still in place on government website so recorded as a 1    https://web.archive.org/web/20220816193150/https://www.gov.scot/coronavirus-covid-19/",5.00,1,"There are 2 booster doses of the coronavirus (COVID-19) vaccine you may be able to get:    a booster for everyone aged 16 and over, and some children aged 12 to 15  a spring booster for people who turned 75 years on or before 30 June 2022, people who live in a care home for older people or people aged 12 and over who have a weakened immune system    https://web.archive.org/web/20220816000639/https://www.nhs.uk/conditions/coronavirus-covid-19/coronavirus-vaccination/how-to-get-a-coronavirus-vaccine/how-to-get-a-booster-dose/",2.00,0,,,,,2.00,0,,,2,"There are 2 booster doses of the coronavirus (COVID-19) vaccine you may be able to get:    a booster for everyone aged 16 and over, and some children aged 12 to 15  a spring booster for people who turned 75 years on or before 30 June 2022, people who live in a care home for older people or people aged 12 and over who have a weakened immune system    https://web.archive.org/web/20220816000639/https://www.nhs.uk/conditions/coronavirus-covid-19/coronavirus-vaccination/how-to-get-a-coronavirus-vaccine/how-to-get-a-booster-dose/",3,,5-15 yrs,5-15 yrs,2,2,2,2,5,,0,,23212565,204261,V,74.77,11.11,11.11,11.11,11.11,18.49,18.49,18.49,18.49,21.13,21.13,21.13,21.13,0.00
United Kingdom,GBR,,,NAT_TOTAL,20220727,0.00,,,,,,0.00,,,0.00,,,,,,0.00,,,0.00,,,,,,0.00,,,0.00,,,,,,0.00,,,0.00,,,,,,0.00,,,0.00,,,,,,0.00,,,0.00,,,,,,0.00,,,0.00,,,0.00,,0.00,,,0.00,,,,,,2.00,1,,1.00,,0.00,,,,0.00,,1.00,0,,,,,1.00,0,,5.00,1,,2.00,0,,,,,2.00,0,,,2,,3,,5-15 yrs,5-15 yrs,2,2,2,2,5,,0,,23304479,204375,V,74.78,11.11,11.11,11.11,11.11,18.49,18.49,18.49,18.49,21.13,21.13,21.13,21.13,0.00
United Kingdom,GBR,,,NAT_TOTAL,20220728,0.00,,,,,,0.00,,,0.00,,,,,,0.00,,,0.00,,,,,,0.00,,,0.00,,,,,,0.00,,,0.00,,,,,,0.00,,,0.00,,,,,,0.00,,,0.00,,,,,,0.00,,,0.00,,,0.00,,0.00,,,0.00,,,,,,2.00,1,,1.00,,0.00,,,,0.00,,1.00,0,,,,,1.00,0,,5.00,1,,2.00,0,,,,,2.00,0,,,2,,3,,5-15 yrs,5-15 yrs,2,2,2,2,5,,0,,23304479,204497,V,74.79,11.11,11.11,11.11,11.11,18.49,18.49,18.49,18.49,21.13,21.13,21.13,21.13,0.00
United Kingdom,GBR,,,NAT_TOTAL,20220729,0.00,,,,,,0.00,,,0.00,,,,,,0.00,,,0.00,,,,,,0.00,,,0.00,,,,,,0.00,,,0.00,,,,,,0.00,,,0.00,,,,,,0.00,,,0.00,,,,,,0.00,,,0.00,,,0.00,,0.00,,,0.00,,,,,,2.00,1,,1.00,,0.00,,,,0.00,,1.00,0,,,,,1.00,0,,5.00,1,,2.00,0,,,,,2.00,0,,,2,,3,,5-15 yrs,5-15 yrs,2,2,2,2,5,,0,,23304479,204613,V,74.81,11.11,11.11,11.11,11.11,18.49,18.49,18.49,18.49,21.13,21.13,21.13,21.13,0.00
United Kingdom,GBR,,,NAT_TOTAL,20220730,0.00,,,,,,0.00,,,0.00,,,,,,0.00,,,0.00,,,,,,0.00,,,0.00,,,,,,0.00,,,0.00,,,,,,0.00,,,0.00,,,,,,0.00,,,0.00,,,,,,0.00,,,0.00,,,0.00,,0.00,,,0.00,,,,,,2.00,1,,1.00,,0.00,,,,0.00,,1.00,0,,,,,1.00,0,,5.00,1,,2.00,0,,,,,2.00,0,,,2,,3,,5-15 yrs,5-15 yrs,2,2,2,2,5,,0,,23304479,204689,V,74.83,11.11,11.11,11.11,11.11,18.49,18.49,18.49,18.49,21.13,21.13,21.13,21.13,0.00
United Kingdom,GBR,,,NAT_TOTAL,20220731,0.00,,,,,,0.00,,,0.00,,,,,,0.00,,,0.00,,,,,,0.00,,,0.00,,,,,,0.00,,,0.00,,,,,,0.00,,,0.00,,,,,,0.00,,,0.00,,,,,,0.00,,,0.00,,,0.00,,0.00,,,0.00,,,,,,2.00,1,,1.00,,0.00,,,,0.00,,1.00,0,,,,,1.00,0,,5.00,1,,2.00,0,,,,,2.00,0,,,2,,3,,5-15 yrs,5-15 yrs,2,2,2,2,5,,0,,23304479,204785,V,74.84,11.11,11.11,11.11,11.11,18.49,18.49,18.49,18.49,21.13,21.13,21.13,21.13,0.00
United Kingdom,GBR,,,NAT_TOTAL,20220801,0.00,,,,,,0.00,,,0.00,,,,,,0.00,,,0.00,,,,,,0.00,,,0.00,,,,,,0.00,,,0.00,,,,,,0.00,,,0.00,,,,,,0.00,,,0.00,,,,,,0.00,,,0.00,,,0.00,,0.00,,,0.00,,,,,,2.00,1,,1.00,,0.00,,,,0.00,,1.00,0,,,,,1.00,0,,5.00,1,,2.00,0,,,,,2.00,0,,,2,,3,,5-15 yrs,5-15 yrs,2,2,2,2,5,,0,,23304479,204878,V,74.86,11.11,11.11,11.11,11.11,18.49,18.49,18.49,18.49,21.13,21.13,21.13,21.13,0.00
United Kingdom,GBR,,,NAT_TOTAL,20220802,0.00,,,,,,0.00,,,0.00,,,,,,0.00,,,0.00,,,,,,0.00,,,0.00,,,,,,0.00,,,0.00,,,,,,0.00,,,0.00,,,,,,0.00,,,0.00,,,,,,0.00,,,0.00,,,0.00,,0.00,,,0.00,,,,,,2.00,1,,1.00,,0.00,,,,0.00,,1.00,0,,,,,1.00,0,,5.00,1,,2.00,0,,,,,2.00,0,,,2,,3,,5-15 yrs,5-15 yrs,2,2,2,2,5,,0,,23304479,204979,V,74.87,11.11,11.11,11.11,11.11,18.49,18.49,18.49,18.49,21.13,21.13,21.13,21.13,0.00
United Kingdom,GBR,,,NAT_TOTAL,20220803,0.00,,,,,,0.00,,,0.00,,,,,,0.00,,,0.00,,,,,,0.00,,,0.00,,,,,,0.00,,,0.00,,,,,,0.00,,,0.00,,,,,,0.00,,,0.00,,,,,,0.00,,,0.00,,,0.00,,0.00,,,0.00,,,,,,2.00,1,,1.00,,0.00,,,,0.00,,1.00,0,,,,,1.00,0,,5.00,1,,2.00,0,,,,,2.00,0,,,2,,3,,5-15 yrs,5-15 yrs,2,2,2,2,5,,0,,23368899,205085,V,74.88,11.11,11.11,11.11,11.11,18.49,18.49,18.49,18.49,21.13,21.13,21.13,21.13,0.00
United Kingdom,GBR,,,NAT_TOTAL,20220804,0.00,,,,,,0.00,,,0.00,,,,,,0.00,,,0.00,,,,,,0.00,,,0.00,,,,,,0.00,,,0.00,,,,,,0.00,,,0.00,,,,,,0.00,,,0.00,,,,,,0.00,,,0.00,,,0.00,,0.00,,,0.00,,,,,,2.00,1,,1.00,,0.00,,,,0.00,,1.00,0,,,,,1.00,0,,5.00,1,,2.00,0,,,,,2.00,0,,,2,,3,,5-15 yrs,5-15 yrs,2,2,2,2,5,,0,,23368899,205168,V,74.89,11.11,11.11,11.11,11.11,18.49,18.49,18.49,18.49,21.13,21.13,21.13,21.13,0.00
United Kingdom,GBR,,,NAT_TOTAL,20220805,0.00,,,,,,0.00,,,0.00,,,,,,0.00,,,0.00,,,,,,0.00,,,0.00,,,,,,0.00,,,0.00,,,,,,0.00,,,0.00,,,,,,0.00,,,0.00,,,,,,0.00,,,0.00,,,0.00,,0.00,,,0.00,,,,,,2.00,1,,1.00,,0.00,,,,0.00,,1.00,0,,,,,1.00,0,,5.00,1,,2.00,0,,,,,2.00,0,,,2,,3,,5-15 yrs,5-15 yrs,2,2,2,2,5,,0,,23368899,205254,V,74.90,11.11,11.11,11.11,11.11,18.49,18.49,18.49,18.49,21.13,21.13,21.13,21.13,0.00
United Kingdom,GBR,,,NAT_TOTAL,20220806,0.00,,,,,,0.00,,,0.00,,,,,,0.00,,,0.00,,,,,,0.00,,,0.00,,,,,,0.00,,,0.00,,,,,,0.00,,,0.00,,,,,,0.00,,,0.00,,,,,,0.00,,,0.00,,,0.00,,0.00,,,0.00,,,,,,2.00,1,,1.00,,0.00,,,,0.00,,1.00,0,,,,,1.00,0,,5.00,1,,2.00,0,,,,,2.00,0,,,2,,3,,5-15 yrs,5-15 yrs,2,2,2,2,5,,0,,23368899,205320,V,74.92,11.11,11.11,11.11,11.11,18.49,18.49,18.49,18.49,21.13,21.13,21.13,21.13,0.00
United Kingdom,GBR,,,NAT_TOTAL,20220807,0.00,,,,,,0.00,,,0.00,,,,,,0.00,,,0.00,,,,,,0.00,,,0.00,,,,,,0.00,,,0.00,,,,,,0.00,,,0.00,,,,,,0.00,,,0.00,,,,,,0.00,,,0.00,,,0.00,,0.00,,,0.00,,,,,,2.00,1,,1.00,,0.00,,,,0.00,,1.00,0,,,,,1.00,0,,5.00,1,,2.00,0,,,,,2.00,0,,,2,,3,,5-15 yrs,5-15 yrs,2,2,2,2,5,,0,,23368899,205420,V,74.93,11.11,11.11,11.11,11.11,18.49,18.49,18.49,18.49,21.13,21.13,21.13,21.13,0.00
United Kingdom,GBR,,,NAT_TOTAL,20220808,0.00,,,,,,0.00,,,0.00,,,,,,0.00,,,0.00,,,,,,0.00,,,0.00,,,,,,0.00,,,0.00,,,,,,0.00,,,0.00,,,,,,0.00,,,0.00,,,,,,0.00,,,0.00,,,0.00,,0.00,,,0.00,,,,,,2.00,1,,1.00,,0.00,,,,0.00,,1.00,0,,,,,1.00,0,,5.00,1,,2.00,0,,,,,2.00,0,,,2,,3,,5-15 yrs,5-15 yrs,2,2,2,2,5,,0,,23368899,205517,V,74.94,11.11,11.11,11.11,11.11,18.49,18.49,18.49,18.49,21.13,21.13,21.13,21.13,0.00
United Kingdom,GBR,,,NAT_TOTAL,20220809,0.00,,,,,,0.00,,,0.00,,,,,,0.00,,,0.00,,,,,,0.00,,,0.00,,,,,,0.00,,,0.00,,,,,,0.00,,,0.00,,,,,,0.00,,,0.00,,,,,,0.00,,,0.00,,,0.00,,0.00,,,0.00,,,,,,2.00,1,,1.00,,0.00,,,,0.00,,1.00,0,,,,,1.00,0,,5.00,1,,2.00,0,,,,,2.00,0,,,2,,3,,5-15 yrs,5-15 yrs,2,2,2,2,5,,0,,23368899,205606,V,74.95,11.11,11.11,11.11,11.11,18.49,18.49,18.49,18.49,21.13,21.13,21.13,21.13,0.00
United Kingdom,GBR,,,NAT_TOTAL,20220810,0.00,,,,,,0.00,,,0.00,,,,,,0.00,,,0.00,,,,,,0.00,,,0.00,,,,,,0.00,,,0.00,,,,,,0.00,,,0.00,,,,,,0.00,,,0.00,,,,,,0.00,,,0.00,,,0.00,,0.00,,,0.00,,,,,,2.00,1,,1.00,,0.00,,,,0.00,,1.00,0,,,,,1.00,0,,5.00,1,,2.00,0,,,,,2.00,0,,,2,,3,,5-15 yrs,5-15 yrs,2,2,2,2,5,,0,,23420826,205680,V,74.95,11.11,11.11,11.11,11.11,18.49,18.49,18.49,18.49,21.13,21.13,21.13,21.13,0.00
United Kingdom,GBR,,,NAT_TOTAL,20220811,0.00,,,,,,0.00,,,0.00,,,,,,0.00,,,0.00,,,,,,0.00,,,0.00,,,,,,0.00,,,0.00,,,,,,0.00,,,0.00,,,,,,0.00,,,0.00,,,,,,0.00,,,0.00,,,0.00,,0.00,,,0.00,,,,,,2.00,1,,1.00,,0.00,,,,0.00,,1.00,0,,,,,1.00,0,,5.00,1,,2.00,0,,,,,2.00,0,,,2,,3,,5-15 yrs,5-15 yrs,2,2,2,2,5,,0,,23420826,205779,V,74.96,11.11,11.11,11.11,11.11,18.49,18.49,18.49,18.49,21.13,21.13,21.13,21.13,0.00
United Kingdom,GBR,,,NAT_TOTAL,20220812,0.00,,,,,,0.00,,,0.00,,,,,,0.00,,,0.00,,,,,,0.00,,,0.00,,,,,,0.00,,,0.00,,,,,,0.00,,,0.00,,,,,,0.00,,,0.00,,,,,,0.00,,,0.00,,,0.00,,0.00,,,0.00,,,,,,2.00,1,,1.00,,0.00,,,,0.00,,1.00,0,,,,,1.00,0,,5.00,1,,2.00,0,,,,,2.00,0,,,2,,3,,5-15 yrs,5-15 yrs,2,2,2,2,5,,0,,23420826,205883,V,74.97,11.11,11.11,11.11,11.11,18.49,18.49,18.49,18.49,21.13,21.13,21.13,21.13,0.00
United Kingdom,GBR,,,NAT_TOTAL,20220813,0.00,,,,,,0.00,,,0.00,,,,,,0.00,,,0.00,,,,,,0.00,,,0.00,,,,,,0.00,,,0.00,,,,,,0.00,,,0.00,,,,,,0.00,,,0.00,,,,,,0.00,,,0.00,,,0.00,,0.00,,,0.00,,,,,,2.00,1,,1.00,,0.00,,,,0.00,,1.00,0,,,,,1.00,0,,5.00,1,,2.00,0,,,,,2.00,0,,,2,,3,,5-15 yrs,5-15 yrs,2,2,2,2,5,,0,,23420826,205973,V,74.99,11.11,11.11,11.11,11.11,18.49,18.49,18.49,18.49,21.13,21.13,21.13,21.13,0.00
United Kingdom,GBR,,,NAT_TOTAL,20220814,0.00,,,,,,0.00,,,0.00,,,,,,0.00,,,0.00,,,,,,0.00,,,0.00,,,,,,0.00,,,0.00,,,,,,0.00,,,0.00,,,,,,0.00,,,0.00,,,,,,0.00,,,0.00,,,0.00,,0.00,,,0.00,,,,,,2.00,1,,1.00,,0.00,,,,0.00,,1.00,0,,,,,1.00,0,,5.00,1,,2.00,0,,,,,2.00,0,,,2,,3,,5-15 yrs,5-15 yrs,2,2,2,2,5,,0,,23420826,206063,V,74.99,11.11,11.11,11.11,11.11,18.49,18.49,18.49,18.49,21.13,21.13,21.13,21.13,0.00
United Kingdom,GBR,,,NAT_TOTAL,20220815,0.00,,,,,,0.00,,,0.00,,,,,,0.00,,,0.00,,,,,,0.00,,,0.00,,,,,,0.00,,,0.00,,,,,,0.00,,,0.00,,,,,,0.00,,,0.00,,,,,,0.00,,,0.00,,,0.00,,0.00,,,0.00,,,,,,2.00,1,,1.00,,0.00,,,,0.00,,1.00,0,,,,,1.00,0,,5.00,1,,2.00,0,,,,,2.00,0,"Visiting Guidance update for Western Trust Hospitals  The Western Trust  is easing its current visiting guidance to hospital sites to allow two visitors to visit at the same time, for one hour per day, per patient from FOUR nominated visitors. Exceptions continue to apply in some areas. If the number of COVID-19 cases continue to decrease in the local community over the coming weeks, it is hoped that the Trust will move to a further ‘gradual easing’ of restrictions. This will be reviewed on Monday 5 September 2022.    Important information on visiting any Western Trust hospital:  Two visitors (from FOUR nominees) are permitted to visit for one hour, once per day at the same time.  Maternity Services – birthing partner can attend twice daily. One other nominated visitor can visit once daily at the same time as birthing partner.  Neonatal Units – both parents or two nominated visitors to spend as much time with their baby as they wish.  Children’s Ward – Any child admitted to the Children’s Ward can be accompanied by two people (either/both parents or two nominated caregivers from up to two households), at all times for the duration of the stay. We would however ask that parents or other nominated visitors swap places (one person at a time at the bedside) to enable us to maintain effective social distancing.  Cancer Services – will remain unchanged. This is subject to local discretion in response to individualised risk assessment due to the vulnerability of the patients being cared for in these units  The Trust treats the safety of our patients, staff and everyone attending our facilities with the utmost importance and therefore strongly advise that anyone attending any of our facilities to visit a loved one, to take a lateral flow test prior to attending.  DO NOT ATTEND any Western Trust hospital or facility if you have any symptoms of COVID-19 or are a close contact of someone who is confirmed COVID-19 positive.  DO NOT ATTEND any Western Trust hospital or facility after Day 5 of testing positive. You should wait until after Day 10 before visiting.  All infection and prevention control measures MUST be adhered to when attending any Western Trust hospital or facility and this includes wearing a facemask properly which covers your nose and mouth at all times. In addition you must adhere to proper hand washing and social distancing guidelines at all times when visiting.  Based on high risk of COVID-19 transmission it is important to note that some wards are unable to allow visiting at this time and you will be informed of this when you ring to book your visit.  Depending on the continued level of COVID-19 transmission in the community, all temporary measures are subject to review.  A further review of the Visiting Guidance will take place again on Monday 5 September 2022.    https://web.archive.org/web/20220817111049/https://westerntrust.hscni.net/western-trust-covid-19-information-updates/western-trust-covid19-visiting-guidance/",,2,,3,,5-15 yrs,5-15 yrs,2,2,2,2,5,,0,,23420826,206151,V,75.01,11.11,11.11,11.11,11.11,18.49,18.49,18.49,18.49,21.13,21.13,21.13,21.13,0.00
United Kingdom,GBR,,,NAT_TOTAL,20220816,0.00,,,,,,0.00,,,0.00,,,,,,0.00,,,0.00,,,,,,0.00,,,0.00,,,,,,0.00,,,0.00,,,,,,0.00,,,0.00,,,,,,0.00,,,0.00,,,,,,0.00,,,0.00,,,0.00,,0.00,,,0.00,,,,,,2.00,1,,1.00,,0.00,,,,0.00,,1.00,0,,,,,1.00,0,,5.00,1,,2.00,0,,,,,2.00,0,,,2,,3,,5-15 yrs,5-15 yrs,2,2,2,2,5,,0,,23420826,206220,V,75.01,11.11,11.11,11.11,11.11,18.49,18.49,18.49,18.49,21.13,21.13,21.13,21.13,0.00
United Kingdom,GBR,,,NAT_TOTAL,20220817,0.00,,,,,,0.00,,,0.00,,,,,,0.00,,,0.00,,,,,,0.00,,,0.00,,,,,,0.00,,,0.00,,,,,,0.00,,,0.00,,,,,,0.00,,,0.00,,,,,,0.00,,,0.00,,,0.00,,0.00,,,0.00,,,,,,2.00,1,,1.00,,0.00,,,,0.00,,1.00,0,,,,,1.00,0,,5.00,1,,2.00,0,,,,,2.00,0,,,2,,3,,5-15 yrs,5-15 yrs,2,2,2,2,5,,0,,23460787,206276,V,75.02,11.11,11.11,11.11,11.11,18.49,18.49,18.49,18.49,21.13,21.13,21.13,21.13,0.00
United Kingdom,GBR,,,NAT_TOTAL,20220818,0.00,,,,,,0.00,,"There are no measures in place across the UK    https://web.archive.org/web/20221006232423/https://www.gov.uk/coronavirus  https://web.archive.org/web/20221007094356/https://gov.wales/public-health-guidance-general-public  https://web.archive.org/web/20221004121508/https://www.gov.scot/coronavirus-covid-19/  https://web.archive.org/web/20221004224603/https://www.nidirect.gov.uk/campaigns/coronavirus-covid-19  ",0.00,,,,,,0.00,,"There are no measures in place across the UK    https://web.archive.org/web/20221006232423/https://www.gov.uk/coronavirus  https://web.archive.org/web/20221007094356/https://gov.wales/public-health-guidance-general-public  https://web.archive.org/web/20221004121508/https://www.gov.scot/coronavirus-covid-19/  https://web.archive.org/web/20221004224603/https://www.nidirect.gov.uk/campaigns/coronavirus-covid-19  ",0.00,,,,,,0.00,,"There are no measures in place across the UK    https://web.archive.org/web/20221006232423/https://www.gov.uk/coronavirus  https://web.archive.org/web/20221007094356/https://gov.wales/public-health-guidance-general-public  https://web.archive.org/web/20221004121508/https://www.gov.scot/coronavirus-covid-19/  https://web.archive.org/web/20221004224603/https://www.nidirect.gov.uk/campaigns/coronavirus-covid-19  ",0.00,,,,,,0.00,,"There are no measures in place across the UK    https://web.archive.org/web/20221006232423/https://www.gov.uk/coronavirus  https://web.archive.org/web/20221007094356/https://gov.wales/public-health-guidance-general-public  https://web.archive.org/web/20221004121508/https://www.gov.scot/coronavirus-covid-19/  https://web.archive.org/web/20221004224603/https://www.nidirect.gov.uk/campaigns/coronavirus-covid-19  ",0.00,,,,,,0.00,,"There are no measures in place across the UK    https://web.archive.org/web/20221006232423/https://www.gov.uk/coronavirus  https://web.archive.org/web/20221007094356/https://gov.wales/public-health-guidance-general-public  https://web.archive.org/web/20221004121508/https://www.gov.scot/coronavirus-covid-19/  https://web.archive.org/web/20221004224603/https://www.nidirect.gov.uk/campaigns/coronavirus-covid-19  ",0.00,,,,,,0.00,,"There are no measures in place across the UK    https://web.archive.org/web/20221006232423/https://www.gov.uk/coronavirus  https://web.archive.org/web/20221007094356/https://gov.wales/public-health-guidance-general-public  https://web.archive.org/web/20221004121508/https://www.gov.scot/coronavirus-covid-19/  https://web.archive.org/web/20221004224603/https://www.nidirect.gov.uk/campaigns/coronavirus-covid-19  ",0.00,,,,,,0.00,,"There are no measures in place across the UK    https://web.archive.org/web/20221006232423/https://www.gov.uk/coronavirus  https://web.archive.org/web/20221007094356/https://gov.wales/public-health-guidance-general-public  https://web.archive.org/web/20221004121508/https://www.gov.scot/coronavirus-covid-19/  https://web.archive.org/web/20221004224603/https://www.nidirect.gov.uk/campaigns/coronavirus-covid-19  ",0.00,,,0.00,"All measures were removed on 18 March 2022    https://web.archive.org/web/20221004003308/https://www.gov.uk/guidance/travel-to-england-from-another-country-during-coronavirus-covid-19",0.00,,"No policy in place",0.00,"No policy in place",,,,,1.00,1,"Little updating of anything other than weekly numbers    https://web.archive.org/web/20221006051806/https://www.gov.uk/guidance/living-safely-with-respiratory-infections-including-covid-19",1.00,"In Wales    Eligibility for free testing  You can order free tests if:    a doctor or specialist has said you're eligible for new COVID-19 treatments  your GP or healthcare professional asks you to take a test  You can order tests online for home delivery (on GOV.UK) or by calling 119. (Rydym yn croesawu galwadau’n Gymraeg / We welcome calls in Welsh).    If you wish to test but are not eligible for free lateral flow tests (LFTs) you can purchase them from various retailers.    https://web.archive.org/web/20221005215312/https://gov.wales/get-tested-coronavirus-covid-19",0.00,"No contact tracing in place in the UK",,,0.00,"No investment figures announced",1.00,0,,,,,1.00,0,"Facial coverings are still strongly recommended in all indoor settings in Wales, Northern Ireland and Scotland.    https://web.archive.org/web/20221115152339/https://www.nidirect.gov.uk/articles/coronavirus-covid-19-face-coverings-guidance  https://web.archive.org/web/20221115154111/https://www.gov.scot/publications/coronavirus-covid-19-staying-safe-and-protecting-others/pages/face-coverings/  https://web.archive.org/web/20221115145740/https://gov.wales/public-health-guidance-general-public  https://web.archive.org/web/20221115152315/https://www.gov.uk/guidance/living-safely-with-respiratory-infections-including-covid-19",5.00,1,"The primary aim of the COVID-19 autumn booster programme is to increase immunity in those at higher risk of severe COVID-19 during winter 2022 to 2023.    The Joint Committee on Vaccination and immunisation (JCVI) previously advised who would be offered a COVID-19 booster vaccine in autumn 2022. This includes:    residents in a care home for older adults and staff working in care homes for older adults  frontline health and social care workers  all adults aged 50 years and over  persons aged 5 to 49 years in a clinical risk group, as set out in the Green Book  persons aged 5 to 49 years who are household contacts of people with immunosuppression  persons aged 16 to 49 years who are carers, as set out in the Green Book  Following review of vaccine products which may be available for use in the autumn booster programme, JCVI advises the following principles for vaccine deployment:    Timeliness of vaccination is more important than the type of booster vaccine used. The key priority of the autumn programme should be for eligible individuals to be offered a booster vaccine dose to increase their immunity against severe COVID-19 (hospitalisation and death) ahead of winter 2022 to 2023, as described in the previous advice of 15 July 2022.    Simplicity is central to an efficient vaccination programme. Deployment of a single type of vaccine throughout the autumn booster programme promotes simplicity and is therefore desirable. If sufficient doses of mRNA bivalent Original ‘wild-type’/Omicron BA.1 vaccine become available to complete the autumn booster programme, JCVI considers that it is expedient to aim to offer authorised bivalent vaccines throughout the autumn programme, subject to operational considerations. Where substantial delays might be incurred in deploying a bivalent vaccine, the principle of timeliness should take priority and an alternative UK-approved booster vaccine offered, such as a monovalent Original ‘wild-type’ mRNA vaccine. Individuals offered vaccination should be advised that timely boosting is desirable to increase protection over the winter, and therefore to accept whichever booster vaccine is offered.    When there are constraints to vaccine supply or deployment, priority for vaccination should be given to those at higher individual clinical risk of severe COVID-19, such as those of older age.    Vaccination of health and social care workers closer to the winter months would optimise the benefits to the NHS arising from vaccine-induced protection against Omicron symptomatic illness and transmission, as such protection is likely to be of relatively short duration. Operational flexibility is however appropriate in delivery of vaccines to health and social care workers.    The autumn booster vaccine dose should be offered at least 3 months after the previous dose. Operational flexibility may be applied to maximise timely delivery of the autumn programme and in consideration of individual circumstances.    https://web.archive.org/web/20221005155259/https://www.gov.uk/government/publications/covid-19-vaccines-for-autumn-2022-jcvi-advice-15-august-2022/jcvi-statement-on-the-covid-19-booster-vaccination-programme-for-autumn-2022-update-15-august-2022",2.00,0,,,,,2.00,0,"Restrictions remain in place for Western Trust    Visiting Guidance update for Western Trust Hospitals  The Western Trust    visiting guidance to hospital sites will continue to allow two visitors to visit at the same time, for one hour per day, per patient from FOUR nominated visitors. This will be reviewed again on Monday 10 October 2022.    There has been an easing of restrictions to maternity services which will now allow three nominated visitors, an increase from two previously. Partners can now attend twice daily, however the other two nominated visitors can only visit once per day.    Important information on visiting any Western Trust hospital:  Two visitors (from FOUR nominees) are permitted to visit for one hour, once per day at the same time.  Maternity Services – There has been an easing of restrictions to maternity services which will now allow 3 nominated visitors, an increase from two previously. Partners can now also attend twice daily, however the other two nominated visitors can only visit one daily.  Neonatal Units – both parents or two nominated visitors to spend as much time with their baby as they wish.  Children’s Ward – Any child admitted to the Children’s Ward can be accompanied by two people (either/both parents or two nominated caregivers from up to two households), at all times for the duration of the stay.  We would however ask that parents or other nominated visitors swap places (one person at a time at the bedside) to enable us to maintain effective social distancing.  Cancer Services – Ward 50 (North West Cancer Centre) at Altnagelvin will now allow for two nominated persons to visit for one hour, once a week. To keep our patients and staff safe from infection risks, virtual visiting remains the preferred option, in order to reduce the risk of COVID-19 spread.  Elective Wards (Wards 3, 21 and 43) at Altnagelvin Hospital and Elective Ward 9 at South West Acute Hospital will now allow one visitor from two nominated visitors to visit for one hour, once per day for post operation patients only. A time slot will need be arranged directly with the Ward.  Based on high risk of COVID-19 transmission it is important to note that some wards are unable to allow visiting at this time and you will be informed of this when you ring to book your visit.  Depending on the continued level of COVID-19 transmission in the community, all temporary measures are subject to review.    https://web.archive.org/web/20221007101233/https://westerntrust.hscni.net/western-trust-covid-19-information-updates/western-trust-covid19-visiting-guidance/",,2,"The primary aim of the COVID-19 autumn booster programme is to increase immunity in those at higher risk of severe COVID-19 during winter 2022 to 2023.    The Joint Committee on Vaccination and immunisation (JCVI) previously advised who would be offered a COVID-19 booster vaccine in autumn 2022. This includes:    residents in a care home for older adults and staff working in care homes for older adults  frontline health and social care workers  all adults aged 50 years and over  persons aged 5 to 49 years in a clinical risk group, as set out in the Green Book  persons aged 5 to 49 years who are household contacts of people with immunosuppression  persons aged 16 to 49 years who are carers, as set out in the Green Book  Following review of vaccine products which may be available for use in the autumn booster programme, JCVI advises the following principles for vaccine deployment:    Timeliness of vaccination is more important than the type of booster vaccine used. The key priority of the autumn programme should be for eligible individuals to be offered a booster vaccine dose to increase their immunity against severe COVID-19 (hospitalisation and death) ahead of winter 2022 to 2023, as described in the previous advice of 15 July 2022.    Simplicity is central to an efficient vaccination programme. Deployment of a single type of vaccine throughout the autumn booster programme promotes simplicity and is therefore desirable. If sufficient doses of mRNA bivalent Original ‘wild-type’/Omicron BA.1 vaccine become available to complete the autumn booster programme, JCVI considers that it is expedient to aim to offer authorised bivalent vaccines throughout the autumn programme, subject to operational considerations. Where substantial delays might be incurred in deploying a bivalent vaccine, the principle of timeliness should take priority and an alternative UK-approved booster vaccine offered, such as a monovalent Original ‘wild-type’ mRNA vaccine. Individuals offered vaccination should be advised that timely boosting is desirable to increase protection over the winter, and therefore to accept whichever booster vaccine is offered.    When there are constraints to vaccine supply or deployment, priority for vaccination should be given to those at higher individual clinical risk of severe COVID-19, such as those of older age.    Vaccination of health and social care workers closer to the winter months would optimise the benefits to the NHS arising from vaccine-induced protection against Omicron symptomatic illness and transmission, as such protection is likely to be of relatively short duration. Operational flexibility is however appropriate in delivery of vaccines to health and social care workers.    The autumn booster vaccine dose should be offered at least 3 months after the previous dose. Operational flexibility may be applied to maximise timely delivery of the autumn programme and in consideration of individual circumstances.    https://web.archive.org/web/20221005155259/https://www.gov.uk/government/publications/covid-19-vaccines-for-autumn-2022-jcvi-advice-15-august-2022/jcvi-statement-on-the-covid-19-booster-vaccination-programme-for-autumn-2022-update-15-august-2022",3,,5-15 yrs,5-15 yrs,2,2,2,2,5,,0,,23460787,206338,V,75.03,5.56,5.56,5.56,5.56,15.36,15.36,15.36,15.36,17.56,17.56,17.56,17.56,0.00
United Kingdom,GBR,,,NAT_TOTAL,20220819,0.00,,,,,,0.00,,,0.00,,,,,,0.00,,,0.00,,,,,,0.00,,,0.00,,,,,,0.00,,,0.00,,,,,,0.00,,,0.00,,,,,,0.00,,,0.00,,,,,,0.00,,,0.00,,,0.00,,0.00,,,0.00,,,,,,1.00,1,,1.00,,0.00,,,,0.00,,1.00,0,,,,,1.00,0,,5.00,1,,2.00,0,,,,,2.00,0,,,2,,3,,5-15 yrs,5-15 yrs,2,2,2,2,5,,0,,23460787,206406,V,75.04,5.56,5.56,5.56,5.56,15.36,15.36,15.36,15.36,17.56,17.56,17.56,17.56,0.00
United Kingdom,GBR,,,NAT_TOTAL,20220820,0.00,,,,,,0.00,,,0.00,,,,,,0.00,,,0.00,,,,,,0.00,,,0.00,,,,,,0.00,,,0.00,,,,,,0.00,,,0.00,,,,,,0.00,,,0.00,,,,,,0.00,,,0.00,,,0.00,,0.00,,,0.00,,,,,,1.00,1,,1.00,,0.00,,,,0.00,,1.00,0,,,,,1.00,0,,5.00,1,,2.00,0,,,,,2.00,0,,,2,,3,,5-15 yrs,5-15 yrs,2,2,2,2,5,,0,,23460787,206481,V,75.05,5.56,5.56,5.56,5.56,15.36,15.36,15.36,15.36,17.56,17.56,17.56,17.56,0.00
United Kingdom,GBR,,,NAT_TOTAL,20220821,0.00,,,,,,0.00,,,0.00,,,,,,0.00,,,0.00,,,,,,0.00,,,0.00,,,,,,0.00,,,0.00,,,,,,0.00,,,0.00,,,,,,0.00,,,0.00,,,,,,0.00,,,0.00,,,0.00,,0.00,,,0.00,,,,,,1.00,1,,1.00,,0.00,,,,0.00,,1.00,0,,,,,1.00,0,,5.00,1,,2.00,0,,,,,2.00,0,,,2,,3,,5-15 yrs,5-15 yrs,2,2,2,2,5,,0,,23460787,206541,V,75.06,5.56,5.56,5.56,5.56,15.36,15.36,15.36,15.36,17.56,17.56,17.56,17.56,0.00
United Kingdom,GBR,,,NAT_TOTAL,20220822,0.00,,,,,,0.00,,,0.00,,,,,,0.00,,,0.00,,,,,,0.00,,,0.00,,,,,,0.00,,,0.00,,,,,,0.00,,,0.00,,,,,,0.00,,,0.00,,,,,,0.00,,,0.00,,,0.00,,0.00,,,0.00,,,,,,1.00,1,,1.00,,0.00,,,,0.00,,1.00,0,,,,,1.00,0,,5.00,1,,2.00,0,,,,,2.00,0,,,2,,3,,5-15 yrs,5-15 yrs,2,2,2,2,5,,0,,23460787,206604,V,75.07,5.56,5.56,5.56,5.56,15.36,15.36,15.36,15.36,17.56,17.56,17.56,17.56,0.00
United Kingdom,GBR,,,NAT_TOTAL,20220823,0.00,,,,,,0.00,,,0.00,,,,,,0.00,,,0.00,,,,,,0.00,,,0.00,,,,,,0.00,,,0.00,,,,,,0.00,,,0.00,,,,,,0.00,,,0.00,,,,,,0.00,,,0.00,,,0.00,,0.00,,,0.00,,,,,,1.00,1,,1.00,,0.00,,,,0.00,,1.00,0,,,,,1.00,0,,5.00,1,,2.00,0,,,,,2.00,0,,,2,,3,,5-15 yrs,5-15 yrs,2,2,2,2,5,,0,,23460787,206682,V,75.08,5.56,5.56,5.56,5.56,15.36,15.36,15.36,15.36,17.56,17.56,17.56,17.56,0.00
United Kingdom,GBR,,,NAT_TOTAL,20220824,0.00,,,,,,0.00,,,0.00,,,,,,0.00,,,0.00,,,,,,0.00,,,0.00,,,,,,0.00,,,0.00,,,,,,0.00,,,0.00,,,,,,0.00,,,0.00,,,,,,0.00,,,0.00,,,0.00,,0.00,,,0.00,,,,,,1.00,1,,1.00,,0.00,,,,0.00,,1.00,0,,,,,1.00,0,,5.00,1,,2.00,0,,,,,2.00,0,,,2,,3,,5-15 yrs,5-15 yrs,2,2,2,2,5,,0,,23460787,206734,V,75.09,5.56,5.56,5.56,5.56,15.36,15.36,15.36,15.36,17.56,17.56,17.56,17.56,0.00
United Kingdom,GBR,,,NAT_TOTAL,20220825,0.00,,,,,,0.00,,,0.00,,,,,,0.00,,,0.00,,,,,,0.00,,,0.00,,,,,,0.00,,,0.00,,,,,,0.00,,,0.00,,,,,,0.00,,,0.00,,,,,,0.00,,,0.00,,,0.00,,0.00,,,0.00,,,,,,1.00,1,,1.00,,0.00,,,,0.00,,1.00,0,,,,,1.00,0,,5.00,1,,2.00,0,,,,,2.00,0,,,2,,3,,5-15 yrs,5-15 yrs,2,2,2,2,5,,0,,23492875,206782,V,75.10,5.56,5.56,5.56,5.56,15.36,15.36,15.36,15.36,17.56,17.56,17.56,17.56,0.00
United Kingdom,GBR,,,NAT_TOTAL,20220826,0.00,,,,,,0.00,,,0.00,,,,,,0.00,,,0.00,,,,,,0.00,,,0.00,,,,,,0.00,,,0.00,,,,,,0.00,,,0.00,,,,,,0.00,,,0.00,,,,,,0.00,,,0.00,,,0.00,,0.00,,,0.00,,,,,,1.00,1,,1.00,,0.00,,,,0.00,,1.00,0,,,,,1.00,0,,5.00,1,,2.00,0,,,,,2.00,0,,,2,,3,,5-15 yrs,5-15 yrs,2,2,2,2,5,,0,,23492875,206825,V,75.10,5.56,5.56,5.56,5.56,15.36,15.36,15.36,15.36,17.56,17.56,17.56,17.56,0.00
United Kingdom,GBR,,,NAT_TOTAL,20220827,0.00,,,,,,0.00,,,0.00,,,,,,0.00,,,0.00,,,,,,0.00,,,0.00,,,,,,0.00,,,0.00,,,,,,0.00,,,0.00,,,,,,0.00,,,0.00,,,,,,0.00,,,0.00,,,0.00,,0.00,,,0.00,,,,,,1.00,1,,1.00,,0.00,,,,0.00,,1.00,0,,,,,1.00,0,,5.00,1,,2.00,0,,,,,2.00,0,,,2,,3,,5-15 yrs,5-15 yrs,2,2,2,2,5,,0,,23492875,206882,V,75.12,5.56,5.56,5.56,5.56,15.36,15.36,15.36,15.36,17.56,17.56,17.56,17.56,0.00
United Kingdom,GBR,,,NAT_TOTAL,20220828,0.00,,,,,,0.00,,,0.00,,,,,,0.00,,,0.00,,,,,,0.00,,,0.00,,,,,,0.00,,,0.00,,,,,,0.00,,,0.00,,,,,,0.00,,,0.00,,,,,,0.00,,,0.00,,,0.00,,0.00,,,0.00,,,,,,1.00,1,,1.00,,0.00,,,,0.00,,1.00,0,,,,,1.00,0,,5.00,1,,2.00,0,,,,,2.00,0,,,2,,3,,5-15 yrs,5-15 yrs,2,2,2,2,5,,0,,23492875,206943,V,75.12,5.56,5.56,5.56,5.56,15.36,15.36,15.36,15.36,17.56,17.56,17.56,17.56,0.00
United Kingdom,GBR,,,NAT_TOTAL,20220829,0.00,,,,,,0.00,,,0.00,,,,,,0.00,,,0.00,,,,,,0.00,,,0.00,,,,,,0.00,,,0.00,,,,,,0.00,,,0.00,,,,,,0.00,,,0.00,,,,,,0.00,,,0.00,,,0.00,,0.00,,,0.00,,,,,,1.00,1,,1.00,,0.00,,,,0.00,,1.00,0,,,,,1.00,0,,5.00,1,,2.00,0,,,,,2.00,0,,,2,,3,,5-15 yrs,5-15 yrs,2,2,2,2,5,,0,,23492875,206997,V,75.12,5.56,5.56,5.56,5.56,15.36,15.36,15.36,15.36,17.56,17.56,17.56,17.56,0.00
United Kingdom,GBR,,,NAT_TOTAL,20220830,0.00,,,,,,0.00,,,0.00,,,,,,0.00,,,0.00,,,,,,0.00,,,0.00,,,,,,0.00,,,0.00,,,,,,0.00,,,0.00,,,,,,0.00,,,0.00,,,,,,0.00,,,0.00,,,0.00,,0.00,,,0.00,,,,,,1.00,1,,1.00,,0.00,,,,0.00,,1.00,0,,,,,1.00,0,,5.00,1,,2.00,0,,,,,2.00,0,,,2,,3,,5-15 yrs,5-15 yrs,2,2,2,2,5,,0,,23492875,207040,V,75.13,5.56,5.56,5.56,5.56,15.36,15.36,15.36,15.36,17.56,17.56,17.56,17.56,0.00
United Kingdom,GBR,,,NAT_TOTAL,20220831,0.00,,,,,,0.00,,,0.00,,,,,,0.00,,,0.00,,,,,,0.00,,,0.00,,,,,,0.00,,,0.00,,,,,,0.00,,,0.00,,,,,,0.00,,,0.00,,,,,,0.00,,,0.00,,,0.00,,0.00,,,0.00,,,,,,1.00,1,,1.00,,0.00,,,,0.00,,1.00,0,,,,,1.00,0,,5.00,1,,2.00,0,,,,,2.00,0,,,2,,3,,5-15 yrs,5-15 yrs,2,2,2,2,5,,0,,23521792,207114,V,75.14,5.56,5.56,5.56,5.56,15.36,15.36,15.36,15.36,17.56,17.56,17.56,17.56,0.00
United Kingdom,GBR,,,NAT_TOTAL,20220901,0.00,,,,,,0.00,,,0.00,,,,,,0.00,,,0.00,,,,,,0.00,,,0.00,,,,,,0.00,,,0.00,,,,,,0.00,,,0.00,,,,,,0.00,,,0.00,,,,,,0.00,,,0.00,,,0.00,,0.00,,,0.00,,,,,,1.00,1,,1.00,,0.00,,,,0.00,,1.00,0,,,,,1.00,0,,5.00,1,,2.00,0,,,,,2.00,0,,,2,,3,,5-15 yrs,5-15 yrs,2,2,2,2,5,,0,,23521792,207157,V,75.15,5.56,5.56,5.56,5.56,15.36,15.36,15.36,15.36,17.56,17.56,17.56,17.56,0.00
United Kingdom,GBR,,,NAT_TOTAL,20220902,0.00,,,,,,0.00,,,0.00,,,,,,0.00,,,0.00,,,,,,0.00,,,0.00,,,,,,0.00,,,0.00,,,,,,0.00,,,0.00,,,,,,0.00,,,0.00,,,,,,0.00,,,0.00,,,0.00,,0.00,,,0.00,,,,,,1.00,1,,1.00,,0.00,,,,0.00,,1.00,0,,,,,1.00,0,,5.00,1,,2.00,0,,,,,2.00,0,,,2,,3,,5-15 yrs,5-15 yrs,2,2,2,2,5,,0,,23521792,207204,V,75.15,5.56,5.56,5.56,5.56,15.36,15.36,15.36,15.36,17.56,17.56,17.56,17.56,0.00
United Kingdom,GBR,,,NAT_TOTAL,20220903,0.00,,,,,,0.00,,,0.00,,,,,,0.00,,,0.00,,,,,,0.00,,,0.00,,,,,,0.00,,,0.00,,,,,,0.00,,,0.00,,,,,,0.00,,,0.00,,,,,,0.00,,,0.00,,,0.00,,0.00,,,0.00,,,,,,1.00,1,,1.00,,0.00,,,,0.00,,1.00,0,,,,,1.00,0,,5.00,1,,2.00,0,,,,,2.00,0,,,2,,3,,5-15 yrs,5-15 yrs,2,2,2,2,5,,0,,23521792,207258,V,75.16,5.56,5.56,5.56,5.56,15.36,15.36,15.36,15.36,17.56,17.56,17.56,17.56,0.00
United Kingdom,GBR,,,NAT_TOTAL,20220904,0.00,,,,,,0.00,,,0.00,,,,,,0.00,,,0.00,,,,,,0.00,,,0.00,,,,,,0.00,,,0.00,,,,,,0.00,,,0.00,,,,,,0.00,,,0.00,,,,,,0.00,,,0.00,,,0.00,,0.00,,,0.00,,,,,,1.00,1,,1.00,,0.00,,,,0.00,,1.00,0,,,,,1.00,0,,5.00,1,,2.00,0,,,,,2.00,0,,,2,,3,,5-15 yrs,5-15 yrs,2,2,2,2,5,,0,,23521792,207303,V,75.17,5.56,5.56,5.56,5.56,15.36,15.36,15.36,15.36,17.56,17.56,17.56,17.56,0.00
United Kingdom,GBR,,,NAT_TOTAL,20220905,0.00,,,,,,0.00,,,0.00,,,,,,0.00,,,0.00,,,,,,0.00,,,0.00,,,,,,0.00,,,0.00,,,,,,0.00,,,0.00,,,,,,0.00,,,0.00,,,,,,0.00,,,0.00,,,0.00,,0.00,,,0.00,,,,,,1.00,1,,1.00,,0.00,,,,0.00,,1.00,0,,,,,1.00,0,,5.00,1,,2.00,0,,,,,2.00,0,,,2,,3,,5-15 yrs,5-15 yrs,2,2,2,2,5,,0,,23521792,207342,V,75.17,5.56,5.56,5.56,5.56,15.36,15.36,15.36,15.36,17.56,17.56,17.56,17.56,0.00
United Kingdom,GBR,,,NAT_TOTAL,20220906,0.00,,,,,,0.00,,,0.00,,,,,,0.00,,,0.00,,,,,,0.00,,,0.00,,,,,,0.00,,,0.00,,,,,,0.00,,,0.00,,,,,,0.00,,,0.00,,,,,,0.00,,,0.00,,,0.00,,0.00,,,0.00,,,,,,1.00,1,,1.00,,0.00,,,,0.00,,1.00,0,,,,,1.00,0,,5.00,1,,2.00,0,,,,,2.00,0,,,2,,3,,5-15 yrs,5-15 yrs,2,2,2,2,5,,0,,23521792,207381,V,75.17,5.56,5.56,5.56,5.56,15.36,15.36,15.36,15.36,17.56,17.56,17.56,17.56,0.00
United Kingdom,GBR,,,NAT_TOTAL,20220907,0.00,,,,,,0.00,,,0.00,,,,,,0.00,,,0.00,,,,,,0.00,,,0.00,,,,,,0.00,,,0.00,,,,,,0.00,,,0.00,,,,,,0.00,,,0.00,,,,,,0.00,,,0.00,,,0.00,,0.00,,,0.00,,,,,,1.00,1,,1.00,,0.00,,,,0.00,,1.00,0,,,,,1.00,0,,5.00,1,,2.00,0,,,,,2.00,0,,,2,,3,,5-15 yrs,5-15 yrs,2,2,2,2,5,,0,,23521792,207440,V,75.18,5.56,5.56,5.56,5.56,15.36,15.36,15.36,15.36,17.56,17.56,17.56,17.56,0.00
United Kingdom,GBR,,,NAT_TOTAL,20220908,0.00,,,,,,0.00,,,0.00,,,,,,0.00,,,0.00,,,,,,0.00,,,0.00,,,,,,0.00,,,0.00,,,,,,0.00,,,0.00,,,,,,0.00,,,0.00,,,,,,0.00,,,0.00,,,0.00,,0.00,,,0.00,,,,,,1.00,1,,1.00,,0.00,,,,0.00,,1.00,0,,,,,1.00,0,,5.00,1,,2.00,0,,,,,2.00,0,,,2,,3,,5-15 yrs,5-15 yrs,2,2,2,2,5,,0,,23554519,207485,V,75.18,5.56,5.56,5.56,5.56,15.36,15.36,15.36,15.36,17.56,17.56,17.56,17.56,0.00
United Kingdom,GBR,,,NAT_TOTAL,20220909,0.00,,,,,,0.00,,,0.00,,,,,,0.00,,,0.00,,,,,,0.00,,,0.00,,,,,,0.00,,,0.00,,,,,,0.00,,,0.00,,,,,,0.00,,,0.00,,,,,,0.00,,,0.00,,,0.00,,0.00,,,0.00,,,,,,1.00,1,,1.00,,0.00,,,,0.00,,1.00,0,,,,,1.00,0,,5.00,1,,2.00,0,,,,,2.00,0,,,2,,3,,5-15 yrs,5-15 yrs,2,2,2,2,5,,0,,23554519,207522,V,75.18,5.56,5.56,5.56,5.56,15.36,15.36,15.36,15.36,17.56,17.56,17.56,17.56,0.00
United Kingdom,GBR,,,NAT_TOTAL,20220910,0.00,,,,,,0.00,,,0.00,,,,,,0.00,,,0.00,,,,,,0.00,,,0.00,,,,,,0.00,,,0.00,,,,,,0.00,,,0.00,,,,,,0.00,,,0.00,,,,,,0.00,,,0.00,,,0.00,,0.00,,,0.00,,,,,,1.00,1,,1.00,,0.00,,,,0.00,,1.00,0,,,,,1.00,0,,5.00,1,,2.00,0,,,,,2.00,0,,,2,,3,,5-15 yrs,5-15 yrs,2,2,2,2,5,,0,,23554519,207565,V,75.19,5.56,5.56,5.56,5.56,15.36,15.36,15.36,15.36,17.56,17.56,17.56,17.56,0.00
United Kingdom,GBR,,,NAT_TOTAL,20220911,0.00,,,,,,0.00,,,0.00,,,,,,0.00,,,0.00,,,,,,0.00,,,0.00,,,,,,0.00,,,0.00,,,,,,0.00,,,0.00,,,,,,0.00,,,0.00,,,,,,0.00,,,0.00,,,0.00,,0.00,,,0.00,,,,,,1.00,1,,1.00,,0.00,,,,0.00,,1.00,0,,,,,1.00,0,,5.00,1,,2.00,0,,,,,2.00,0,,,2,,3,,5-15 yrs,5-15 yrs,2,2,2,2,5,,0,,23554519,207595,V,75.19,5.56,5.56,5.56,5.56,15.36,15.36,15.36,15.36,17.56,17.56,17.56,17.56,0.00
United Kingdom,GBR,,,NAT_TOTAL,20220912,0.00,,,,,,0.00,,,0.00,,,,,,0.00,,,0.00,,,,,,0.00,,,0.00,,,,,,0.00,,,0.00,,,,,,0.00,,,0.00,,,,,,0.00,,,0.00,,,,,,0.00,,,0.00,,,0.00,,0.00,,,0.00,,,,,,1.00,1,,1.00,,0.00,,,,0.00,,1.00,0,,,,,1.00,0,,5.00,1,,2.00,0,,,,,2.00,0,,,2,,3,,5-15 yrs,5-15 yrs,2,2,2,2,5,,0,,23554519,207637,V,75.19,5.56,5.56,5.56,5.56,15.36,15.36,15.36,15.36,17.56,17.56,17.56,17.56,0.00
United Kingdom,GBR,,,NAT_TOTAL,20220913,0.00,,,,,,0.00,,,0.00,,,,,,0.00,,,0.00,,,,,,0.00,,,0.00,,,,,,0.00,,,0.00,,,,,,0.00,,,0.00,,,,,,0.00,,,0.00,,,,,,0.00,,,0.00,,,0.00,,0.00,,,0.00,,,,,,1.00,1,,1.00,,0.00,,,,0.00,,1.00,0,,,,,1.00,0,,5.00,1,,2.00,0,,,,,2.00,0,,,2,,3,,5-15 yrs,5-15 yrs,2,2,2,2,5,,0,,23554519,207686,V,75.19,5.56,5.56,5.56,5.56,15.36,15.36,15.36,15.36,17.56,17.56,17.56,17.56,0.00
United Kingdom,GBR,,,NAT_TOTAL,20220914,0.00,,,,,,0.00,,,0.00,,,,,,0.00,,,0.00,,,,,,0.00,,,0.00,,,,,,0.00,,,0.00,,,,,,0.00,,,0.00,,,,,,0.00,,,0.00,,,,,,0.00,,,0.00,,,0.00,,0.00,,,0.00,,,,,,1.00,1,,1.00,,0.00,,,,0.00,,1.00,0,,,,,1.00,0,,5.00,1,,2.00,0,,,,,2.00,0,,,2,,3,,5-15 yrs,5-15 yrs,2,2,2,2,5,,0,,23554519,207730,V,75.19,5.56,5.56,5.56,5.56,15.36,15.36,15.36,15.36,17.56,17.56,17.56,17.56,0.00
United Kingdom,GBR,,,NAT_TOTAL,20220915,0.00,,,,,,0.00,,,0.00,,,,,,0.00,,,0.00,,,,,,0.00,,,0.00,,,,,,0.00,,,0.00,,,,,,0.00,,,0.00,,,,,,0.00,,,0.00,,,,,,0.00,,,0.00,,,0.00,,0.00,,,0.00,,,,,,1.00,1,,1.00,,0.00,,,,0.00,,1.00,0,,,,,1.00,0,,5.00,1,,2.00,0,,,,,2.00,0,,,2,,3,,5-15 yrs,5-15 yrs,2,2,2,2,5,,0,,23585305,207777,V,75.19,5.56,5.56,5.56,5.56,15.36,15.36,15.36,15.36,17.56,17.56,17.56,17.56,0.00
United Kingdom,GBR,,,NAT_TOTAL,20220916,0.00,,,,,,0.00,,,0.00,,,,,,0.00,,,0.00,,,,,,0.00,,,0.00,,,,,,0.00,,,0.00,,,,,,0.00,,,0.00,,,,,,0.00,,,0.00,,,,,,0.00,,,0.00,,,0.00,,0.00,,,0.00,,,,,,1.00,1,,1.00,,0.00,,,,0.00,,1.00,0,,,,,1.00,0,,5.00,1,,2.00,0,,,,,2.00,0,,,2,,3,,5-15 yrs,5-15 yrs,2,2,2,2,5,,0,,23585305,207814,V,75.19,5.56,5.56,5.56,5.56,15.36,15.36,15.36,15.36,17.56,17.56,17.56,17.56,0.00
United Kingdom,GBR,,,NAT_TOTAL,20220917,0.00,,,,,,0.00,,,0.00,,,,,,0.00,,,0.00,,,,,,0.00,,,0.00,,,,,,0.00,,,0.00,,,,,,0.00,,,0.00,,,,,,0.00,,,0.00,,,,,,0.00,,,0.00,,,0.00,,0.00,,,0.00,,,,,,1.00,1,,1.00,,0.00,,,,0.00,,1.00,0,,,,,1.00,0,,5.00,1,,2.00,0,,,,,2.00,0,,,2,,3,,5-15 yrs,5-15 yrs,2,2,2,2,5,,0,,23585305,207854,V,75.19,5.56,5.56,5.56,5.56,15.36,15.36,15.36,15.36,17.56,17.56,17.56,17.56,0.00
United Kingdom,GBR,,,NAT_TOTAL,20220918,0.00,,,,,,0.00,,,0.00,,,,,,0.00,,,0.00,,,,,,0.00,,,0.00,,,,,,0.00,,,0.00,,,,,,0.00,,,0.00,,,,,,0.00,,,0.00,,,,,,0.00,,,0.00,,,0.00,,0.00,,,0.00,,,,,,1.00,1,,1.00,,0.00,,,,0.00,,1.00,0,,,,,1.00,0,,5.00,1,,2.00,0,,,,,2.00,0,,,2,,3,,5-15 yrs,5-15 yrs,2,2,2,2,5,,0,,23585305,207894,V,75.19,5.56,5.56,5.56,5.56,15.36,15.36,15.36,15.36,17.56,17.56,17.56,17.56,0.00
United Kingdom,GBR,,,NAT_TOTAL,20220919,0.00,,,,,,0.00,,,0.00,,,,,,0.00,,,0.00,,,,,,0.00,,,0.00,,,,,,0.00,,,0.00,,,,,,0.00,,,0.00,,,,,,0.00,,,0.00,,,,,,0.00,,,0.00,,,0.00,,0.00,,,0.00,,,,,,1.00,1,,1.00,,0.00,,,,0.00,,1.00,0,,,,,1.00,0,,5.00,1,,2.00,0,,,,,2.00,0,,,2,,3,,5-15 yrs,5-15 yrs,2,2,2,2,5,,0,,23585305,207943,V,75.19,5.56,5.56,5.56,5.56,15.36,15.36,15.36,15.36,17.56,17.56,17.56,17.56,0.00
United Kingdom,GBR,,,NAT_TOTAL,20220920,0.00,,,,,,0.00,,,0.00,,,,,,0.00,,,0.00,,,,,,0.00,,,0.00,,,,,,0.00,,,0.00,,,,,,0.00,,,0.00,,,,,,0.00,,,0.00,,,,,,0.00,,,0.00,,,0.00,,0.00,,,0.00,,,,,,1.00,1,,1.00,,0.00,,,,0.00,,1.00,0,,,,,1.00,0,,5.00,1,,2.00,0,,,,,2.00,0,,,2,,3,,5-15 yrs,5-15 yrs,2,2,2,2,5,,0,,23585305,207992,V,75.19,5.56,5.56,5.56,5.56,15.36,15.36,15.36,15.36,17.56,17.56,17.56,17.56,0.00
United Kingdom,GBR,,,NAT_TOTAL,20220921,0.00,,,,,,0.00,,,0.00,,,,,,0.00,,,0.00,,,,,,0.00,,,0.00,,,,,,0.00,,,0.00,,,,,,0.00,,,0.00,,,,,,0.00,,,0.00,,,,,,0.00,,,0.00,,,0.00,,0.00,,,0.00,,,,,,1.00,1,,1.00,,0.00,,,,0.00,,1.00,0,,,,,1.00,0,,5.00,1,,2.00,0,,,,,2.00,0,,,2,,3,,5-15 yrs,5-15 yrs,2,2,2,2,5,,0,,23585305,208029,V,75.19,5.56,5.56,5.56,5.56,15.36,15.36,15.36,15.36,17.56,17.56,17.56,17.56,0.00
United Kingdom,GBR,,,NAT_TOTAL,20220922,0.00,,,,,,0.00,,,0.00,,,,,,0.00,,,0.00,,,,,,0.00,,,0.00,,,,,,0.00,,,0.00,,,,,,0.00,,,0.00,,,,,,0.00,,,0.00,,,,,,0.00,,,0.00,,,0.00,,0.00,,,0.00,,,,,,1.00,1,,1.00,,0.00,,,,0.00,,1.00,0,,,,,1.00,0,,5.00,1,,2.00,0,,,,,2.00,0,,,2,,3,,5-15 yrs,5-15 yrs,2,2,2,2,5,,0,,23621952,208079,V,75.19,5.56,5.56,5.56,5.56,15.36,15.36,15.36,15.36,17.56,17.56,17.56,17.56,0.00
United Kingdom,GBR,,,NAT_TOTAL,20220923,0.00,,,,,,0.00,,,0.00,,,,,,0.00,,,0.00,,,,,,0.00,,,0.00,,,,,,0.00,,,0.00,,,,,,0.00,,,0.00,,,,,,0.00,,,0.00,,,,,,0.00,,,0.00,,,0.00,,0.00,,,0.00,,,,,,1.00,1,,1.00,,0.00,,,,0.00,,1.00,0,,,,,1.00,0,,5.00,1,,2.00,0,,,,,2.00,0,,,2,,3,,5-15 yrs,5-15 yrs,2,2,2,2,5,,0,,23621952,208133,V,75.19,5.56,5.56,5.56,5.56,15.36,15.36,15.36,15.36,17.56,17.56,17.56,17.56,0.00
United Kingdom,GBR,,,NAT_TOTAL,20220924,0.00,,,,,,0.00,,,0.00,,,,,,0.00,,,0.00,,,,,,0.00,,,0.00,,,,,,0.00,,,0.00,,,,,,0.00,,,0.00,,,,,,0.00,,,0.00,,,,,,0.00,,,0.00,,,0.00,,0.00,,,0.00,,,,,,1.00,1,,1.00,,0.00,,,,0.00,,1.00,0,,,,,1.00,0,,5.00,1,,2.00,0,,,,,2.00,0,,,2,,3,,5-15 yrs,5-15 yrs,2,2,2,2,5,,0,,23621952,208182,V,75.19,5.56,5.56,5.56,5.56,15.36,15.36,15.36,15.36,17.56,17.56,17.56,17.56,0.00
United Kingdom,GBR,,,NAT_TOTAL,20220925,0.00,,,,,,0.00,,,0.00,,,,,,0.00,,,0.00,,,,,,0.00,,,0.00,,,,,,0.00,,,0.00,,,,,,0.00,,,0.00,,,,,,0.00,,,0.00,,,,,,0.00,,,0.00,,,0.00,,0.00,,,0.00,,,,,,1.00,1,,1.00,,0.00,,,,0.00,,1.00,0,,,,,1.00,0,,5.00,1,,2.00,0,,,,,2.00,0,,,2,,3,,5-15 yrs,5-15 yrs,2,2,2,2,5,,0,,23621952,208223,V,75.19,5.56,5.56,5.56,5.56,15.36,15.36,15.36,15.36,17.56,17.56,17.56,17.56,0.00
United Kingdom,GBR,,,NAT_TOTAL,20220926,0.00,,,,,,0.00,,,0.00,,,,,,0.00,,,0.00,,,,,,0.00,,,0.00,,,,,,0.00,,,0.00,,,,,,0.00,,,0.00,,,,,,0.00,,,0.00,,,,,,0.00,,,0.00,,,0.00,,0.00,,,0.00,,,,,,1.00,1,,1.00,,0.00,,,,0.00,,1.00,0,,,,,1.00,0,,5.00,1,,2.00,0,,,,,2.00,0,,,2,,3,,5-15 yrs,5-15 yrs,2,2,2,2,5,,0,,23621952,208285,V,75.19,5.56,5.56,5.56,5.56,15.36,15.36,15.36,15.36,17.56,17.56,17.56,17.56,0.00
United Kingdom,GBR,,,NAT_TOTAL,20220927,0.00,,,,,,0.00,,,0.00,,,,,,0.00,,,0.00,,,,,,0.00,,,0.00,,,,,,0.00,,,0.00,,,,,,0.00,,,0.00,,,,,,0.00,,,0.00,,,,,,0.00,,,0.00,,,0.00,,0.00,,,0.00,,,,,,1.00,1,,1.00,,0.00,,,,0.00,,1.00,0,,,,,1.00,0,,5.00,1,,2.00,0,,,,,2.00,0,,,2,,3,,5-15 yrs,5-15 yrs,2,2,2,2,5,,0,,23621952,208353,V,75.19,5.56,5.56,5.56,5.56,15.36,15.36,15.36,15.36,17.56,17.56,17.56,17.56,0.00
United Kingdom,GBR,,,NAT_TOTAL,20220928,0.00,,,,,,0.00,,,0.00,,,,,,0.00,,,0.00,,,,,,0.00,,,0.00,,,,,,0.00,,,0.00,,,,,,0.00,,,0.00,,,,,,0.00,,,0.00,,,,,,0.00,,,0.00,,,0.00,,0.00,,,0.00,,,,,,1.00,1,,1.00,,0.00,,,,0.00,,1.00,0,,,,,1.00,0,,5.00,1,,2.00,0,,,,,2.00,0,,,2,,3,,5-15 yrs,5-15 yrs,2,2,2,2,5,,0,,23621952,208413,V,75.19,5.56,5.56,5.56,5.56,15.36,15.36,15.36,15.36,17.56,17.56,17.56,17.56,0.00
United Kingdom,GBR,,,NAT_TOTAL,20220929,0.00,,,,,,0.00,,,0.00,,,,,,0.00,,,0.00,,,,,,0.00,,,0.00,,,,,,0.00,,,0.00,,,,,,0.00,,,0.00,,,,,,0.00,,,0.00,,,,,,0.00,,,0.00,,,0.00,,0.00,,,0.00,,,,,,1.00,1,,1.00,,0.00,,,,0.00,,1.00,0,,,,,1.00,0,,5.00,1,,2.00,0,,,,,2.00,0,,,2,,3,,5-15 yrs,5-15 yrs,2,2,2,2,5,,0,,23672852,208480,V,75.19,5.56,5.56,5.56,5.56,15.36,15.36,15.36,15.36,17.56,17.56,17.56,17.56,0.00
United Kingdom,GBR,,,NAT_TOTAL,20220930,0.00,,,,,,0.00,,,0.00,,,,,,0.00,,,0.00,,,,,,0.00,,,0.00,,,,,,0.00,,,0.00,,,,,,0.00,,,0.00,,,,,,0.00,,,0.00,,,,,,0.00,,,0.00,,,0.00,,0.00,,,0.00,,,,,,1.00,1,,1.00,,0.00,,,,0.00,,1.00,0,,,,,1.00,0,,5.00,1,,2.00,0,,,,,2.00,0,,,2,,3,,5-15 yrs,5-15 yrs,2,2,2,2,5,,0,,23672852,208543,V,75.19,5.56,5.56,5.56,5.56,15.36,15.36,15.36,15.36,17.56,17.56,17.56,17.56,0.00
United Kingdom,GBR,,,NAT_TOTAL,20221001,0.00,,,,,,0.00,,,0.00,,,,,,0.00,,,0.00,,,,,,0.00,,,0.00,,,,,,0.00,,,0.00,,,,,,0.00,,,0.00,,,,,,0.00,,,0.00,,,,,,0.00,,,0.00,,,0.00,,0.00,,,0.00,,,,,,1.00,1,,1.00,,0.00,,,,0.00,,1.00,0,,,,,1.00,0,,5.00,1,,2.00,0,,,,,2.00,0,,,2,,3,,5-15 yrs,5-15 yrs,2,2,2,2,5,,0,,23672852,208621,V,75.19,5.56,5.56,5.56,5.56,15.36,15.36,15.36,15.36,17.56,17.56,17.56,17.56,0.00
United Kingdom,GBR,,,NAT_TOTAL,20221002,0.00,,,,,,0.00,,,0.00,,,,,,0.00,,,0.00,,,,,,0.00,,,0.00,,,,,,0.00,,,0.00,,,,,,0.00,,,0.00,,,,,,0.00,,,0.00,,,,,,0.00,,,0.00,,,0.00,,0.00,,,0.00,,,,,,1.00,1,,1.00,,0.00,,,,0.00,,1.00,0,,,,,1.00,0,,5.00,1,,2.00,0,,,,,2.00,0,,,2,,3,,5-15 yrs,5-15 yrs,2,2,2,2,5,,0,,23672852,208684,V,75.19,5.56,5.56,5.56,5.56,15.36,15.36,15.36,15.36,17.56,17.56,17.56,17.56,0.00
United Kingdom,GBR,,,NAT_TOTAL,20221003,0.00,,,,,,0.00,,,0.00,,,,,,0.00,,,0.00,,,,,,0.00,,,0.00,,,,,,0.00,,,0.00,,,,,,0.00,,,0.00,,,,,,0.00,,,0.00,,,,,,0.00,,,0.00,,,0.00,,0.00,,,0.00,,,,,,1.00,1,,1.00,,0.00,,,,0.00,,1.00,0,,,,,1.00,0,,5.00,1,,2.00,0,,,,,2.00,0,,,2,,3,,5-15 yrs,5-15 yrs,2,2,2,2,5,,0,,23672852,208766,V,75.19,5.56,5.56,5.56,5.56,15.36,15.36,15.36,15.36,17.56,17.56,17.56,17.56,0.00
United Kingdom,GBR,,,NAT_TOTAL,20221004,0.00,,,,,,0.00,,,0.00,,,,,,0.00,,,0.00,,,,,,0.00,,,0.00,,,,,,0.00,,,0.00,,,,,,0.00,,,0.00,,,,,,0.00,,,0.00,,,,,,0.00,,,0.00,,,0.00,,0.00,,,0.00,,,,,,1.00,1,,1.00,,0.00,,,,0.00,,1.00,0,,,,,1.00,0,,5.00,1,,2.00,0,,,,,2.00,0,,,2,,3,,5-15 yrs,5-15 yrs,2,2,2,2,5,,0,,23672852,208856,V,75.19,5.56,5.56,5.56,5.56,15.36,15.36,15.36,15.36,17.56,17.56,17.56,17.56,0.00
United Kingdom,GBR,,,NAT_TOTAL,20221005,0.00,,,,,,0.00,,,0.00,,,,,,0.00,,,0.00,,,,,,0.00,,,0.00,,,,,,0.00,,,0.00,,,,,,0.00,,,0.00,,,,,,0.00,,,0.00,,,,,,0.00,,,0.00,,,0.00,,0.00,,,0.00,,,,,,1.00,1,,1.00,,0.00,,,,0.00,,1.00,0,,,,,1.00,0,,5.00,1,,2.00,0,,,,,2.00,0,,,2,,3,,5-15 yrs,5-15 yrs,2,2,2,2,5,,0,,23672852,208954,V,75.19,5.56,5.56,5.56,5.56,15.36,15.36,15.36,15.36,17.56,17.56,17.56,17.56,0.00
United Kingdom,GBR,,,NAT_TOTAL,20221006,0.00,,,,,,0.00,,,0.00,,,,,,0.00,,,0.00,,,,,,0.00,,,0.00,,,,,,0.00,,,0.00,,,,,,0.00,,,0.00,,,,,,0.00,,,0.00,,,,,,0.00,,,0.00,,,0.00,,0.00,,,0.00,,,,,,1.00,1,,1.00,,0.00,,,,0.00,,1.00,0,,,,,1.00,0,,5.00,1,,2.00,0,,,,,2.00,0,,,2,,3,,5-15 yrs,5-15 yrs,2,2,2,2,5,,0,,23735273,209046,V,75.19,5.56,5.56,5.56,5.56,15.36,15.36,15.36,15.36,17.56,17.56,17.56,17.56,0.00
United Kingdom,GBR,,,NAT_TOTAL,20221007,0.00,,,,,,0.00,,,0.00,,,,,,0.00,,,0.00,,,,,,0.00,,,0.00,,,,,,0.00,,,0.00,,,,,,0.00,,,0.00,,,,,,0.00,,,0.00,,,,,,0.00,,,0.00,,,0.00,,0.00,,,0.00,,,,,,1.00,1,,1.00,,0.00,,,,0.00,,1.00,0,,,,,1.00,0,,5.00,1,,2.00,0,,,,,2.00,0,,,2,,3,,5-15 yrs,5-15 yrs,2,2,2,2,5,,0,,23735273,209146,V,75.19,5.56,5.56,5.56,5.56,15.36,15.36,15.36,15.36,17.56,17.56,17.56,17.56,0.00
United Kingdom,GBR,,,NAT_TOTAL,20221008,0.00,,,,,,0.00,,"There are no measures in place across the UK.    https://web.archive.org/web/20221115143815/https://www.gov.uk/coronavirus  https://web.archive.org/web/20221115144032/https://www.gov.scot/coronavirus-covid-19/  https://web.archive.org/web/20221115144730/https://www.nidirect.gov.uk/campaigns/coronavirus-covid-19  https://web.archive.org/web/20221115145740/https://gov.wales/public-health-guidance-general-public",0.00,,,,,,0.00,,"There are no measures in place across the UK    https://web.archive.org/web/20221115143815/https://www.gov.uk/coronavirus  https://web.archive.org/web/20221115144032/https://www.gov.scot/coronavirus-covid-19/  https://web.archive.org/web/20221115144730/https://www.nidirect.gov.uk/campaigns/coronavirus-covid-19  https://web.archive.org/web/20221115145740/https://gov.wales/public-health-guidance-general-public",0.00,,,,,,0.00,,"There are no measures in place across the UK    https://web.archive.org/web/20221115143815/https://www.gov.uk/coronavirus  https://web.archive.org/web/20221115144032/https://www.gov.scot/coronavirus-covid-19/  https://web.archive.org/web/20221115144730/https://www.nidirect.gov.uk/campaigns/coronavirus-covid-19  https://web.archive.org/web/20221115145740/https://gov.wales/public-health-guidance-general-public",0.00,,,,,,0.00,,"There are no measures in place across the UK    https://web.archive.org/web/20221115143815/https://www.gov.uk/coronavirus  https://web.archive.org/web/20221115144032/https://www.gov.scot/coronavirus-covid-19/  https://web.archive.org/web/20221115144730/https://www.nidirect.gov.uk/campaigns/coronavirus-covid-19  https://web.archive.org/web/20221115145740/https://gov.wales/public-health-guidance-general-public",0.00,,,,,,0.00,,"There are no measures in place across the UK    https://web.archive.org/web/20221115143815/https://www.gov.uk/coronavirus  https://web.archive.org/web/20221115144032/https://www.gov.scot/coronavirus-covid-19/  https://web.archive.org/web/20221115144730/https://www.nidirect.gov.uk/campaigns/coronavirus-covid-19  https://web.archive.org/web/20221115145740/https://gov.wales/public-health-guidance-general-public",0.00,,,,,,0.00,,"There are no measures in place across the UK    https://web.archive.org/web/20221115143815/https://www.gov.uk/coronavirus  https://web.archive.org/web/20221115144032/https://www.gov.scot/coronavirus-covid-19/  https://web.archive.org/web/20221115144730/https://www.nidirect.gov.uk/campaigns/coronavirus-covid-19  https://web.archive.org/web/20221115145740/https://gov.wales/public-health-guidance-general-public",0.00,,,,,,0.00,,"There are no measures in place across the UK    https://web.archive.org/web/20221115143815/https://www.gov.uk/coronavirus  https://web.archive.org/web/20221115144032/https://www.gov.scot/coronavirus-covid-19/  https://web.archive.org/web/20221115144730/https://www.nidirect.gov.uk/campaigns/coronavirus-covid-19  https://web.archive.org/web/20221115145740/https://gov.wales/public-health-guidance-general-public",0.00,,,0.00,"All measures were removed on 18 March 2022.    https://web.archive.org/web/20221115150515/https://www.gov.uk/guidance/travel-to-england-from-another-country-during-coronavirus-covid-19",0.00,,"No policy in place.",0.00,"No policy in place.",,,,,1.00,1,"The UK government provides guidance for living safely with respiratory infections, including coronavirus (COVID-19). No regular updating of specific information.    https://web.archive.org/web/20221115152315/https://www.gov.uk/guidance/living-safely-with-respiratory-infections-including-covid-19",1.00,"You cannot get free PCR tests in the UK anymore, but you can get free LFTs if you're eligible.    https://web.archive.org/web/20221115230042/https://www.gov.uk/get-coronavirus-test  https://web.archive.org/web/20221115160336/https://www.nhs.uk/conditions/coronavirus-covid-19/testing/get-tested-for-coronavirus/",0.00,"No contact tracing in place in the UK.",,,0.00,"No investment figures announced.",1.00,0,,,,,1.00,0,,5.00,1,"Everyone aged 5 (on or before 31 August 2022) and over can get a 1st and 2nd dose of the COVID-19 vaccine.    People aged 16 and over, and some children aged 12 to 15, can also get a booster dose.    People aged 5 and over who had a severely weakened immune system when they had their 1st or 2nd dose will be offered an additional primary dose (3rd dose) before any booster doses.    Some people, including those aged 50 years or over, those at higher risk or who are pregnant, and frontline health and social care workers, will be offered a seasonal booster (autumn booster).    https://web.archive.org/web/20221115182942/https://www.nhs.uk/conditions/coronavirus-covid-19/coronavirus-vaccination/coronavirus-vaccine/",2.00,0,,,,,2.00,0,"Restrictions remain in place for Western Trust:  Following the Department of Health announcement which outlines the removal of all significant visiting restrictions to hospital and community settings, the Western Trust has updated its visiting arrangements. The Trust is allowing two people to attend during visiting times across most adult wards, maternity wards and mental health inpatient wards.    Individual wards may on occasions recommend that routine visiting arrangements be suspended due to outbreaks and staff will inform patients and their visitors should this occur.    https://web.archive.org/web/20221115231753/https://westerntrust.hscni.net/western-trust-covid-19-information-updates/western-trust-covid19-visiting-guidance/",,2,"Everyone aged 5 (on or before 31 August 2022) and over can get a 1st and 2nd dose of the COVID-19 vaccine.    People aged 16 and over, and some children aged 12 to 15, can also get a booster dose.    People aged 5 and over who had a severely weakened immune system when they had their 1st or 2nd dose will be offered an additional primary dose (3rd dose) before any booster doses.    Some people, including those aged 50 years or over, those at higher risk or who are pregnant, and frontline health and social care workers, will be offered a seasonal booster (autumn booster).    https://web.archive.org/web/20221115232614/https://www.nhs.uk/conditions/coronavirus-covid-19/coronavirus-vaccination/coronavirus-vaccine/",3,,5-15 yrs,5-15 yrs,2,2,2,2,5,,0,,23735273,209236,V,75.19,5.56,5.56,5.56,5.56,15.36,15.36,15.36,15.36,17.56,17.56,17.56,17.56,0.00
United Kingdom,GBR,,,NAT_TOTAL,20221009,0.00,,,,,,0.00,,,0.00,,,,,,0.00,,,0.00,,,,,,0.00,,,0.00,,,,,,0.00,,,0.00,,,,,,0.00,,,0.00,,,,,,0.00,,,0.00,,,,,,0.00,,,0.00,,,0.00,,0.00,,,0.00,,,,,,1.00,1,,1.00,,0.00,,,,0.00,,1.00,0,,,,,1.00,0,,5.00,1,,2.00,0,,,,,2.00,0,,,2,,3,,5-15 yrs,5-15 yrs,2,2,2,2,5,,0,,23735273,209334,V,75.19,5.56,5.56,5.56,5.56,15.36,15.36,15.36,15.36,17.56,17.56,17.56,17.56,0.00
United Kingdom,GBR,,,NAT_TOTAL,20221010,0.00,,,,,,0.00,,,0.00,,,,,,0.00,,,0.00,,,,,,0.00,,,0.00,,,,,,0.00,,,0.00,,,,,,0.00,,,0.00,,,,,,0.00,,,0.00,,,,,,0.00,,,0.00,,,0.00,,0.00,,,0.00,,,,,,1.00,1,,1.00,,0.00,,,,0.00,,1.00,0,,,,,1.00,0,,5.00,1,,2.00,0,,,,,2.00,0,,,2,,3,,5-15 yrs,5-15 yrs,2,2,2,2,5,,0,,23735273,209424,V,75.19,5.56,5.56,5.56,5.56,15.36,15.36,15.36,15.36,17.56,17.56,17.56,17.56,0.00
United Kingdom,GBR,,,NAT_TOTAL,20221011,0.00,,,,,,0.00,,,0.00,,,,,,0.00,,,0.00,,,,,,0.00,,,0.00,,,,,,0.00,,,0.00,,,,,,0.00,,,0.00,,,,,,0.00,,,0.00,,,,,,0.00,,,0.00,,,0.00,,0.00,,,0.00,,,,,,1.00,1,,1.00,,0.00,,,,0.00,,1.00,0,,,,,1.00,0,,5.00,1,,2.00,0,,,,,2.00,0,,,2,,3,,5-15 yrs,5-15 yrs,2,2,2,2,5,,0,,23735273,209527,V,75.19,5.56,5.56,5.56,5.56,15.36,15.36,15.36,15.36,17.56,17.56,17.56,17.56,0.00
United Kingdom,GBR,,,NAT_TOTAL,20221012,0.00,,,,,,0.00,,,0.00,,,,,,0.00,,,0.00,,,,,,0.00,,,0.00,,,,,,0.00,,,0.00,,,,,,0.00,,,0.00,,,,,,0.00,,,0.00,,,,,,0.00,,,0.00,,,0.00,,0.00,,,0.00,,,,,,1.00,1,,1.00,,0.00,,,,0.00,,1.00,0,,,,,1.00,0,,5.00,1,,2.00,0,,,,,2.00,0,,,2,,3,,5-15 yrs,5-15 yrs,2,2,2,2,5,,0,,23735273,209651,V,75.19,5.56,5.56,5.56,5.56,15.36,15.36,15.36,15.36,17.56,17.56,17.56,17.56,0.00
United Kingdom,GBR,,,NAT_TOTAL,20221013,0.00,,,,,,0.00,,,0.00,,,,,,0.00,,,0.00,,,,,,0.00,,,0.00,,,,,,0.00,,,0.00,,,,,,0.00,,,0.00,,,,,,0.00,,,0.00,,,,,,0.00,,,0.00,,,0.00,,0.00,,,0.00,,,,,,1.00,1,,1.00,,0.00,,,,0.00,,1.00,0,,,,,1.00,0,,5.00,1,,2.00,0,,,,,2.00,0,,,2,,3,,5-15 yrs,5-15 yrs,2,2,2,2,5,,0,,23798793,209761,V,75.19,5.56,5.56,5.56,5.56,15.36,15.36,15.36,15.36,17.56,17.56,17.56,17.56,0.00
United Kingdom,GBR,,,NAT_TOTAL,20221014,0.00,,,,,,0.00,,,0.00,,,,,,0.00,,,0.00,,,,,,0.00,,,0.00,,,,,,0.00,,,0.00,,,,,,0.00,,,0.00,,,,,,0.00,,,0.00,,,,,,0.00,,,0.00,,,0.00,,0.00,,,0.00,,,,,,1.00,1,,1.00,,0.00,,,,0.00,,1.00,0,,,,,1.00,0,,5.00,1,,2.00,0,,,,,2.00,0,,,2,,3,,5-15 yrs,5-15 yrs,2,2,2,2,5,,0,,23798793,209874,V,75.19,5.56,5.56,5.56,5.56,15.36,15.36,15.36,15.36,17.56,17.56,17.56,17.56,0.00
United Kingdom,GBR,,,NAT_TOTAL,20221015,0.00,,,,,,0.00,,,0.00,,,,,,0.00,,,0.00,,,,,,0.00,,,0.00,,,,,,0.00,,,0.00,,,,,,0.00,,,0.00,,,,,,0.00,,,0.00,,,,,,0.00,,,0.00,,,0.00,,0.00,,,0.00,,,,,,1.00,1,,1.00,,0.00,,,,0.00,,1.00,0,,,,,1.00,0,,5.00,1,,2.00,0,,,,,2.00,0,,,2,,3,,5-15 yrs,5-15 yrs,2,2,2,2,5,,0,,23798793,209980,V,75.19,5.56,5.56,5.56,5.56,15.36,15.36,15.36,15.36,17.56,17.56,17.56,17.56,0.00
United Kingdom,GBR,,,NAT_TOTAL,20221016,0.00,,,,,,0.00,,,0.00,,,,,,0.00,,,0.00,,,,,,0.00,,,0.00,,,,,,0.00,,,0.00,,,,,,0.00,,,0.00,,,,,,0.00,,,0.00,,,,,,0.00,,,0.00,,,0.00,,0.00,,,0.00,,,,,,1.00,1,,1.00,,0.00,,,,0.00,,1.00,0,,,,,1.00,0,,5.00,1,,2.00,0,,,,,2.00,0,,,2,,3,,5-15 yrs,5-15 yrs,2,2,2,2,5,,0,,23798793,210085,V,75.19,5.56,5.56,5.56,5.56,15.36,15.36,15.36,15.36,17.56,17.56,17.56,17.56,0.00
United Kingdom,GBR,,,NAT_TOTAL,20221017,0.00,,,,,,0.00,,,0.00,,,,,,0.00,,,0.00,,,,,,0.00,,,0.00,,,,,,0.00,,,0.00,,,,,,0.00,,,0.00,,,,,,0.00,,,0.00,,,,,,0.00,,,0.00,,,0.00,,0.00,,,0.00,,,,,,1.00,1,,1.00,,0.00,,,,0.00,,1.00,0,,,,,1.00,0,,5.00,1,,2.00,0,,,,,2.00,0,,,2,,3,,5-15 yrs,5-15 yrs,2,2,2,2,5,,0,,23798793,210200,V,75.19,5.56,5.56,5.56,5.56,15.36,15.36,15.36,15.36,17.56,17.56,17.56,17.56,0.00
United Kingdom,GBR,,,NAT_TOTAL,20221018,0.00,,,,,,0.00,,,0.00,,,,,,0.00,,,0.00,,,,,,0.00,,,0.00,,,,,,0.00,,,0.00,,,,,,0.00,,,0.00,,,,,,0.00,,,0.00,,,,,,0.00,,,0.00,,,0.00,,0.00,,,0.00,,,,,,1.00,1,,1.00,,0.00,,,,0.00,,1.00,0,,,,,1.00,0,,5.00,1,,2.00,0,,,,,2.00,0,,,2,,3,,5-15 yrs,5-15 yrs,2,2,2,2,5,,0,,23798793,210306,V,75.19,5.56,5.56,5.56,5.56,15.36,15.36,15.36,15.36,17.56,17.56,17.56,17.56,0.00
United Kingdom,GBR,,,NAT_TOTAL,20221019,0.00,,,,,,0.00,,,0.00,,,,,,0.00,,,0.00,,,,,,0.00,,,0.00,,,,,,0.00,,,0.00,,,,,,0.00,,,0.00,,,,,,0.00,,,0.00,,,,,,0.00,,,0.00,,,0.00,,0.00,,,0.00,,,,,,1.00,1,,1.00,,0.00,,,,0.00,,1.00,0,,,,,1.00,0,,5.00,1,,2.00,0,,,,,2.00,0,,,2,,3,,5-15 yrs,5-15 yrs,2,2,2,2,5,,0,,23798793,210408,V,75.19,5.56,5.56,5.56,5.56,15.36,15.36,15.36,15.36,17.56,17.56,17.56,17.56,0.00
United Kingdom,GBR,,,NAT_TOTAL,20221020,0.00,,,,,,0.00,,,0.00,,,,,,0.00,,,0.00,,,,,,0.00,,,0.00,,,,,,0.00,,,0.00,,,,,,0.00,,,0.00,,,,,,0.00,,,0.00,,,,,,0.00,,,0.00,,,0.00,,0.00,,,0.00,,,,,,1.00,1,,1.00,,0.00,,,,0.00,,1.00,0,,,,,1.00,0,,5.00,1,,2.00,0,,,,,2.00,0,,,2,,3,,5-15 yrs,5-15 yrs,2,2,2,2,5,,0,,23855522,210527,V,75.19,5.56,5.56,5.56,5.56,15.36,15.36,15.36,15.36,17.56,17.56,17.56,17.56,0.00
United Kingdom,GBR,,,NAT_TOTAL,20221021,0.00,,,,,,0.00,,,0.00,,,,,,0.00,,,0.00,,,,,,0.00,,,0.00,,,,,,0.00,,,0.00,,,,,,0.00,,,0.00,,,,,,0.00,,,0.00,,,,,,0.00,,,0.00,,,0.00,,0.00,,,0.00,,,,,,1.00,1,,1.00,,0.00,,,,0.00,,1.00,0,,,,,1.00,0,,5.00,1,,2.00,0,,,,,2.00,0,,,2,,3,,5-15 yrs,5-15 yrs,2,2,2,2,5,,0,,23855522,210631,V,75.19,5.56,5.56,5.56,5.56,15.36,15.36,15.36,15.36,17.56,17.56,17.56,17.56,0.00
United Kingdom,GBR,,,NAT_TOTAL,20221022,0.00,,,,,,0.00,,,0.00,,,,,,0.00,,,0.00,,,,,,0.00,,,0.00,,,,,,0.00,,,0.00,,,,,,0.00,,,0.00,,,,,,0.00,,,0.00,,,,,,0.00,,,0.00,,,0.00,,0.00,,,0.00,,,,,,1.00,1,,1.00,,0.00,,,,0.00,,1.00,0,,,,,1.00,0,,5.00,1,,2.00,0,,,,,2.00,0,,,2,,3,,5-15 yrs,5-15 yrs,2,2,2,2,5,,0,,23855522,210742,V,75.19,5.56,5.56,5.56,5.56,15.36,15.36,15.36,15.36,17.56,17.56,17.56,17.56,0.00
United Kingdom,GBR,,,NAT_TOTAL,20221023,0.00,,,,,,0.00,,,0.00,,,,,,0.00,,,0.00,,,,,,0.00,,,0.00,,,,,,0.00,,,0.00,,,,,,0.00,,,0.00,,,,,,0.00,,,0.00,,,,,,0.00,,,0.00,,,0.00,,0.00,,,0.00,,,,,,1.00,1,,1.00,,0.00,,,,0.00,,1.00,0,,,,,1.00,0,,5.00,1,,2.00,0,,,,,2.00,0,,,2,,3,,5-15 yrs,5-15 yrs,2,2,2,2,5,,0,,23855522,210843,V,75.19,5.56,5.56,5.56,5.56,15.36,15.36,15.36,15.36,17.56,17.56,17.56,17.56,0.00
United Kingdom,GBR,,,NAT_TOTAL,20221024,0.00,,,,,,0.00,,,0.00,,,,,,0.00,,,0.00,,,,,,0.00,,,0.00,,,,,,0.00,,,0.00,,,,,,0.00,,,0.00,,,,,,0.00,,,0.00,,,,,,0.00,,,0.00,,,0.00,,0.00,,,0.00,,,,,,1.00,1,,1.00,,0.00,,,,0.00,,1.00,0,,,,,1.00,0,,5.00,1,,2.00,0,,,,,2.00,0,,,2,,3,,5-15 yrs,5-15 yrs,2,2,2,2,5,,0,,23855522,210947,V,75.19,5.56,5.56,5.56,5.56,15.36,15.36,15.36,15.36,17.56,17.56,17.56,17.56,0.00
United Kingdom,GBR,,,NAT_TOTAL,20221025,0.00,,,,,,0.00,,,0.00,,,,,,0.00,,,0.00,,,,,,0.00,,,0.00,,,,,,0.00,,,0.00,,,,,,0.00,,,0.00,,,,,,0.00,,,0.00,,,,,,0.00,,,0.00,,,0.00,,0.00,,,0.00,,,,,,1.00,1,,1.00,,0.00,,,,0.00,,1.00,0,,,,,1.00,0,,5.00,1,,2.00,0,,,,,2.00,0,,,2,,3,,5-15 yrs,5-15 yrs,2,2,2,2,5,,0,,23855522,211058,V,75.19,5.56,5.56,5.56,5.56,15.36,15.36,15.36,15.36,17.56,17.56,17.56,17.56,0.00
United Kingdom,GBR,,,NAT_TOTAL,20221026,0.00,,,,,,0.00,,,0.00,,,,,,0.00,,,0.00,,,,,,0.00,,,0.00,,,,,,0.00,,,0.00,,,,,,0.00,,,0.00,,,,,,0.00,,,0.00,,,,,,0.00,,,0.00,,,0.00,,0.00,,,0.00,,,,,,1.00,1,,1.00,,0.00,,,,0.00,,1.00,0,,,,,1.00,0,,5.00,1,,2.00,0,,,,,2.00,0,,,2,,3,,5-15 yrs,5-15 yrs,2,2,2,2,5,,0,,23855522,211149,V,75.19,5.56,5.56,5.56,5.56,15.36,15.36,15.36,15.36,17.56,17.56,17.56,17.56,0.00
United Kingdom,GBR,,,NAT_TOTAL,20221027,0.00,,,,,,0.00,,,0.00,,,,,,0.00,,,0.00,,,,,,0.00,,,0.00,,,,,,0.00,,,0.00,,,,,,0.00,,,0.00,,,,,,0.00,,,0.00,,,,,,0.00,,,0.00,,,0.00,,0.00,,,0.00,,,,,,1.00,1,,1.00,,0.00,,,,0.00,,1.00,0,,,,,1.00,0,,5.00,1,,2.00,0,,,,,2.00,0,,,2,,3,,5-15 yrs,5-15 yrs,2,2,2,2,5,,0,,23898485,211256,V,75.19,5.56,5.56,5.56,5.56,15.36,15.36,15.36,15.36,17.56,17.56,17.56,17.56,0.00
United Kingdom,GBR,,,NAT_TOTAL,20221028,0.00,,,,,,0.00,,,0.00,,,,,,0.00,,,0.00,,,,,,0.00,,,0.00,,,,,,0.00,,,0.00,,,,,,0.00,,,0.00,,,,,,0.00,,,0.00,,,,,,0.00,,,0.00,,,0.00,,0.00,,,0.00,,,,,,1.00,1,,1.00,,0.00,,,,0.00,,1.00,0,,,,,1.00,0,,5.00,1,,2.00,0,,,,,2.00,0,,,2,,3,,5-15 yrs,5-15 yrs,2,2,2,2,5,,0,,23898485,211343,V,75.19,5.56,5.56,5.56,5.56,15.36,15.36,15.36,15.36,17.56,17.56,17.56,17.56,0.00
United Kingdom,GBR,,,NAT_TOTAL,20221029,0.00,,,,,,0.00,,,0.00,,,,,,0.00,,,0.00,,,,,,0.00,,,0.00,,,,,,0.00,,,0.00,,,,,,0.00,,,0.00,,,,,,0.00,,,0.00,,,,,,0.00,,,0.00,,,0.00,,0.00,,,0.00,,,,,,1.00,1,,1.00,,0.00,,,,0.00,,1.00,0,,,,,1.00,0,,5.00,1,,2.00,0,,,,,2.00,0,,,2,,3,,5-15 yrs,5-15 yrs,2,2,2,2,5,,0,,23898485,211439,V,75.19,5.56,5.56,5.56,5.56,15.36,15.36,15.36,15.36,17.56,17.56,17.56,17.56,0.00
United Kingdom,GBR,,,NAT_TOTAL,20221030,0.00,,,,,,0.00,,,0.00,,,,,,0.00,,,0.00,,,,,,0.00,,,0.00,,,,,,0.00,,,0.00,,,,,,0.00,,,0.00,,,,,,0.00,,,0.00,,,,,,0.00,,,0.00,,,0.00,,0.00,,,0.00,,,,,,1.00,1,,1.00,,0.00,,,,0.00,,1.00,0,,,,,1.00,0,,5.00,1,,2.00,0,,,,,2.00,0,,,2,,3,,5-15 yrs,5-15 yrs,2,2,2,2,5,,0,,23898485,211536,V,75.19,5.56,5.56,5.56,5.56,15.36,15.36,15.36,15.36,17.56,17.56,17.56,17.56,0.00
United Kingdom,GBR,,,NAT_TOTAL,20221031,0.00,,,,,,0.00,,,0.00,,,,,,0.00,,,0.00,,,,,,0.00,,,0.00,,,,,,0.00,,,0.00,,,,,,0.00,,,0.00,,,,,,0.00,,,0.00,,,,,,0.00,,,0.00,,,0.00,,0.00,,,0.00,,,,,,1.00,1,,1.00,,0.00,,,,0.00,,1.00,0,,,,,1.00,0,,5.00,1,,2.00,0,,,,,2.00,0,,,2,,3,,5-15 yrs,5-15 yrs,2,2,2,2,5,,0,,23898485,211619,V,75.19,5.56,5.56,5.56,5.56,15.36,15.36,15.36,15.36,17.56,17.56,17.56,17.56,0.00
United Kingdom,GBR,,,NAT_TOTAL,20221101,0.00,,,,,,0.00,,,0.00,,,,,,0.00,,,0.00,,,,,,0.00,,,0.00,,,,,,0.00,,,0.00,,,,,,0.00,,,0.00,,,,,,0.00,,,0.00,,,,,,0.00,,,0.00,,,0.00,,0.00,,,0.00,,,,,,1.00,1,,1.00,,0.00,,,,0.00,,1.00,0,,,,,1.00,0,,5.00,1,,2.00,0,,,,,2.00,0,,,2,,3,,5-15 yrs,5-15 yrs,2,2,2,2,5,,0,,23898485,211704,V,75.19,5.56,5.56,5.56,5.56,15.36,15.36,15.36,15.36,17.56,17.56,17.56,17.56,0.00
United Kingdom,GBR,,,NAT_TOTAL,20221102,0.00,,,,,,0.00,,,0.00,,,,,,0.00,,,0.00,,,,,,0.00,,,0.00,,,,,,0.00,,,0.00,,,,,,0.00,,,0.00,,,,,,0.00,,,0.00,,,,,,0.00,,,0.00,,,0.00,,0.00,,,0.00,,,,,,1.00,1,,1.00,,0.00,,,,0.00,,1.00,0,,,,,1.00,0,,5.00,1,,2.00,0,,,,,2.00,0,,,2,,3,,5-15 yrs,5-15 yrs,2,2,2,2,5,,0,,23898485,211781,V,75.19,5.56,5.56,5.56,5.56,15.36,15.36,15.36,15.36,17.56,17.56,17.56,17.56,0.00
United Kingdom,GBR,,,NAT_TOTAL,20221103,0.00,,,,,,0.00,,,0.00,,,,,,0.00,,,0.00,,,,,,0.00,,,0.00,,,,,,0.00,,,0.00,,,,,,0.00,,,0.00,,,,,,0.00,,,0.00,,,,,,0.00,,,0.00,,,0.00,,0.00,,,0.00,,,,,,1.00,1,,1.00,,0.00,,,,0.00,,1.00,0,,,,,1.00,0,,5.00,1,,2.00,0,,,,,2.00,0,,,2,,3,,5-15 yrs,5-15 yrs,2,2,2,2,5,,0,,23930037,211865,V,75.19,5.56,5.56,5.56,5.56,15.36,15.36,15.36,15.36,17.56,17.56,17.56,17.56,0.00
United Kingdom,GBR,,,NAT_TOTAL,20221104,0.00,,,,,,0.00,,,0.00,,,,,,0.00,,,0.00,,,,,,0.00,,,0.00,,,,,,0.00,,,0.00,,,,,,0.00,,,0.00,,,,,,0.00,,,0.00,,,,,,0.00,,,0.00,,,0.00,,0.00,,,0.00,,,,,,1.00,1,,1.00,,0.00,,,,0.00,,1.00,0,,,,,1.00,0,,5.00,1,,2.00,0,,,,,2.00,0,,,2,,3,,5-15 yrs,5-15 yrs,2,2,2,2,5,,0,,23930037,211960,V,75.19,5.56,5.56,5.56,5.56,15.36,15.36,15.36,15.36,17.56,17.56,17.56,17.56,0.00
United Kingdom,GBR,,,NAT_TOTAL,20221105,0.00,,,,,,0.00,,,0.00,,,,,,0.00,,,0.00,,,,,,0.00,,,0.00,,,,,,0.00,,,0.00,,,,,,0.00,,,0.00,,,,,,0.00,,,0.00,,,,,,0.00,,,0.00,,,0.00,,0.00,,,0.00,,,,,,1.00,1,,1.00,,0.00,,,,0.00,,1.00,0,,,,,1.00,0,,5.00,1,,2.00,0,,,,,2.00,0,,,2,,3,,5-15 yrs,5-15 yrs,2,2,2,2,5,,0,,23930037,212035,V,75.19,5.56,5.56,5.56,5.56,15.36,15.36,15.36,15.36,17.56,17.56,17.56,17.56,0.00
United Kingdom,GBR,,,NAT_TOTAL,20221106,0.00,,,,,,0.00,,,0.00,,,,,,0.00,,,0.00,,,,,,0.00,,,0.00,,,,,,0.00,,,0.00,,,,,,0.00,,,0.00,,,,,,0.00,,,0.00,,,,,,0.00,,,0.00,,,0.00,,0.00,,,0.00,,,,,,1.00,1,,1.00,,0.00,,,,0.00,,1.00,0,,,,,1.00,0,,5.00,1,,2.00,0,,,,,2.00,0,,,2,,3,,5-15 yrs,5-15 yrs,2,2,2,2,5,,0,,23930037,212091,V,75.19,5.56,5.56,5.56,5.56,15.36,15.36,15.36,15.36,17.56,17.56,17.56,17.56,0.00
United Kingdom,GBR,,,NAT_TOTAL,20221107,0.00,,,,,,0.00,,,0.00,,,,,,0.00,,,0.00,,,,,,0.00,,,0.00,,,,,,0.00,,,0.00,,,,,,0.00,,,0.00,,,,,,0.00,,,0.00,,,,,,0.00,,,0.00,,,0.00,,0.00,,,0.00,,,,,,1.00,1,,1.00,,0.00,,,,0.00,,1.00,0,,,,,1.00,0,,5.00,1,,2.00,0,,,,,2.00,0,,,2,,3,,5-15 yrs,5-15 yrs,2,2,2,2,5,,0,,23930037,212167,V,75.19,5.56,5.56,5.56,5.56,15.36,15.36,15.36,15.36,17.56,17.56,17.56,17.56,0.00
United Kingdom,GBR,,,NAT_TOTAL,20221108,0.00,,,,,,0.00,,,0.00,,,,,,0.00,,,0.00,,,,,,0.00,,,0.00,,,,,,0.00,,,0.00,,,,,,0.00,,,0.00,,,,,,0.00,,,0.00,,,,,,0.00,,,0.00,,,0.00,,0.00,,,0.00,,,,,,1.00,1,,1.00,,0.00,,,,0.00,,1.00,0,,,,,1.00,0,,5.00,1,,2.00,0,,,,,2.00,0,,,2,,3,,5-15 yrs,5-15 yrs,2,2,2,2,5,,0,,23930037,212230,V,75.19,5.56,5.56,5.56,5.56,15.36,15.36,15.36,15.36,17.56,17.56,17.56,17.56,0.00
United Kingdom,GBR,,,NAT_TOTAL,20221109,0.00,,,,,,0.00,,,0.00,,,,,,0.00,,,0.00,,,,,,0.00,,,0.00,,,,,,0.00,,,0.00,,,,,,0.00,,,0.00,,,,,,0.00,,,0.00,,,,,,0.00,,,0.00,,,0.00,,0.00,,,0.00,,,,,,1.00,1,,1.00,,0.00,,,,0.00,,1.00,0,,,,,1.00,0,,5.00,1,,2.00,0,,,,,2.00,0,,,2,,3,,5-15 yrs,5-15 yrs,2,2,2,2,5,,0,,23930037,212293,V,75.19,5.56,5.56,5.56,5.56,15.36,15.36,15.36,15.36,17.56,17.56,17.56,17.56,0.00
United Kingdom,GBR,,,NAT_TOTAL,20221110,0.00,,,,,,0.00,,,0.00,,,,,,0.00,,,0.00,,,,,,0.00,,,0.00,,,,,,0.00,,,0.00,,,,,,0.00,,,0.00,,,,,,0.00,,,0.00,,,,,,0.00,,,0.00,,,0.00,,0.00,,,0.00,,,,,,1.00,1,,1.00,,0.00,,,,0.00,,1.00,0,,,,,1.00,0,,5.00,1,,2.00,0,,,,,2.00,0,,,2,,3,,5-15 yrs,5-15 yrs,2,2,2,2,5,,0,,23954192,212346,V,75.19,5.56,5.56,5.56,5.56,15.36,15.36,15.36,15.36,17.56,17.56,17.56,17.56,0.00
United Kingdom,GBR,,,NAT_TOTAL,20221111,0.00,,,,,,0.00,,,0.00,,,,,,0.00,,,0.00,,,,,,0.00,,,0.00,,,,,,0.00,,,0.00,,,,,,0.00,,,0.00,,,,,,0.00,,,0.00,,,,,,0.00,,,0.00,,,0.00,,0.00,,,0.00,,,,,,1.00,1,,1.00,,0.00,,,,0.00,,1.00,0,,,,,1.00,0,,5.00,1,,2.00,0,,,,,2.00,0,,,2,,3,,5-15 yrs,5-15 yrs,2,2,2,2,5,,0,,23954192,212418,V,75.19,5.56,5.56,5.56,5.56,15.36,15.36,15.36,15.36,17.56,17.56,17.56,17.56,0.00
United Kingdom,GBR,,,NAT_TOTAL,20221112,0.00,,,,,,0.00,,,0.00,,,,,,0.00,,,0.00,,,,,,0.00,,,0.00,,,,,,0.00,,,0.00,,,,,,0.00,,,0.00,,,,,,0.00,,,0.00,,,,,,0.00,,,0.00,,,0.00,,0.00,,,0.00,,,,,,1.00,1,,1.00,,0.00,,,,0.00,,1.00,0,,,,,1.00,0,,5.00,1,,2.00,0,,,,,2.00,0,,,2,,3,,5-15 yrs,5-15 yrs,2,2,2,2,5,,0,,23954192,212464,V,75.19,5.56,5.56,5.56,5.56,15.36,15.36,15.36,15.36,17.56,17.56,17.56,17.56,0.00
United Kingdom,GBR,,,NAT_TOTAL,20221113,0.00,,,,,,0.00,,,0.00,,,,,,0.00,,,0.00,,,,,,0.00,,,0.00,,,,,,0.00,,,0.00,,,,,,0.00,,,0.00,,,,,,0.00,,,0.00,,,,,,0.00,,,0.00,,,0.00,,0.00,,,0.00,,,,,,1.00,1,,1.00,,0.00,,,,0.00,,1.00,0,,,,,1.00,0,,5.00,1,,2.00,0,,,,,2.00,0,,,2,,3,,5-15 yrs,5-15 yrs,2,2,2,2,5,,0,,23954192,212520,V,75.19,5.56,5.56,5.56,5.56,15.36,15.36,15.36,15.36,17.56,17.56,17.56,17.56,0.00
United Kingdom,GBR,,,NAT_TOTAL,20221114,0.00,,,,,,0.00,,,0.00,,,,,,0.00,,,0.00,,,,,,0.00,,,0.00,,,,,,0.00,,,0.00,,,,,,0.00,,,0.00,,,,,,0.00,,,0.00,,,,,,0.00,,,0.00,,,0.00,,0.00,,,0.00,,,,,,1.00,1,,1.00,,0.00,,,,0.00,,1.00,0,,,,,1.00,0,,5.00,1,,2.00,0,,,,,2.00,0,,,2,,3,,5-15 yrs,5-15 yrs,2,2,2,2,5,,0,,23954192,212580,V,75.19,5.56,5.56,5.56,5.56,15.36,15.36,15.36,15.36,17.56,17.56,17.56,17.56,0.00
United Kingdom,GBR,,,NAT_TOTAL,20221115,0.00,,,,,,0.00,,,0.00,,,,,,0.00,,,0.00,,,,,,0.00,,,0.00,,,,,,0.00,,,0.00,,,,,,0.00,,,0.00,,,,,,0.00,,,0.00,,,,,,0.00,,,0.00,,,0.00,,0.00,,,0.00,,,,,,1.00,1,,1.00,,0.00,,,,0.00,,1.00,0,,,,,1.00,0,,5.00,1,,2.00,0,,,,,2.00,0,,,2,,3,,5-15 yrs,5-15 yrs,2,2,2,2,5,,0,,23954192,212644,V,75.19,5.56,5.56,5.56,5.56,15.36,15.36,15.36,15.36,17.56,17.56,17.56,17.56,0.00
United Kingdom,GBR,,,NAT_TOTAL,20221116,0.00,,,,,,0.00,,"There are no coronavirus (COVID-19) restrictions in the UK.  https://web.archive.org/web/20221205225922/https://www.gov.uk/coronavirus  https://web.archive.org/web/20221205230748/https://www.gov.scot/coronavirus-covid-19/  https://web.archive.org/web/20221205230913/https://gov.wales/coronavirus  https://web.archive.org/web/20221205231115/https://www.nidirect.gov.uk/campaigns/coronavirus-covid-19",0.00,,,,,,0.00,,"There are no coronavirus (COVID-19) restrictions in the UK.  https://web.archive.org/web/20221205225922/https://www.gov.uk/coronavirus  https://web.archive.org/web/20221205230748/https://www.gov.scot/coronavirus-covid-19/  https://web.archive.org/web/20221205230913/https://gov.wales/coronavirus  https://web.archive.org/web/20221205231115/https://www.nidirect.gov.uk/campaigns/coronavirus-covid-19",0.00,,,,,,0.00,,"There are no coronavirus (COVID-19) restrictions in the UK.  https://web.archive.org/web/20221205225922/https://www.gov.uk/coronavirus  https://web.archive.org/web/20221205230748/https://www.gov.scot/coronavirus-covid-19/  https://web.archive.org/web/20221205230913/https://gov.wales/coronavirus  https://web.archive.org/web/20221205231115/https://www.nidirect.gov.uk/campaigns/coronavirus-covid-19",0.00,,,,,,0.00,,"There are no coronavirus (COVID-19) restrictions in the UK.  https://web.archive.org/web/20221205225922/https://www.gov.uk/coronavirus  https://web.archive.org/web/20221205230748/https://www.gov.scot/coronavirus-covid-19/  https://web.archive.org/web/20221205230913/https://gov.wales/coronavirus  https://web.archive.org/web/20221205231115/https://www.nidirect.gov.uk/campaigns/coronavirus-covid-19",0.00,,,,,,0.00,,"There are no coronavirus (COVID-19) restrictions in the UK.  https://web.archive.org/web/20221205225922/https://www.gov.uk/coronavirus  https://web.archive.org/web/20221205230748/https://www.gov.scot/coronavirus-covid-19/  https://web.archive.org/web/20221205230913/https://gov.wales/coronavirus  https://web.archive.org/web/20221205231115/https://www.nidirect.gov.uk/campaigns/coronavirus-covid-19",0.00,,,,,,0.00,,"There are no coronavirus (COVID-19) restrictions in the UK.  https://web.archive.org/web/20221205225922/https://www.gov.uk/coronavirus  https://web.archive.org/web/20221205230748/https://www.gov.scot/coronavirus-covid-19/  https://web.archive.org/web/20221205230913/https://gov.wales/coronavirus  https://web.archive.org/web/20221205231115/https://www.nidirect.gov.uk/campaigns/coronavirus-covid-19",0.00,,,,,,0.00,,"There are no coronavirus (COVID-19) restrictions in the UK.  https://web.archive.org/web/20221205225922/https://www.gov.uk/coronavirus  https://web.archive.org/web/20221205230748/https://www.gov.scot/coronavirus-covid-19/  https://web.archive.org/web/20221205230913/https://gov.wales/coronavirus  https://web.archive.org/web/20221205231115/https://www.nidirect.gov.uk/campaigns/coronavirus-covid-19",0.00,,,0.00,"There are no coronavirus (COVID-19) restrictions in the UK.  https://web.archive.org/web/20221205225922/https://www.gov.uk/coronavirus  https://web.archive.org/web/20221205230748/https://www.gov.scot/coronavirus-covid-19/  https://web.archive.org/web/20221205230913/https://gov.wales/coronavirus  https://web.archive.org/web/20221205231115/https://www.nidirect.gov.uk/campaigns/coronavirus-covid-19",0.00,,"No current policies in place regarding this. ",0.00,"No current policies in place regarding this. ",,,,,1.00,1,"https://web.archive.org/web/20221205233830/https://www.nhs.uk/conditions/coronavirus-covid-19/self-isolation-and-treatment/when-to-self-isolate-and-what-to-do/",1.00,"https://web.archive.org/web/20221205234117/https://www.gov.uk/government/publications/list-of-private-providers-of-coronavirus-testing/list-of-private-providers-of-coronavirus-testing",0.00,,,,0.00,"No data",1.00,0,,,,,1.00,0,"The UK government recommends face coverings when in certain circumstances as seen in the list below.   When to wear a face covering:  - when you are coming into close contact with someone at higher risk of becoming seriously unwell from COVID-19 or other respiratory infections  - when COVID-19 rates are high and you will be in close contact with other people, such as in crowded and enclosed spaces  - when there are a lot of respiratory viruses circulating, such as in winter, and you will be in close contact with other people in crowded and enclosed spaces  - If you have symptoms or have a positive COVID-19 test result and you need to leave your home, wearing a well-fitting face covering or a face mask can help reduce the spread of COVID-19 and other respiratory infections.    https://web.archive.org/web/20221205234606/https://www.gov.uk/guidance/living-safely-with-respiratory-infections-including-covid-19    It is strongly recommended in Northern Ireland, Scotland and Wales that one wear a face mask when inside, on public transport, and health and social care settings.  https://web.archive.org/web/20221205235515/https://www.nidirect.gov.uk/articles/coronavirus-covid-19-face-coverings-guidance  https://web.archive.org/web/20221205235736/https://www.gov.scot/publications/coronavirus-covid-19-staying-safe-and-protecting-others/pages/face-coverings/  https://web.archive.org/web/20221205235927/https://gov.wales/public-health-guidance-general-public    ",5.00,1,"https://web.archive.org/web/20221205233049/https://www.nhs.uk/conditions/coronavirus-covid-19/coronavirus-vaccination/coronavirus-vaccine/",0.00,,,,,,0.00,,"  Department of Health announcement which outlines the removal of all significant visiting restrictions to hospital and community settings  https://web.archive.org/web/20221206001114/https://westerntrust.hscni.net/western-trust-covid-19-information-updates/western-trust-covid19-visiting-guidance/",,2,"https://web.archive.org/web/20221205233049/https://www.nhs.uk/conditions/coronavirus-covid-19/coronavirus-vaccination/coronavirus-vaccine/",3,,5-15 yrs,5-15 yrs,2,2,2,2,5,,0,,23954192,212698,V,75.19,5.56,5.56,5.56,5.56,12.24,12.24,12.24,12.24,13.99,13.99,13.99,13.99,0.00
United Kingdom,GBR,,,NAT_TOTAL,20221117,0.00,,,,,,0.00,,,0.00,,,,,,0.00,,,0.00,,,,,,0.00,,,0.00,,,,,,0.00,,,0.00,,,,,,0.00,,,0.00,,,,,,0.00,,,0.00,,,,,,0.00,,,0.00,,,0.00,,0.00,,,0.00,,,,,,1.00,1,,1.00,,0.00,,,,0.00,,1.00,0,,,,,1.00,0,,5.00,1,,0.00,,,,,,0.00,,,,2,,3,,5-15 yrs,5-15 yrs,2,2,2,2,5,,0,,23977633,212750,V,75.19,5.56,5.56,5.56,5.56,12.24,12.24,12.24,12.24,13.99,13.99,13.99,13.99,0.00
United Kingdom,GBR,,,NAT_TOTAL,20221118,0.00,,,,,,0.00,,,0.00,,,,,,0.00,,,0.00,,,,,,0.00,,,0.00,,,,,,0.00,,,0.00,,,,,,0.00,,,0.00,,,,,,0.00,,,0.00,,,,,,0.00,,,0.00,,,0.00,,0.00,,,0.00,,,,,,1.00,1,,1.00,,0.00,,,,0.00,,1.00,0,,,,,1.00,0,,5.00,1,,0.00,,,,,,0.00,,,,2,,3,,5-15 yrs,5-15 yrs,2,2,2,2,5,,0,,23977633,212807,V,75.19,5.56,5.56,5.56,5.56,12.24,12.24,12.24,12.24,13.99,13.99,13.99,13.99,0.00
United Kingdom,GBR,,,NAT_TOTAL,20221119,0.00,,,,,,0.00,,,0.00,,,,,,0.00,,,0.00,,,,,,0.00,,,0.00,,,,,,0.00,,,0.00,,,,,,0.00,,,0.00,,,,,,0.00,,,0.00,,,,,,0.00,,,0.00,,,0.00,,0.00,,,0.00,,,,,,1.00,1,,1.00,,0.00,,,,0.00,,1.00,0,,,,,1.00,0,,5.00,1,,0.00,,,,,,0.00,,,,2,,3,,5-15 yrs,5-15 yrs,2,2,2,2,5,,0,,23977633,212863,V,75.19,5.56,5.56,5.56,5.56,12.24,12.24,12.24,12.24,13.99,13.99,13.99,13.99,0.00
United Kingdom,GBR,,,NAT_TOTAL,20221120,0.00,,,,,,0.00,,,0.00,,,,,,0.00,,,0.00,,,,,,0.00,,,0.00,,,,,,0.00,,,0.00,,,,,,0.00,,,0.00,,,,,,0.00,,,0.00,,,,,,0.00,,,0.00,,,0.00,,0.00,,,0.00,,,,,,1.00,1,,1.00,,0.00,,,,0.00,,1.00,0,,,,,1.00,0,,5.00,1,,0.00,,,,,,0.00,,,,2,,3,,5-15 yrs,5-15 yrs,2,2,2,2,5,,0,,23977633,212923,V,75.19,5.56,5.56,5.56,5.56,12.24,12.24,12.24,12.24,13.99,13.99,13.99,13.99,0.00
United Kingdom,GBR,,,NAT_TOTAL,20221121,0.00,,,,,,0.00,,,0.00,,,,,,0.00,,,0.00,,,,,,0.00,,,0.00,,,,,,0.00,,,0.00,,,,,,0.00,,,0.00,,,,,,0.00,,,0.00,,,,,,0.00,,,0.00,,,0.00,,0.00,,,0.00,,,,,,1.00,1,,1.00,,0.00,,,,0.00,,1.00,0,,,,,1.00,0,,5.00,1,,0.00,,,,,,0.00,,,,2,,3,,5-15 yrs,5-15 yrs,2,2,2,2,5,,0,,23977633,212976,V,75.19,5.56,5.56,5.56,5.56,12.24,12.24,12.24,12.24,13.99,13.99,13.99,13.99,0.00
United Kingdom,GBR,,,NAT_TOTAL,20221122,0.00,,,,,,0.00,,,0.00,,,,,,0.00,,,0.00,,,,,,0.00,,,0.00,,,,,,0.00,,,0.00,,,,,,0.00,,,0.00,,,,,,0.00,,,0.00,,,,,,0.00,,,0.00,,,0.00,,0.00,,,0.00,,,,,,1.00,1,,1.00,,0.00,,,,0.00,,1.00,0,,,,,1.00,0,,5.00,1,,0.00,,,,,,0.00,,,,2,,3,,5-15 yrs,5-15 yrs,2,2,2,2,5,,0,,23977633,213032,V,75.19,5.56,5.56,5.56,5.56,12.24,12.24,12.24,12.24,13.99,13.99,13.99,13.99,0.00
United Kingdom,GBR,,,NAT_TOTAL,20221123,0.00,,,,,,0.00,,,0.00,,,,,,0.00,,,0.00,,,,,,0.00,,,0.00,,,,,,0.00,,,0.00,,,,,,0.00,,,0.00,,,,,,0.00,,,0.00,,,,,,0.00,,,0.00,,,0.00,,0.00,,,0.00,,,,,,1.00,1,,1.00,,0.00,,,,0.00,,1.00,0,,,,,1.00,0,,5.00,1,,0.00,,,,,,0.00,,,,2,,3,,5-15 yrs,5-15 yrs,2,2,2,2,5,,0,,23977633,213089,V,75.19,5.56,5.56,5.56,5.56,12.24,12.24,12.24,12.24,13.99,13.99,13.99,13.99,0.00
United Kingdom,GBR,,,NAT_TOTAL,20221124,0.00,,,,,,0.00,,,0.00,,,,,,0.00,,,0.00,,,,,,0.00,,,0.00,,,,,,0.00,,,0.00,,,,,,0.00,,,0.00,,,,,,0.00,,,0.00,,,,,,0.00,,,0.00,,,0.00,,0.00,,,0.00,,,,,,1.00,1,,1.00,,0.00,,,,0.00,,1.00,0,,,,,1.00,0,,5.00,1,,0.00,,,,,,0.00,,,,2,,3,,5-15 yrs,5-15 yrs,2,2,2,2,5,,0,,23998168,213138,V,75.19,5.56,5.56,5.56,5.56,12.24,12.24,12.24,12.24,13.99,13.99,13.99,13.99,0.00
United Kingdom,GBR,,,NAT_TOTAL,20221125,0.00,,,,,,0.00,,,0.00,,,,,,0.00,,,0.00,,,,,,0.00,,,0.00,,,,,,0.00,,,0.00,,,,,,0.00,,,0.00,,,,,,0.00,,,0.00,,,,,,0.00,,,0.00,,,0.00,,0.00,,,0.00,,,,,,1.00,1,,1.00,,0.00,,,,0.00,,1.00,0,,,,,1.00,0,,5.00,1,,0.00,,,,,,0.00,,,,2,,3,,5-15 yrs,5-15 yrs,2,2,2,2,5,,0,,23998168,213181,V,75.19,5.56,5.56,5.56,5.56,12.24,12.24,12.24,12.24,13.99,13.99,13.99,13.99,0.00
United Kingdom,GBR,,,NAT_TOTAL,20221126,0.00,,,,,,0.00,,,0.00,,,,,,0.00,,,0.00,,,,,,0.00,,,0.00,,,,,,0.00,,,0.00,,,,,,0.00,,,0.00,,,,,,0.00,,,0.00,,,,,,0.00,,,0.00,,,0.00,,0.00,,,0.00,,,,,,1.00,1,,1.00,,0.00,,,,0.00,,1.00,0,,,,,1.00,0,,5.00,1,,0.00,,,,,,0.00,,,,2,,3,,5-15 yrs,5-15 yrs,2,2,2,2,5,,0,,23998168,213227,V,75.19,5.56,5.56,5.56,5.56,12.24,12.24,12.24,12.24,13.99,13.99,13.99,13.99,0.00
United Kingdom,GBR,,,NAT_TOTAL,20221127,0.00,,,,,,0.00,,,0.00,,,,,,0.00,,,0.00,,,,,,0.00,,,0.00,,,,,,0.00,,,0.00,,,,,,0.00,,,0.00,,,,,,0.00,,,0.00,,,,,,0.00,,,0.00,,,0.00,,0.00,,,0.00,,,,,,1.00,1,,1.00,,0.00,,,,0.00,,1.00,0,,,,,1.00,0,,5.00,1,,0.00,,,,,,0.00,,,,2,,3,,5-15 yrs,5-15 yrs,2,2,2,2,5,,0,,23998168,213282,V,75.19,5.56,5.56,5.56,5.56,12.24,12.24,12.24,12.24,13.99,13.99,13.99,13.99,0.00
United Kingdom,GBR,,,NAT_TOTAL,20221128,0.00,,,,,,0.00,,,0.00,,,,,,0.00,,,0.00,,,,,,0.00,,,0.00,,,,,,0.00,,,0.00,,,,,,0.00,,,0.00,,,,,,0.00,,,0.00,,,,,,0.00,,,0.00,,,0.00,,0.00,,,0.00,,,,,,1.00,1,,1.00,,0.00,,,,0.00,,1.00,0,,,,,1.00,0,,5.00,1,,0.00,,,,,,0.00,,,,2,,3,,5-15 yrs,5-15 yrs,2,2,2,2,5,,0,,23998168,213341,V,75.19,5.56,5.56,5.56,5.56,12.24,12.24,12.24,12.24,13.99,13.99,13.99,13.99,0.00
United Kingdom,GBR,,,NAT_TOTAL,20221129,0.00,,,,,,0.00,,,0.00,,,,,,0.00,,,0.00,,,,,,0.00,,,0.00,,,,,,0.00,,,0.00,,,,,,0.00,,,0.00,,,,,,0.00,,,0.00,,,,,,0.00,,,0.00,,,0.00,,0.00,,,0.00,,,,,,1.00,1,,1.00,,0.00,,,,0.00,,1.00,0,,,,,1.00,0,,5.00,1,,0.00,,,,,,0.00,,,,2,,3,,5-15 yrs,5-15 yrs,2,2,2,2,5,,0,,23998168,213394,V,75.19,5.56,5.56,5.56,5.56,12.24,12.24,12.24,12.24,13.99,13.99,13.99,13.99,0.00
United Kingdom,GBR,,,NAT_TOTAL,20221130,0.00,,,,,,0.00,,,0.00,,,,,,0.00,,,0.00,,,,,,0.00,,,0.00,,,,,,0.00,,,0.00,,,,,,0.00,,,0.00,,,,,,0.00,,,0.00,,,,,,0.00,,,0.00,,,0.00,,0.00,,,0.00,,,,,,1.00,1,,1.00,,0.00,,,,0.00,,1.00,0,,,,,1.00,0,,5.00,1,,0.00,,,,,,0.00,,,,2,,3,,5-15 yrs,5-15 yrs,2,2,2,2,5,,0,,23998168,213439,V,75.19,5.56,5.56,5.56,5.56,12.24,12.24,12.24,12.24,13.99,13.99,13.99,13.99,0.00
United Kingdom,GBR,,,NAT_TOTAL,20221201,0.00,,,,,,0.00,,,0.00,,,,,,0.00,,,0.00,,,,,,0.00,,,0.00,,,,,,0.00,,,0.00,,,,,,0.00,,,0.00,,,,,,0.00,,,0.00,,,,,,0.00,,,0.00,,,0.00,,0.00,,,0.00,,,,,,1.00,1,,1.00,,0.00,,,,0.00,,1.00,0,,,,,1.00,0,,5.00,1,,0.00,,,,,,0.00,,,,2,,3,,5-15 yrs,5-15 yrs,2,2,2,2,5,,0,,24024742,213494,V,75.19,5.56,5.56,5.56,5.56,12.24,12.24,12.24,12.24,13.99,13.99,13.99,13.99,0.00
United Kingdom,GBR,,,NAT_TOTAL,20221202,0.00,,,,,,0.00,,,0.00,,,,,,0.00,,,0.00,,,,,,0.00,,,0.00,,,,,,0.00,,,0.00,,,,,,0.00,,,0.00,,,,,,0.00,,,0.00,,,,,,0.00,,,0.00,,,0.00,,0.00,,,0.00,,,,,,1.00,1,,1.00,,0.00,,,,0.00,,1.00,0,,,,,1.00,0,,5.00,1,,0.00,,,,,,0.00,,,,2,,3,,5-15 yrs,5-15 yrs,2,2,2,2,5,,0,,24024742,213543,V,75.19,5.56,5.56,5.56,5.56,12.24,12.24,12.24,12.24,13.99,13.99,13.99,13.99,0.00
United Kingdom,GBR,,,NAT_TOTAL,20221203,0.00,,,,,,0.00,,,0.00,,,,,,0.00,,,0.00,,,,,,0.00,,,0.00,,,,,,0.00,,,0.00,,,,,,0.00,,,0.00,,,,,,0.00,,,0.00,,,,,,0.00,,,0.00,,,0.00,,0.00,,,0.00,,,,,,1.00,1,,1.00,,0.00,,,,0.00,,1.00,0,,,,,1.00,0,,5.00,1,,0.00,,,,,,0.00,,,,2,,3,,5-15 yrs,5-15 yrs,2,2,2,2,5,,0,,24024742,213597,V,75.19,5.56,5.56,5.56,5.56,12.24,12.24,12.24,12.24,13.99,13.99,13.99,13.99,0.00
United Kingdom,GBR,,,NAT_TOTAL,20221204,0.00,,,,,,0.00,,,0.00,,,,,,0.00,,,0.00,,,,,,0.00,,,0.00,,,,,,0.00,,,0.00,,,,,,0.00,,,0.00,,,,,,0.00,,,0.00,,,,,,0.00,,,0.00,,,0.00,,0.00,,,0.00,,,,,,1.00,1,,1.00,,0.00,,,,0.00,,1.00,0,,,,,1.00,0,,5.00,1,,0.00,,,,,,0.00,,,,2,,3,,5-15 yrs,5-15 yrs,2,2,2,2,5,,0,,24024742,213645,V,75.19,5.56,5.56,5.56,5.56,12.24,12.24,12.24,12.24,13.99,13.99,13.99,13.99,0.00
United Kingdom,GBR,,,NAT_TOTAL,20221205,0.00,,,,,,0.00,,,0.00,,,,,,0.00,,,0.00,,,,,,0.00,,,0.00,,,,,,0.00,,,0.00,,,,,,0.00,,,0.00,,,,,,0.00,,,0.00,,,,,,0.00,,,0.00,,,0.00,,0.00,,,0.00,,,,,,1.00,1,,1.00,,0.00,,,,0.00,,1.00,0,,,,,1.00,0,,5.00,1,,0.00,,,,,,0.00,,,,2,,3,,5-15 yrs,5-15 yrs,2,2,2,2,5,,0,,24024742,213704,V,75.19,5.56,5.56,5.56,5.56,12.24,12.24,12.24,12.24,13.99,13.99,13.99,13.99,0.00
United Kingdom,GBR,,,NAT_TOTAL,20221206,0.00,,,,,,0.00,,"There are no coronavirus (COVID-19) restrictions in the UK.  If you have COVID-19 you should try to stay at home.    Most people cannot get free COVID-19 tests. You can buy tests in shops but you cannot report the result to the NHS.    https://web.archive.org/web/20230110220228/https://www.gov.uk/coronavirus",0.00,,,,,,0.00,,"There are no coronavirus (COVID-19) restrictions in the UK.  If you have COVID-19 you should try to stay at home.    Most people cannot get free COVID-19 tests. You can buy tests in shops but you cannot report the result to the NHS.    https://web.archive.org/web/20230110220228/https://www.gov.uk/coronavirus",0.00,,,,,,0.00,,"There are no coronavirus (COVID-19) restrictions in the UK.  If you have COVID-19 you should try to stay at home.    Most people cannot get free COVID-19 tests. You can buy tests in shops but you cannot report the result to the NHS.    https://web.archive.org/web/20230110220228/https://www.gov.uk/coronavirus",0.00,,,,,,0.00,,"There are no coronavirus (COVID-19) restrictions in the UK.  If you have COVID-19 you should try to stay at home.    Most people cannot get free COVID-19 tests. You can buy tests in shops but you cannot report the result to the NHS.    https://web.archive.org/web/20230110220228/https://www.gov.uk/coronavirus",0.00,,,,,,0.00,,"There are no coronavirus (COVID-19) restrictions in the UK.  If you have COVID-19 you should try to stay at home.    Most people cannot get free COVID-19 tests. You can buy tests in shops but you cannot report the result to the NHS.    https://web.archive.org/web/20230110220228/https://www.gov.uk/coronavirus",0.00,,,,,,0.00,,"There are no coronavirus (COVID-19) restrictions in the UK.  If you have COVID-19 you should try to stay at home.    Most people cannot get free COVID-19 tests. You can buy tests in shops but you cannot report the result to the NHS.    https://web.archive.org/web/20230110220228/https://www.gov.uk/coronavirus",0.00,,,,,,0.00,,"There are no coronavirus (COVID-19) restrictions in the UK.  If you have COVID-19 you should try to stay at home.    Most people cannot get free COVID-19 tests. You can buy tests in shops but you cannot report the result to the NHS.    https://web.archive.org/web/20230110220228/https://www.gov.uk/coronavirus",0.00,,,0.00,"There are no coronavirus (COVID-19) restrictions in the UK.  If you have COVID-19 you should try to stay at home.    Most people cannot get free COVID-19 tests. You can buy tests in shops but you cannot report the result to the NHS.    https://web.archive.org/web/20230110220228/https://www.gov.uk/coronavirus",0.00,,"No policy in place",0.00,"No policy in. place",,,,,1.00,1,"Website is update weekly at best now.    There are no coronavirus (COVID-19) restrictions in the UK.  If you have COVID-19 you should try to stay at home.    Most people cannot get free COVID-19 tests. You can buy tests in shops but you cannot report the result to the NHS.    https://web.archive.org/web/20230110220228/https://www.gov.uk/coronavirus",1.00,"There are no coronavirus (COVID-19) restrictions in the UK.  If you have COVID-19 you should try to stay at home.    Most people cannot get free COVID-19 tests. You can buy tests in shops but you cannot report the result to the NHS.    https://web.archive.org/web/20230110220228/https://www.gov.uk/coronavirus",0.00,"No contact tracing in place",,,0.00,"No investments announced",1.00,0,,,,,1.00,0,"The use of face coverings is strongly recommended in all indoor settings accessible to the public across Northern Ireland. Wearing a face covering helps keep you and others safe from COVID-19.     https://web.archive.org/web/20230111081227/https://www.nidirect.gov.uk/articles/coronavirus-covid-19-face-coverings-guidance",5.00,1,"Everyone aged 5 (on or before 31 August 2022) and over can get a 1st and 2nd dose of the COVID-19 vaccine.    People aged 16 and over, and some children aged 12 to 15, can also get a booster dose.    People aged 5 and over who had a severely weakened immune system when they had their 1st or 2nd dose will be offered an additional primary dose (3rd dose) before any booster doses.    Some people, including those aged 50 years or over, those at higher risk or who are pregnant, and frontline health and social care workers, will be offered a seasonal booster (autumn booster).    https://web.archive.org/web/20230109044148/https://www.nhs.uk/conditions/coronavirus-covid-19/coronavirus-vaccination/coronavirus-vaccine/",0.00,,,,,,0.00,,"All local measures have been removed.    https://web.archive.org/web/20230111081707/https://westerntrust.hscni.net/western-trust-covid-19-information-updates/western-trust-covid19-visiting-guidance/",,2,"Everyone aged 5 (on or before 31 August 2022) and over can get a 1st and 2nd dose of the COVID-19 vaccine.    People aged 16 and over, and some children aged 12 to 15, can also get a booster dose.    People aged 5 and over who had a severely weakened immune system when they had their 1st or 2nd dose will be offered an additional primary dose (3rd dose) before any booster doses.    Some people, including those aged 50 years or over, those at higher risk or who are pregnant, and frontline health and social care workers, will be offered a seasonal booster (autumn booster).    https://web.archive.org/web/20230109044148/https://www.nhs.uk/conditions/coronavirus-covid-19/coronavirus-vaccination/coronavirus-vaccine/",3,,5-15 yrs,5-15 yrs,2,2,2,2,5,,0,,24024742,213777,V,75.19,5.56,5.56,5.56,5.56,12.24,12.24,12.24,12.24,13.99,13.99,13.99,13.99,0.00
United Kingdom,GBR,,,NAT_TOTAL,20221207,0.00,,,,,,0.00,,,0.00,,,,,,0.00,,,0.00,,,,,,0.00,,,0.00,,,,,,0.00,,,0.00,,,,,,0.00,,,0.00,,,,,,0.00,,,0.00,,,,,,0.00,,,0.00,,,0.00,,0.00,,,0.00,,,,,,1.00,1,,1.00,,0.00,,,,0.00,,1.00,0,,,,,1.00,0,,5.00,1,,0.00,,,,,,0.00,,,,2,,3,,5-15 yrs,5-15 yrs,2,2,2,2,5,,0,,24024742,213837,V,75.19,5.56,5.56,5.56,5.56,12.24,12.24,12.24,12.24,13.99,13.99,13.99,13.99,0.00
United Kingdom,GBR,,,NAT_TOTAL,20221208,0.00,,,,,,0.00,,,0.00,,,,,,0.00,,,0.00,,,,,,0.00,,,0.00,,,,,,0.00,,,0.00,,,,,,0.00,,,0.00,,,,,,0.00,,,0.00,,,,,,0.00,,,0.00,,,0.00,,0.00,,,0.00,,,,,,1.00,1,,1.00,,0.00,,,,0.00,,1.00,0,,,,,1.00,0,,5.00,1,,0.00,,,,,,0.00,,,,2,,3,,5-15 yrs,5-15 yrs,2,2,2,2,5,,0,,24053572,213906,V,75.19,5.56,5.56,5.56,5.56,12.24,12.24,12.24,12.24,13.99,13.99,13.99,13.99,0.00
United Kingdom,GBR,,,NAT_TOTAL,20221209,0.00,,,,,,0.00,,,0.00,,,,,,0.00,,,0.00,,,,,,0.00,,,0.00,,,,,,0.00,,,0.00,,,,,,0.00,,,0.00,,,,,,0.00,,,0.00,,,,,,0.00,,,0.00,,,0.00,,0.00,,,0.00,,,,,,1.00,1,,1.00,,0.00,,,,0.00,,1.00,0,,,,,1.00,0,,5.00,1,,0.00,,,,,,0.00,,,,2,,3,,5-15 yrs,5-15 yrs,2,2,2,2,5,,0,,24053572,213976,V,75.19,5.56,5.56,5.56,5.56,12.24,12.24,12.24,12.24,13.99,13.99,13.99,13.99,0.00
United Kingdom,GBR,,,NAT_TOTAL,20221210,0.00,,,,,,0.00,,,0.00,,,,,,0.00,,,0.00,,,,,,0.00,,,0.00,,,,,,0.00,,,0.00,,,,,,0.00,,,0.00,,,,,,0.00,,,0.00,,,,,,0.00,,,0.00,,,0.00,,0.00,,,0.00,,,,,,1.00,1,,1.00,,0.00,,,,0.00,,1.00,0,,,,,1.00,0,,5.00,1,,0.00,,,,,,0.00,,,,2,,3,,5-15 yrs,5-15 yrs,2,2,2,2,5,,0,,24053572,214041,V,75.19,5.56,5.56,5.56,5.56,12.24,12.24,12.24,12.24,13.99,13.99,13.99,13.99,0.00
United Kingdom,GBR,,,NAT_TOTAL,20221211,0.00,,,,,,0.00,,,0.00,,,,,,0.00,,,0.00,,,,,,0.00,,,0.00,,,,,,0.00,,,0.00,,,,,,0.00,,,0.00,,,,,,0.00,,,0.00,,,,,,0.00,,,0.00,,,0.00,,0.00,,,0.00,,,,,,1.00,1,,1.00,,0.00,,,,0.00,,1.00,0,,,,,1.00,0,,5.00,1,,0.00,,,,,,0.00,,,,2,,3,,5-15 yrs,5-15 yrs,2,2,2,2,5,,0,,24053572,214109,V,75.19,5.56,5.56,5.56,5.56,12.24,12.24,12.24,12.24,13.99,13.99,13.99,13.99,0.00
United Kingdom,GBR,,,NAT_TOTAL,20221212,0.00,,,,,,0.00,,,0.00,,,,,,0.00,,,0.00,,,,,,0.00,,,0.00,,,,,,0.00,,,0.00,,,,,,0.00,,,0.00,,,,,,0.00,,,0.00,,,,,,0.00,,,0.00,,,0.00,,0.00,,,0.00,,,,,,1.00,1,,1.00,,0.00,,,,0.00,,1.00,0,,,,,1.00,0,,5.00,1,,0.00,,,,,,0.00,,,,2,,3,,5-15 yrs,5-15 yrs,2,2,2,2,5,,0,,24053572,214176,V,75.19,5.56,5.56,5.56,5.56,12.24,12.24,12.24,12.24,13.99,13.99,13.99,13.99,0.00
United Kingdom,GBR,,,NAT_TOTAL,20221213,0.00,,,,,,0.00,,,0.00,,,,,,0.00,,,0.00,,,,,,0.00,,,0.00,,,,,,0.00,,,0.00,,,,,,0.00,,,0.00,,,,,,0.00,,,0.00,,,,,,0.00,,,0.00,,,0.00,,0.00,,,0.00,,,,,,1.00,1,,1.00,,0.00,,,,0.00,,1.00,0,,,,,1.00,0,,5.00,1,,0.00,,,,,,0.00,,,,2,,3,,5-15 yrs,5-15 yrs,2,2,2,2,5,,0,,24053572,214242,V,75.19,5.56,5.56,5.56,5.56,12.24,12.24,12.24,12.24,13.99,13.99,13.99,13.99,0.00
United Kingdom,GBR,,,NAT_TOTAL,20221214,0.00,,,,,,0.00,,,0.00,,,,,,0.00,,,0.00,,,,,,0.00,,,0.00,,,,,,0.00,,,0.00,,,,,,0.00,,,0.00,,,,,,0.00,,,0.00,,,,,,0.00,,,0.00,,,0.00,,0.00,,,0.00,,,,,,1.00,1,,1.00,,0.00,,,,0.00,,1.00,0,,,,,1.00,0,,5.00,1,,0.00,,,,,,0.00,,,,2,,3,,5-15 yrs,5-15 yrs,2,2,2,2,5,,0,,24053572,214335,V,75.19,5.56,5.56,5.56,5.56,12.24,12.24,12.24,12.24,13.99,13.99,13.99,13.99,0.00
United Kingdom,GBR,,,NAT_TOTAL,20221215,0.00,,,,,,0.00,,,0.00,,,,,,0.00,,,0.00,,,,,,0.00,,,0.00,,,,,,0.00,,,0.00,,,,,,0.00,,,0.00,,,,,,0.00,,,0.00,,,,,,0.00,,,0.00,,,0.00,,0.00,,,0.00,,,,,,1.00,1,,1.00,,0.00,,,,0.00,,1.00,0,,,,,1.00,0,,5.00,1,,0.00,,,,,,0.00,,,,2,,3,,5-15 yrs,5-15 yrs,2,2,2,2,5,,0,,24089038,214394,V,75.19,5.56,5.56,5.56,5.56,12.24,12.24,12.24,12.24,13.99,13.99,13.99,13.99,0.00
United Kingdom,GBR,,,NAT_TOTAL,20221216,0.00,,,,,,0.00,,,0.00,,,,,,0.00,,,0.00,,,,,,0.00,,,0.00,,,,,,0.00,,,0.00,,,,,,0.00,,,0.00,,,,,,0.00,,,0.00,,,,,,0.00,,,0.00,,,0.00,,0.00,,,0.00,,,,,,1.00,1,,1.00,,0.00,,,,0.00,,1.00,0,,,,,1.00,0,,5.00,1,,0.00,,,,,,0.00,,,,2,,3,,5-15 yrs,5-15 yrs,2,2,2,2,5,,0,,24089038,214480,V,75.19,5.56,5.56,5.56,5.56,12.24,12.24,12.24,12.24,13.99,13.99,13.99,13.99,0.00
United Kingdom,GBR,,,NAT_TOTAL,20221217,0.00,,,,,,0.00,,,0.00,,,,,,0.00,,,0.00,,,,,,0.00,,,0.00,,,,,,0.00,,,0.00,,,,,,0.00,,,0.00,,,,,,0.00,,,0.00,,,,,,0.00,,,0.00,,,0.00,,0.00,,,0.00,,,,,,1.00,1,,1.00,,0.00,,,,0.00,,1.00,0,,,,,1.00,0,,5.00,1,,0.00,,,,,,0.00,,,,2,,3,,5-15 yrs,5-15 yrs,2,2,2,2,5,,0,,24089038,214569,V,75.19,5.56,5.56,5.56,5.56,12.24,12.24,12.24,12.24,13.99,13.99,13.99,13.99,0.00
United Kingdom,GBR,,,NAT_TOTAL,20221218,0.00,,,,,,0.00,,,0.00,,,,,,0.00,,,0.00,,,,,,0.00,,,0.00,,,,,,0.00,,,0.00,,,,,,0.00,,,0.00,,,,,,0.00,,,0.00,,,,,,0.00,,,0.00,,,0.00,,0.00,,,0.00,,,,,,1.00,1,,1.00,,0.00,,,,0.00,,1.00,0,,,,,1.00,0,,5.00,1,,0.00,,,,,,0.00,,,,2,,3,,5-15 yrs,5-15 yrs,2,2,2,2,5,,0,,24089038,214664,V,75.19,5.56,5.56,5.56,5.56,12.24,12.24,12.24,12.24,13.99,13.99,13.99,13.99,0.00
United Kingdom,GBR,,,NAT_TOTAL,20221219,0.00,,,,,,0.00,,,0.00,,,,,,0.00,,,0.00,,,,,,0.00,,,0.00,,,,,,0.00,,,0.00,,,,,,0.00,,,0.00,,,,,,0.00,,,0.00,,,,,,0.00,,,0.00,,,0.00,,0.00,,,0.00,,,,,,1.00,1,,1.00,,0.00,,,,0.00,,1.00,0,,,,,1.00,0,,5.00,1,,0.00,,,,,,0.00,,,,2,,3,,5-15 yrs,5-15 yrs,2,2,2,2,5,,0,,24089038,214776,V,75.19,5.56,5.56,5.56,5.56,12.24,12.24,12.24,12.24,13.99,13.99,13.99,13.99,0.00
United Kingdom,GBR,,,NAT_TOTAL,20221220,0.00,,,,,,0.00,,,0.00,,,,,,0.00,,,0.00,,,,,,0.00,,,0.00,,,,,,0.00,,,0.00,,,,,,0.00,,,0.00,,,,,,0.00,,,0.00,,,,,,0.00,,,0.00,,,0.00,,0.00,,,0.00,,,,,,1.00,1,,1.00,,0.00,,,,0.00,,1.00,0,,,,,1.00,0,,5.00,1,,0.00,,,,,,0.00,,,,2,,3,,5-15 yrs,5-15 yrs,2,2,2,2,5,,0,,24089038,214885,V,75.19,5.56,5.56,5.56,5.56,12.24,12.24,12.24,12.24,13.99,13.99,13.99,13.99,0.00
United Kingdom,GBR,,,NAT_TOTAL,20221221,0.00,,,,,,0.00,,,0.00,,,,,,0.00,,,0.00,,,,,,0.00,,,0.00,,,,,,0.00,,,0.00,,,,,,0.00,,,0.00,,,,,,0.00,,,0.00,,,,,,0.00,,,0.00,,,0.00,,0.00,,,0.00,,,,,,1.00,1,,1.00,,0.00,,,,0.00,,1.00,0,,,,,1.00,0,,5.00,1,,0.00,,,,,,0.00,,,,2,,3,,5-15 yrs,5-15 yrs,2,2,2,2,5,,0,,24089038,214992,V,75.19,5.56,5.56,5.56,5.56,12.24,12.24,12.24,12.24,13.99,13.99,13.99,13.99,0.00
United Kingdom,GBR,,,NAT_TOTAL,20221222,0.00,,,,,,0.00,,,0.00,,,,,,0.00,,,0.00,,,,,,0.00,,,0.00,,,,,,0.00,,,0.00,,,,,,0.00,,,0.00,,,,,,0.00,,,0.00,,,,,,0.00,,,0.00,,,0.00,,0.00,,,0.00,,,,,,1.00,1,,1.00,,0.00,,,,0.00,,1.00,0,,,,,1.00,0,,5.00,1,,0.00,,,,,,0.00,,,,2,,3,,5-15 yrs,5-15 yrs,2,2,2,2,5,,0,,24135080,215103,V,75.19,5.56,5.56,5.56,5.56,12.24,12.24,12.24,12.24,13.99,13.99,13.99,13.99,0.00
United Kingdom,GBR,,,NAT_TOTAL,20221223,0.00,,,,,,0.00,,,0.00,,,,,,0.00,,,0.00,,,,,,0.00,,,0.00,,,,,,0.00,,,0.00,,,,,,0.00,,,0.00,,,,,,0.00,,,0.00,,,,,,0.00,,,0.00,,,0.00,,0.00,,,0.00,,,,,,1.00,1,,1.00,,0.00,,,,0.00,,1.00,0,,,,,1.00,0,,5.00,1,,0.00,,,,,,0.00,,,,2,,3,,5-15 yrs,5-15 yrs,2,2,2,2,5,,0,,24135080,215217,V,75.19,5.56,5.56,5.56,5.56,12.24,12.24,12.24,12.24,13.99,13.99,13.99,13.99,0.00
United Kingdom,GBR,,,NAT_TOTAL,20221224,0.00,,,,,,0.00,,,0.00,,,,,,0.00,,,0.00,,,,,,0.00,,,0.00,,,,,,0.00,,,0.00,,,,,,0.00,,,0.00,,,,,,0.00,,,0.00,,,,,,0.00,,,0.00,,,0.00,,0.00,,,0.00,,,,,,1.00,1,,1.00,,0.00,,,,0.00,,1.00,0,,,,,1.00,0,,5.00,1,,0.00,,,,,,0.00,,,,2,,3,,5-15 yrs,5-15 yrs,2,2,2,2,5,,0,,24135080,215360,V,75.19,5.56,5.56,5.56,5.56,12.24,12.24,12.24,12.24,13.99,13.99,13.99,13.99,0.00
United Kingdom,GBR,,,NAT_TOTAL,20221225,0.00,,,,,,0.00,,,0.00,,,,,,0.00,,,0.00,,,,,,0.00,,,0.00,,,,,,0.00,,,0.00,,,,,,0.00,,,0.00,,,,,,0.00,,,0.00,,,,,,0.00,,,0.00,,,0.00,,0.00,,,0.00,,,,,,1.00,1,,1.00,,0.00,,,,0.00,,1.00,0,,,,,1.00,0,,5.00,1,,0.00,,,,,,0.00,,,,2,,3,,5-15 yrs,5-15 yrs,2,2,2,2,5,,0,,24135080,215485,V,75.19,5.56,5.56,5.56,5.56,12.24,12.24,12.24,12.24,13.99,13.99,13.99,13.99,0.00
United Kingdom,GBR,,,NAT_TOTAL,20221226,0.00,,,,,,0.00,,,0.00,,,,,,0.00,,,0.00,,,,,,0.00,,,0.00,,,,,,0.00,,,0.00,,,,,,0.00,,,0.00,,,,,,0.00,,,0.00,,,,,,0.00,,,0.00,,,0.00,,0.00,,,0.00,,,,,,1.00,1,,1.00,,0.00,,,,0.00,,1.00,0,,,,,1.00,0,,5.00,1,,0.00,,,,,,0.00,,,,2,,3,,5-15 yrs,5-15 yrs,2,2,2,2,5,,0,,24135080,215612,V,75.19,5.56,5.56,5.56,5.56,12.24,12.24,12.24,12.24,13.99,13.99,13.99,13.99,0.00
United Kingdom,GBR,,,NAT_TOTAL,20221227,0.00,,,,,,0.00,,,0.00,,,,,,0.00,,,0.00,,,,,,0.00,,,0.00,,,,,,0.00,,,0.00,,,,,,0.00,,,0.00,,,,,,0.00,,,0.00,,,,,,0.00,,,0.00,,,0.00,,0.00,,,0.00,,,,,,1.00,1,,1.00,,0.00,,,,0.00,,1.00,0,,,,,1.00,0,,5.00,1,,0.00,,,,,,0.00,,,,2,,3,,5-15 yrs,5-15 yrs,2,2,2,2,5,,0,,24135080,215749,V,75.19,5.56,5.56,5.56,5.56,12.24,12.24,12.24,12.24,13.99,13.99,13.99,13.99,0.00
United Kingdom,GBR,,,NAT_TOTAL,20221228,0.00,,,,,,0.00,,,0.00,,,,,,0.00,,,0.00,,,,,,0.00,,,0.00,,,,,,0.00,,,0.00,,,,,,0.00,,,0.00,,,,,,0.00,,,0.00,,,,,,0.00,,,0.00,,,0.00,,0.00,,,0.00,,,,,,1.00,1,,1.00,,0.00,,,,0.00,,1.00,0,,,,,1.00,0,,5.00,1,,0.00,,,,,,0.00,,,,2,,3,,5-15 yrs,5-15 yrs,2,2,2,2,5,,0,,24135080,215879,V,75.19,5.56,5.56,5.56,5.56,12.24,12.24,12.24,12.24,13.99,13.99,13.99,13.99,0.00
United Kingdom,GBR,,,NAT_TOTAL,20221229,0.00,,,,,,0.00,,,0.00,,,,,,0.00,,,0.00,,,,,,0.00,,,0.00,,,,,,0.00,,,0.00,,,,,,0.00,,,0.00,,,,,,0.00,,,0.00,,,,,,0.00,,,0.00,,,0.00,,0.00,,,0.00,,,,,,1.00,1,,1.00,,0.00,,,,0.00,,1.00,0,,,,,1.00,0,,5.00,1,,0.00,,,,,,0.00,,,,2,,3,,5-15 yrs,5-15 yrs,2,2,2,2,5,,0,,24135080,216005,V,75.19,5.56,5.56,5.56,5.56,12.24,12.24,12.24,12.24,13.99,13.99,13.99,13.99,0.00
United Kingdom,GBR,,,NAT_TOTAL,20221230,0.00,,,,,,0.00,,,0.00,,,,,,0.00,,,0.00,,,,,,0.00,,,0.00,,,,,,0.00,,,0.00,,,,,,0.00,,,0.00,,,,,,0.00,,,0.00,,,,,,0.00,,,0.00,,,0.00,,0.00,,,0.00,,,,,,1.00,1,,1.00,,0.00,,,,0.00,,1.00,0,,,,,1.00,0,,5.00,1,,0.00,,,,,,0.00,,,,2,,3,,5-15 yrs,5-15 yrs,2,2,2,2,5,,0,,24135080,216155,V,75.19,5.56,5.56,5.56,5.56,12.24,12.24,12.24,12.24,13.99,13.99,13.99,13.99,0.00
United Kingdom,GBR,,,NAT_TOTAL,20221231,0.00,,,,,,0.00,,,0.00,,,,,,0.00,,,0.00,,,,,,0.00,,,0.00,,,,,,0.00,,,0.00,,,,,,0.00,,,0.00,,,,,,0.00,,,0.00,,,,,,0.00,,,0.00,,,0.00,,0.00,,,0.00,,,,,,1.00,1,,1.00,,0.00,,,,0.00,,1.00,0,,,,,1.00,0,,5.00,1,,0.00,,,,,,0.00,,,,2,,3,,5-15 yrs,5-15 yrs,2,2,2,2,5,,0,,24135080,216306,V,75.19,5.56,5.56,5.56,5.56,12.24,12.24,12.24,12.24,13.99,13.99,13.99,13.99,0.00
United Kingdom,GBR,England,UK_ENG,STATE_TOTAL,20220101,1.00,1,,,,,1.00,1,,,,2.00,1,1.00,1,1.00,1,,,,2.00,1,1.00,1,1.00,1,,0.00,,,,,,0.00,,,0.00,,,,,,0.00,,,0.00,,,,,,0.00,,,0.00,,,,,,0.00,,,,2.00,1.00,1.00,,0.00,,,1.00,,,,,,2.00,1,,3.00,,1.00,,,,0.00,,2.00,1,,,,,2.00,1,,5.00,1,,0.00,,,,,,0.00,,,,2,"As in autumn 2021, the primary objective of the 2022 autumn booster programme will be to increase population immunity and protection against severe COVID-19 disease, specifically hospitalisation and death, over the winter period.    The JCVI’s current view is that in autumn 2022, a COVID-19 vaccine should be offered to:  residents in a care home for older adults and staff  frontline health and social care workers  all those 65 years of age and over  adults aged 16 to 64 years who are in a clinical risk group    The government have accepted final JCVI advice which states the following people should be offered a COVID-19 booster vaccine this autumn:  residents in a care home for older adults and staff working in care homes for older adults  frontline health and social care workers  all adults aged 50 years and over  persons aged 5 to 49 years in a clinical risk group, as set out in the Green Book  persons aged 5 to 49 years who are household contacts of people with immunosuppression  persons aged 16 to 49 years who are carers, as set out in the Green Book.    https://web.archive.org/web/20230206090523/https://www.gov.uk/government/news/jcvi-provides-interim-advice-on-an-autumn-covid-19-booster-programme  https://web.archive.org/web/20230206090616/https://www.england.nhs.uk/coronavirus/documents/autumn-covid-19-booster-and-flu-vaccine-programme/",3,,5-15 yrs,5-15 yrs,2,2,2,2,5,,1,,11151423,129373,V,70.42,38.89,26.85,32.87,30.41,43.75,36.98,40.36,38.98,46.43,38.69,42.56,40.98,25.00
United Kingdom,GBR,England,UK_ENG,STATE_TOTAL,20220102,1.00,1,,,,,1.00,1,,,,2.00,1,1.00,1,1.00,1,,,,2.00,1,1.00,1,1.00,1,,0.00,,,,,,0.00,,,0.00,,,,,,0.00,,,0.00,,,,,,0.00,,,0.00,,,,,,0.00,,,,2.00,1.00,1.00,,0.00,,,1.00,,,,,,2.00,1,,3.00,,1.00,,,,0.00,,2.00,1,,,,,2.00,1,,5.00,1,,0.00,,,,,,0.00,,,,2,,3,,5-15 yrs,5-15 yrs,2,2,2,2,5,,1,,11272332,129432,V,70.44,38.89,26.85,32.87,30.41,43.75,36.98,40.36,38.98,46.43,38.69,42.56,40.98,25.00
United Kingdom,GBR,England,UK_ENG,STATE_TOTAL,20220103,1.00,1,,,,,1.00,1,,,,2.00,1,1.00,1,1.00,1,,,,2.00,1,1.00,1,1.00,1,,0.00,,,,,,0.00,,,0.00,,,,,,0.00,,,0.00,,,,,,0.00,,,0.00,,,,,,0.00,,,,2.00,1.00,1.00,,0.00,,,1.00,,,,,,2.00,1,,3.00,,1.00,,,,0.00,,2.00,1,,,,,2.00,1,,5.00,1,,0.00,,,,,,0.00,,,,2,,3,,5-15 yrs,5-15 yrs,2,2,2,2,5,,1,,11408560,129474,V,70.48,38.89,26.85,32.87,30.40,43.75,36.98,40.36,38.98,46.43,38.69,42.56,40.97,25.00
United Kingdom,GBR,England,UK_ENG,STATE_TOTAL,20220104,0.00,,,,,,0.00,,"4 January , this guidance applies to ENGLAND    No restrictions in place beyond face coverings which are not captured in 1 level so recording 0    Face coverings are recommended in schools with pupils in year 7 and above. They should be worn in most classrooms, and by pupils, students, staff and adult visitors when moving around buildings.    http://web.archive.org/web/20220110165630/https://www.gov.uk/coronavirus",,,2.00,1,1.00,1,1.00,1,,,,2.00,1,1.00,1,1.00,1,,0.00,,,,,,0.00,,,0.00,,,,,,0.00,,,0.00,,,,,,0.00,,,0.00,,,,,,0.00,,,,2.00,1.00,1.00,,0.00,,,1.00,,,,,,2.00,1,,3.00,,1.00,,,,0.00,,2.00,1,,,,,2.00,1,,5.00,1,,0.00,,,,,,0.00,,,,2,,3,,5-15 yrs,5-15 yrs,2,2,2,2,5,,1,,11557285,129499,V,70.54,35.19,23.15,29.17,26.70,41.67,34.90,38.28,36.89,44.05,36.31,40.18,38.59,25.00
United Kingdom,GBR,England,UK_ENG,STATE_TOTAL,20220105,0.00,,,,,,0.00,,,,,2.00,1,1.00,1,1.00,1,,,,2.00,1,1.00,1,1.00,1,,0.00,,,,,,0.00,,,0.00,,,,,,0.00,,,0.00,,,,,,0.00,,,0.00,,,,,,0.00,,,,2.00,1.00,1.00,,0.00,,,1.00,,,,,,2.00,1,,3.00,,1.00,,,,0.00,,2.00,1,,,,,2.00,1,,5.00,1,,0.00,,,,,,0.00,,,,2,,3,,5-15 yrs,5-15 yrs,2,2,2,2,5,,1,,11706635,129815,V,70.59,35.19,23.15,29.17,26.69,41.67,34.90,38.28,36.89,44.05,36.31,40.18,38.59,25.00
United Kingdom,GBR,England,UK_ENG,STATE_TOTAL,20220106,0.00,,,,,,0.00,,,,,2.00,1,1.00,1,1.00,1,,,,2.00,1,1.00,1,1.00,1,,0.00,,,,,,0.00,,,0.00,,,,,,0.00,,,0.00,,,,,,0.00,,,0.00,,,,,,0.00,,,,2.00,1.00,1.00,,0.00,,,1.00,,,,,,2.00,1,,3.00,,1.00,,,,0.00,,2.00,1,,,,,2.00,1,,5.00,1,,0.00,,,,,,0.00,,,,2,,3,,5-15 yrs,5-15 yrs,2,2,2,2,5,,1,,11858941,130018,V,70.64,35.19,23.15,29.17,26.68,41.67,34.90,38.28,36.89,44.05,36.31,40.18,38.58,25.00
United Kingdom,GBR,England,UK_ENG,STATE_TOTAL,20220107,0.00,,,,,,0.00,,,,,2.00,1,1.00,1,1.00,1,,,,2.00,1,1.00,1,1.00,1,,0.00,,,,,,0.00,,,0.00,,,,,,0.00,,,0.00,,,,,,0.00,,,0.00,,,,,,0.00,,,,2.00,1.00,1.00,,0.00,,,1.00,,,,,,2.00,1,,3.00,,1.00,,,,0.00,,2.00,1,,,,,2.00,1,,5.00,1,,0.00,,,,,,0.00,,,,2,,3,,5-15 yrs,5-15 yrs,2,2,2,2,5,,1,,12008346,130211,V,70.69,35.19,23.15,29.17,26.68,41.67,34.90,38.28,36.88,44.05,36.31,40.18,38.58,25.00
United Kingdom,GBR,England,UK_ENG,STATE_TOTAL,20220108,0.00,,,,,,0.00,,,,,2.00,1,1.00,1,1.00,1,,,,2.00,1,1.00,1,1.00,1,,0.00,,,,,,0.00,,,0.00,,,,,,0.00,,,0.00,,,,,,0.00,,,0.00,,,,,,0.00,,,,2.00,1.00,1.00,,0.00,,,1.00,,,,,,2.00,1,,3.00,,1.00,,,,0.00,,2.00,1,,,,,2.00,1,,5.00,1,,0.00,,,,,,0.00,,,,2,,3,,5-15 yrs,5-15 yrs,2,2,2,2,5,,1,,12132895,130493,V,70.76,35.19,23.15,29.17,26.67,41.67,34.90,38.28,36.88,44.05,36.31,40.18,38.57,25.00
United Kingdom,GBR,England,UK_ENG,STATE_TOTAL,20220109,0.00,,,,,,0.00,,,,,2.00,1,1.00,1,1.00,1,,,,2.00,1,1.00,1,1.00,1,,0.00,,,,,,0.00,,,0.00,,,,,,0.00,,,0.00,,,,,,0.00,,,0.00,,,,,,0.00,,,,2.00,1.00,1.00,,0.00,,,1.00,,,,,,2.00,1,,3.00,,1.00,,,,0.00,,2.00,1,,,,,2.00,1,,5.00,1,,0.00,,,,,,0.00,,,,2,,3,,5-15 yrs,5-15 yrs,2,2,2,2,5,,1,,12254123,130577,V,70.81,35.19,23.15,29.17,26.66,41.67,34.90,38.28,36.88,44.05,36.31,40.18,38.57,25.00
United Kingdom,GBR,England,UK_ENG,STATE_TOTAL,20220110,0.00,,,,,,0.00,,,,,2.00,1,1.00,1,1.00,1,,,,2.00,1,1.00,1,1.00,1,,0.00,,,,,,0.00,,,0.00,,,,,,0.00,,,0.00,,,,,,0.00,,,0.00,,,,,,0.00,,,,2.00,1.00,1.00,,0.00,,,1.00,,,,,,2.00,1,,3.00,,1.00,,,,0.00,,2.00,1,,,,,2.00,1,,5.00,1,,0.00,,,,,,0.00,,,,2,,3,,5-15 yrs,5-15 yrs,2,2,2,2,5,,1,,12370121,130632,V,70.85,35.19,23.15,29.17,26.66,41.67,34.90,38.28,36.87,44.05,36.31,40.18,38.57,25.00
United Kingdom,GBR,England,UK_ENG,STATE_TOTAL,20220111,0.00,,,,,,0.00,,,,,2.00,1,1.00,1,1.00,1,,,,2.00,1,1.00,1,1.00,1,,0.00,,,,,,0.00,,,0.00,,,,,,0.00,,,0.00,,,,,,0.00,,,0.00,,,,,,0.00,,,,2.00,1.00,1.00,,0.00,,,1.00,,,,,,2.00,1,,3.00,,1.00,,,,0.00,,2.00,1,,,,,2.00,1,,5.00,1,,0.00,,,,,,0.00,,,,2,,3,,5-15 yrs,5-15 yrs,2,2,2,2,5,,1,,12469614,130990,V,70.89,35.19,23.15,29.17,26.65,41.67,34.90,38.28,36.87,44.05,36.31,40.18,38.56,25.00
United Kingdom,GBR,England,UK_ENG,STATE_TOTAL,20220112,0.00,,,,,,0.00,,,,,2.00,1,1.00,1,1.00,1,,,,2.00,1,1.00,1,1.00,1,,0.00,,,,,,0.00,,,0.00,,,,,,0.00,,,0.00,,,,,,0.00,,,0.00,,,,,,0.00,,,,2.00,1.00,1.00,,0.00,,,1.00,,,,,,2.00,1,,3.00,,1.00,,,,0.00,,2.00,1,,,,,2.00,1,,5.00,1,,0.00,,,,,,0.00,,,,2,,3,,5-15 yrs,5-15 yrs,2,2,2,2,5,,1,,12585787,131351,V,70.93,35.19,23.15,29.17,26.65,41.67,34.90,38.28,36.87,44.05,36.31,40.18,38.56,25.00
United Kingdom,GBR,England,UK_ENG,STATE_TOTAL,20220113,0.00,,,,,,0.00,,,,,2.00,1,1.00,1,1.00,1,,,,2.00,1,1.00,1,1.00,1,,0.00,,,,,,0.00,,,0.00,,,,,,0.00,,,0.00,,,,,,0.00,,,0.00,,,,,,0.00,,,,2.00,1.00,1.00,,0.00,,,1.00,,,,,,2.00,1,,3.00,,1.00,,,,0.00,,2.00,1,,,,,2.00,1,,5.00,1,,0.00,,,,,,0.00,,,,2,,3,,5-15 yrs,5-15 yrs,2,2,2,2,5,,1,,12680151,131635,V,70.98,35.19,23.15,29.17,26.64,41.67,34.90,38.28,36.86,44.05,36.31,40.18,38.56,25.00
United Kingdom,GBR,England,UK_ENG,STATE_TOTAL,20220114,0.00,,,,,,0.00,,,,,2.00,1,1.00,1,1.00,1,,,,2.00,1,1.00,1,1.00,1,,0.00,,,,,,0.00,,,0.00,,,,,,0.00,,,0.00,,,,,,0.00,,,0.00,,,,,,0.00,,,,2.00,1.00,1.00,,0.00,,,1.00,,,,,,2.00,1,,3.00,,1.00,,,,0.00,,2.00,1,,,,,2.00,1,,5.00,1,,0.00,,,,,,0.00,,,,2,,3,,5-15 yrs,5-15 yrs,2,2,2,2,5,,1,,12766944,131856,V,71.02,35.19,23.15,29.17,26.64,41.67,34.90,38.28,36.86,44.05,36.31,40.18,38.55,25.00
United Kingdom,GBR,England,UK_ENG,STATE_TOTAL,20220115,0.00,,,,,,0.00,,,,,2.00,1,1.00,1,1.00,1,,,,2.00,1,1.00,1,1.00,1,,0.00,,,,,,0.00,,,0.00,,,,,,0.00,,,0.00,,,,,,0.00,,,0.00,,,,,,0.00,,,,2.00,1.00,1.00,,0.00,,,1.00,,,,,,2.00,1,,3.00,,1.00,,,,0.00,,2.00,1,,,,,2.00,1,,5.00,1,,0.00,,,,,,0.00,,,,2,,3,,5-15 yrs,5-15 yrs,2,2,2,2,5,,1,,12840532,132122,V,71.09,35.19,23.15,29.17,26.63,41.67,34.90,38.28,36.86,44.05,36.31,40.18,38.55,25.00
United Kingdom,GBR,England,UK_ENG,STATE_TOTAL,20220116,0.00,,,,,,0.00,,,,,2.00,1,1.00,1,1.00,1,,,,2.00,1,1.00,1,1.00,1,,0.00,,,,,,0.00,,,0.00,,,,,,0.00,,,0.00,,,,,,0.00,,,0.00,,,,,,0.00,,,,2.00,1.00,1.00,,0.00,,,1.00,,,,,,2.00,1,,3.00,,1.00,,,,0.00,,2.00,1,,,,,2.00,1,,5.00,1,,0.00,,,,,,0.00,,,,2,,3,,5-15 yrs,5-15 yrs,2,2,2,2,5,,1,,12906041,132201,V,71.14,35.19,23.15,29.17,26.62,41.67,34.90,38.28,36.85,44.05,36.31,40.18,38.54,25.00
United Kingdom,GBR,England,UK_ENG,STATE_TOTAL,20220117,0.00,,,,,,0.00,,,,,2.00,1,1.00,1,1.00,1,,,,2.00,1,1.00,1,1.00,1,,0.00,,,,,,0.00,,,0.00,,,,,,0.00,,,0.00,,,,,,0.00,,,0.00,,,,,,0.00,,,,2.00,1.00,1.00,,0.00,,,1.00,,,,,,2.00,1,,3.00,,1.00,,,,0.00,,2.00,1,,,,,2.00,1,,5.00,1,,0.00,,,,,,0.00,,,,2,,3,,5-15 yrs,5-15 yrs,2,2,2,2,5,,1,,12979908,132264,V,71.17,35.19,23.15,29.17,26.62,41.67,34.90,38.28,36.85,44.05,36.31,40.18,38.54,25.00
United Kingdom,GBR,England,UK_ENG,STATE_TOTAL,20220118,0.00,,,,,,0.00,,,,,2.00,1,1.00,1,1.00,1,,,,2.00,1,1.00,1,1.00,1,,0.00,,,,,,0.00,,,0.00,,,,,,0.00,,,0.00,,,,,,0.00,,,0.00,,,,,,0.00,,,,2.00,1.00,1.00,,0.00,,,1.00,,,,,,2.00,1,,3.00,,1.00,,,,0.00,,2.00,1,,,,,2.00,1,,5.00,1,,0.00,,,,,,0.00,,,,2,,3,,5-15 yrs,5-15 yrs,2,2,2,2,5,,1,,13064494,132664,V,71.22,35.19,23.15,29.17,26.62,41.67,34.90,38.28,36.85,44.05,36.31,40.18,38.54,25.00
United Kingdom,GBR,England,UK_ENG,STATE_TOTAL,20220119,0.00,,,,,,0.00,,,,,2.00,1,1.00,1,1.00,1,,,,2.00,1,1.00,1,1.00,1,,0.00,,,,,,0.00,,,0.00,,,,,,0.00,,,0.00,,,,,,0.00,,,0.00,,,,,,0.00,,,,2.00,1.00,1.00,,0.00,,,1.00,,,,,,2.00,1,,3.00,,1.00,,,,0.00,,2.00,1,,,,,2.00,1,,5.00,1,,0.00,,,,,,0.00,,,,2,,3,,5-15 yrs,5-15 yrs,2,2,2,2,5,,1,,13160429,132965,V,71.26,35.19,23.15,29.17,26.61,41.67,34.90,38.28,36.85,44.05,36.31,40.18,38.53,25.00
United Kingdom,GBR,England,UK_ENG,STATE_TOTAL,20220120,0.00,,,,,,0.00,,,,,2.00,1,1.00,1,1.00,1,,,,2.00,1,1.00,1,1.00,1,,0.00,,,,,,0.00,,,0.00,,,,,,0.00,,,0.00,,,,,,0.00,,,0.00,,,,,,0.00,,,,2.00,1.00,1.00,,0.00,,,1.00,,,,,,2.00,1,,3.00,,1.00,,,,0.00,,2.00,1,,,,,2.00,1,,5.00,1,,0.00,,,,,,0.00,,,,2,,3,,5-15 yrs,5-15 yrs,2,2,2,2,5,,1,,13255586,133245,V,71.31,35.19,23.15,29.17,26.60,41.67,34.90,38.28,36.84,44.05,36.31,40.18,38.53,25.00
United Kingdom,GBR,England,UK_ENG,STATE_TOTAL,20220121,0.00,,,,,,0.00,,,,,2.00,1,1.00,1,1.00,1,,,,2.00,1,1.00,1,1.00,1,,0.00,,,,,,0.00,,,0.00,,,,,,0.00,,,0.00,,,,,,0.00,,,0.00,,,,,,0.00,,,,2.00,1.00,1.00,,0.00,,,1.00,,,,,,2.00,1,,3.00,,1.00,,,,0.00,,2.00,1,,,,,2.00,1,,5.00,1,,0.00,,,,,,0.00,,,,2,,3,,5-15 yrs,5-15 yrs,2,2,2,2,5,,1,,13341488,133500,V,71.36,35.19,23.15,29.17,26.60,41.67,34.90,38.28,36.84,44.05,36.31,40.18,38.53,25.00
United Kingdom,GBR,England,UK_ENG,STATE_TOTAL,20220122,0.00,,,,,,0.00,,,,,2.00,1,1.00,1,1.00,1,,,,2.00,1,1.00,1,1.00,1,,0.00,,,,,,0.00,,,0.00,,,,,,0.00,,,0.00,,,,,,0.00,,,0.00,,,,,,0.00,,,,2.00,1.00,1.00,,0.00,,,1.00,,,,,,2.00,1,,3.00,,1.00,,,,0.00,,2.00,1,,,,,2.00,1,,5.00,1,,0.00,,,,,,0.00,,,,2,,3,,5-15 yrs,5-15 yrs,2,2,2,2,5,,1,,13413441,133762,V,71.43,35.19,23.15,29.17,26.59,41.67,34.90,38.28,36.83,44.05,36.31,40.18,38.52,25.00
United Kingdom,GBR,England,UK_ENG,STATE_TOTAL,20220123,0.00,,,,,,0.00,,,,,2.00,1,1.00,1,1.00,1,,,,2.00,1,1.00,1,1.00,1,,0.00,,,,,,0.00,,,0.00,,,,,,0.00,,,0.00,,,,,,0.00,,,0.00,,,,,,0.00,,,,2.00,1.00,1.00,,0.00,,,1.00,,,,,,2.00,1,,3.00,,1.00,,,,0.00,,2.00,1,,,,,2.00,1,,5.00,1,,0.00,,,,,,0.00,,,,2,,3,,5-15 yrs,5-15 yrs,2,2,2,2,5,,1,,13482354,133820,V,71.48,35.19,23.15,29.17,26.58,41.67,34.90,38.28,36.83,44.05,36.31,40.18,38.52,25.00
United Kingdom,GBR,England,UK_ENG,STATE_TOTAL,20220124,0.00,,,,,,0.00,,,,,2.00,1,1.00,1,1.00,1,,,,2.00,1,1.00,1,1.00,1,,0.00,,,,,,0.00,,,0.00,,,,,,0.00,,,0.00,,,,,,0.00,,,0.00,,,,,,0.00,,,,2.00,1.00,1.00,,0.00,,,1.00,,,,,,2.00,1,,3.00,,1.00,,,,0.00,,2.00,1,,,,,2.00,1,,5.00,1,,0.00,,,,,,0.00,,,,2,,3,,5-15 yrs,5-15 yrs,2,2,2,2,5,,1,,13558510,133864,V,71.52,35.19,23.15,29.17,26.58,41.67,34.90,38.28,36.83,44.05,36.31,40.18,38.51,25.00
United Kingdom,GBR,England,UK_ENG,STATE_TOTAL,20220125,0.00,,,,,,0.00,,,,,2.00,1,1.00,1,1.00,1,,,,2.00,1,1.00,1,1.00,1,,0.00,,,,,,0.00,,,0.00,,,,,,0.00,,,0.00,,,,,,0.00,,,0.00,,,,,,0.00,,,,2.00,1.00,1.00,,0.00,,,1.00,,,,,,2.00,1,,3.00,,1.00,,,,0.00,,2.00,1,,,,,2.00,1,,5.00,1,,0.00,,,,,,0.00,,,,2,,3,,5-15 yrs,5-15 yrs,2,2,2,2,5,,1,,13642522,134273,V,71.56,35.19,23.15,29.17,26.57,41.67,34.90,38.28,36.83,44.05,36.31,40.18,38.51,25.00
United Kingdom,GBR,England,UK_ENG,STATE_TOTAL,20220126,0.00,,,,,,0.00,,,,,2.00,1,1.00,1,1.00,1,,,,2.00,1,1.00,1,1.00,1,,0.00,,,,,,0.00,,,0.00,,,,,,0.00,,,0.00,,,,,,0.00,,,0.00,,,,,,0.00,,,,2.00,1.00,1.00,,0.00,,,1.00,,,,,,2.00,1,,3.00,,1.00,,,,0.00,,2.00,1,,,,,2.00,1,,5.00,1,,0.00,,,,,,0.00,,,,2,,3,,5-15 yrs,5-15 yrs,2,2,2,2,5,,1,,13732435,134573,V,71.61,35.19,23.15,29.17,26.57,41.67,34.90,38.28,36.82,44.05,36.31,40.18,38.51,25.00
United Kingdom,GBR,England,UK_ENG,STATE_TOTAL,20220127,0.00,,,,,,0.00,,"From Thursday, secondary school pupils will no longer have to wear face masks in classrooms and government guidance on their use in communal areas would be removed ""shortly"". Coding remains at a 1G due to the guidance on face mask use in communal areas    http://web.archive.org/web/20220121121233/https://www.bbc.com/news/uk-60047438",0.00,,,,,,0.00,,"England's Plan B measures are to end from Thursday 27 January. Covid passports dropped meaning all businesses are open, without any requirement to present a pass to get in. Mandatory Covid passports for entering nightclubs and large events would end, though organisations could choose to use the NHS Covid pass if they wished. People would no longer be advised to work from home and should discuss their return to offices with employers  Face masks will no longer be mandated, though people are still advised to wear coverings in enclosed or crowded spaces and when meeting strangers.    http://web.archive.org/web/20220121121233/https://www.bbc.com/news/uk-60047438",0.00,,,,,,0.00,,"England's Plan B measures are to end from Thursday 27 January. Covid passports dropped meaning all businesses are open, without any requirement to present a pass to get in. Mandatory Covid passports for entering nightclubs and large events would end, though organisations could choose to use the NHS Covid pass if they wished. People would no longer be advised to work from home and should discuss their return to offices with employers  Face masks will no longer be mandated, though people are still advised to wear coverings in enclosed or crowded spaces and when meeting strangers.    http://web.archive.org/web/20220121121233/https://www.bbc.com/news/uk-60047438",0.00,,,,,,0.00,,,0.00,,,,,,0.00,,,0.00,,,,,,0.00,,,0.00,,,,,,0.00,,,,2.00,1.00,1.00,,0.00,,,1.00,,,,,,2.00,1,,3.00,,1.00,,,,0.00,,0.00,,,,,,0.00,,"From 27 January, the government will no longer mandate the wearing of face masks anywhere, which means it will no longer be a criminal offence not to wear one without an exemption.    http://web.archive.org/web/20220121125849/https://www.theguardian.com/world/2022/jan/19/plan-a-new-covid-rules-england",5.00,1,,0.00,,,,,,0.00,,,,2,,3,,5-15 yrs,5-15 yrs,2,2,2,2,5,,1,,13817017,134875,V,71.66,16.67,13.89,15.28,14.68,28.12,26.56,27.34,27.00,28.57,26.79,27.68,27.29,25.00
United Kingdom,GBR,England,UK_ENG,STATE_TOTAL,20220128,0.00,,,,,,0.00,,,0.00,,,,,,0.00,,,0.00,,,,,,0.00,,,0.00,,,,,,0.00,,,0.00,,,,,,0.00,,,0.00,,,,,,0.00,,,0.00,,,,,,0.00,,,,2.00,1.00,1.00,,0.00,,,1.00,,,,,,2.00,1,,3.00,,1.00,,,,0.00,,0.00,,,,,,0.00,,,5.00,1,,0.00,,,,,,0.00,,,,2,,3,,5-15 yrs,5-15 yrs,2,2,2,2,5,,1,,13895065,135122,V,71.71,16.67,13.89,15.28,14.68,28.12,26.56,27.34,27.00,28.57,26.79,27.68,27.29,25.00
United Kingdom,GBR,England,UK_ENG,STATE_TOTAL,20220129,0.00,,,,,,0.00,,,0.00,,,,,,0.00,,,0.00,,,,,,0.00,,,0.00,,,,,,0.00,,,0.00,,,,,,0.00,,,0.00,,,,,,0.00,,,0.00,,,,,,0.00,,,,2.00,1.00,1.00,,0.00,,,1.00,,,,,,2.00,1,,3.00,,1.00,,,,0.00,,0.00,,,,,,0.00,,,5.00,1,,0.00,,,,,,0.00,,,,2,,3,,5-15 yrs,5-15 yrs,2,2,2,2,5,,1,,13963618,135397,V,71.77,16.67,13.89,15.28,14.67,28.12,26.56,27.34,27.00,28.57,26.79,27.68,27.29,25.00
United Kingdom,GBR,England,UK_ENG,STATE_TOTAL,20220130,0.00,,,,,,0.00,,,0.00,,,,,,0.00,,,0.00,,,,,,0.00,,,0.00,,,,,,0.00,,,0.00,,,,,,0.00,,,0.00,,,,,,0.00,,,0.00,,,,,,0.00,,,,2.00,1.00,1.00,,0.00,,,1.00,,,,,,2.00,1,,3.00,,1.00,,,,0.00,,0.00,,,,,,0.00,,,5.00,1,,0.00,,,,,,0.00,,,,2,,3,,5-15 yrs,5-15 yrs,2,2,2,2,5,,1,,14023177,135472,V,71.81,16.67,13.89,15.28,14.67,28.12,26.56,27.34,27.00,28.57,26.79,27.68,27.29,25.00
United Kingdom,GBR,England,UK_ENG,STATE_TOTAL,20220131,0.00,,,,,,0.00,,,0.00,,,,,,0.00,,,0.00,,,,,,0.00,,,0.00,,,,,,0.00,,,0.00,,,,,,0.00,,,0.00,,,,,,0.00,,,0.00,,,,,,0.00,,,,2.00,1.00,1.00,,0.00,,,1.00,,,,,,2.00,1,,3.00,,1.00,,,,0.00,,0.00,,,,,,0.00,,,5.00,1,,0.00,,,,,,0.00,,,,2,,3,"31 January 2022    Since 11 November 2021, all care home workers, and anyone entering a care home, have needed to be fully vaccinated, unless they are exempt under the regulations.    As announced by the Secretary of State for Health and Social Care on 31 January 2022, the government has stated that its intention is to revoke the regulations making vaccines a condition of deployment for health and social care staff, subject to parliamentary process.    Legal requirement for health and social care staff to be double jabbed to be removed, subject to consultation and Parliamentary approval    http://web.archive.org/web/20220209045009/https://www.gov.uk/government/publications/vaccination-of-people-working-or-deployed-in-care-homes-operational-guidance/coronavirus-covid-19-vaccination-of-people-working-or-deployed-in-care-homes-operational-guidance    http://web.archive.org/web/20220208144510/https://www.gov.uk/government/news/consultation-on-removing-vaccination-as-a-condition-of-deployment-for-health-and-social-care-staff    http://web.archive.org/web/20220210124238/https://www.nursingtimes.net/news/coronavirus/government-confirms-u-turn-on-mandatory-vaccination-policy-31-01-2022/  ",5-15 yrs,5-15 yrs,2,2,2,2,5,"Free",0,"31 January 2022    Since 11 November 2021, all care home workers, and anyone entering a care home, have needed to be fully vaccinated, unless they are exempt under the regulations.    As announced by the Secretary of State for Health and Social Care on 31 January 2022, the government has stated that its intention is to revoke the regulations making vaccines a condition of deployment for health and social care staff, subject to parliamentary process.    Legal requirement for health and social care staff to be double jabbed to be removed, subject to consultation and Parliamentary approval    http://web.archive.org/web/20220209045009/https://www.gov.uk/government/publications/vaccination-of-people-working-or-deployed-in-care-homes-operational-guidance/coronavirus-covid-19-vaccination-of-people-working-or-deployed-in-care-homes-operational-guidance    http://web.archive.org/web/20220208144510/https://www.gov.uk/government/news/consultation-on-removing-vaccination-as-a-condition-of-deployment-for-health-and-social-care-staff    http://web.archive.org/web/20220210124238/https://www.nursingtimes.net/news/coronavirus/government-confirms-u-turn-on-mandatory-vaccination-policy-31-01-2022/  ",14845382,135509,V,71.85,16.67,13.89,15.28,14.67,28.12,26.56,27.34,27.00,28.57,26.79,27.68,27.29,25.00
United Kingdom,GBR,England,UK_ENG,STATE_TOTAL,20220201,0.00,,,,,,0.00,,,0.00,,,,,,0.00,,,0.00,,,,,,0.00,,,0.00,,,,,,0.00,,,0.00,,,,,,0.00,,,0.00,,,,,,0.00,,,0.00,,,,,,0.00,,,,2.00,1.00,1.00,,0.00,,,1.00,,,,,,2.00,1,,3.00,,1.00,,,,0.00,,0.00,,,,,,0.00,,,5.00,1,,0.00,,,,,,0.00,,,,2,,3,,5-15 yrs,5-15 yrs,2,2,2,2,5,,0,,14948735,136596,V,71.89,16.67,13.89,15.28,14.67,28.12,26.56,27.34,27.00,28.57,26.79,27.68,27.29,25.00
United Kingdom,GBR,England,UK_ENG,STATE_TOTAL,20220202,0.00,,,,,,0.00,,,0.00,,,,,,0.00,,,0.00,,,,,,0.00,,,0.00,,,,,,0.00,,,0.00,,,,,,0.00,,,0.00,,,,,,0.00,,,0.00,,,,,,0.00,,,,2.00,1.00,1.00,,0.00,,,1.00,,,,,,2.00,1,,3.00,,1.00,,,,0.00,,0.00,,,,,,0.00,,,5.00,1,,0.00,,,,,,0.00,,,,2,,3,,5-15 yrs,5-15 yrs,2,2,2,2,5,,0,,15028951,137115,V,71.93,16.67,13.89,15.28,14.67,28.12,26.56,27.34,27.00,28.57,26.79,27.68,27.29,25.00
United Kingdom,GBR,England,UK_ENG,STATE_TOTAL,20220203,0.00,,,,,,0.00,,,0.00,,,,,,0.00,,,0.00,,,,,,0.00,,,0.00,,,,,,0.00,,,0.00,,,,,,0.00,,,0.00,,,,,,0.00,,,0.00,,,,,,0.00,,,,2.00,1.00,1.00,,0.00,,,1.00,,,,,,2.00,1,,3.00,,1.00,,,,0.00,,0.00,,,,,,0.00,,,5.00,1,,0.00,,,,,,0.00,,,,2,,3,,5-15 yrs,5-15 yrs,2,2,2,2,5,,0,,15106124,137373,V,71.98,16.67,13.89,15.28,14.67,28.12,26.56,27.34,27.00,28.57,26.79,27.68,27.29,25.00
United Kingdom,GBR,England,UK_ENG,STATE_TOTAL,20220204,0.00,,,,,,0.00,,,0.00,,,,,,0.00,,,0.00,,,,,,0.00,,,0.00,,,,,,0.00,,,0.00,,,,,,0.00,,,0.00,,,,,,0.00,,,0.00,,,,,,0.00,,,,2.00,1.00,1.00,,0.00,,,1.00,,,,,,2.00,1,,3.00,,1.00,,,,0.00,,0.00,,,,,,0.00,,,5.00,1,,0.00,,,,,,0.00,,,,2,,3,,5-15 yrs,5-15 yrs,2,2,2,2,5,,0,,15177316,137601,V,72.02,16.67,13.89,15.28,14.67,28.12,26.56,27.34,27.00,28.57,26.79,27.68,27.29,25.00
United Kingdom,GBR,England,UK_ENG,STATE_TOTAL,20220205,0.00,,,,,,0.00,,,0.00,,,,,,0.00,,,0.00,,,,,,0.00,,,0.00,,,,,,0.00,,,0.00,,,,,,0.00,,,0.00,,,,,,0.00,,"All Covid regulations, including the requirement to isolate after testing positive, are due to be abolished in England in two weeks, Boris Johnson has announced.    http://web.archive.org/web/20220211091802/https://www.theguardian.com/world/2022/feb/09/boris-johnson-says-he-plans-to-lift-all-englands-covid-rules-a-month-early",0.00,,,,,,0.00,,,,2.00,1.00,1.00,,0.00,,,1.00,,,,,,2.00,1,,3.00,,1.00,,,,0.00,,0.00,,,,,,0.00,,,5.00,1,,0.00,,,,,,0.00,,,,2,,3,,5-15 yrs,5-15 yrs,2,2,2,2,5,,0,,15234229,137833,V,72.07,16.67,13.89,15.28,14.67,28.12,26.56,27.34,27.00,28.57,26.79,27.68,27.29,25.00
United Kingdom,GBR,England,UK_ENG,STATE_TOTAL,20220206,0.00,,,,,,0.00,,,0.00,,,,,,0.00,,,0.00,,,,,,0.00,,,0.00,,,,,,0.00,,,0.00,,,,,,0.00,,,0.00,,,,,,0.00,,,0.00,,,,,,0.00,,,,2.00,1.00,1.00,,0.00,,,1.00,,,,,,2.00,1,,3.00,,1.00,,,,0.00,,0.00,,,,,,0.00,,,5.00,1,,0.00,,,,,,0.00,,,,2,,3,,5-15 yrs,5-15 yrs,2,2,2,2,5,,0,,15282993,137894,V,72.09,16.67,13.89,15.28,14.67,28.12,26.56,27.34,27.00,28.57,26.79,27.68,27.29,25.00
United Kingdom,GBR,England,UK_ENG,STATE_TOTAL,20220207,0.00,,,,,,0.00,,,0.00,,,,,,0.00,,,0.00,,,,,,0.00,,,0.00,,,,,,0.00,,,0.00,,,,,,0.00,,,0.00,,,,,,0.00,,,0.00,,,,,,0.00,,,,2.00,1.00,1.00,,0.00,,,1.00,,,,,,2.00,1,,3.00,,1.00,,,,0.00,,0.00,,,,,,0.00,,,5.00,1,,0.00,,,,,,0.00,,,,2,,3,,5-15 yrs,5-15 yrs,2,2,2,2,5,,0,,15331148,137928,V,72.13,16.67,13.89,15.28,14.66,28.12,26.56,27.34,26.99,28.57,26.79,27.68,27.29,25.00
United Kingdom,GBR,England,UK_ENG,STATE_TOTAL,20220208,0.00,,,,,,0.00,,,0.00,,,,,,0.00,,,0.00,,,,,,0.00,,,0.00,,,,,,0.00,,,0.00,,,,,,0.00,,,0.00,,,,,,0.00,,,0.00,,,,,,0.00,,,,2.00,1.00,1.00,,0.00,,,1.00,,,,,,2.00,1,,3.00,,1.00,,,,0.00,,0.00,,,,,,0.00,,,5.00,1,,0.00,,,,,,0.00,,,,2,,3,,5-15 yrs,5-15 yrs,2,2,2,2,5,,0,,15389601,138222,V,72.17,16.67,13.89,15.28,14.66,28.12,26.56,27.34,26.99,28.57,26.79,27.68,27.29,25.00
United Kingdom,GBR,England,UK_ENG,STATE_TOTAL,20220209,0.00,,,,,,0.00,,,0.00,,,,,,0.00,,,0.00,,,,,,0.00,,,0.00,,,,,,0.00,,,0.00,,,,,,0.00,,,0.00,,,,,,0.00,,,0.00,,,,,,0.00,,,,2.00,1.00,1.00,,0.00,,,1.00,,,,,,2.00,1,,3.00,,1.00,,,,0.00,,0.00,,,,,,0.00,,,5.00,1,,0.00,,,,,,0.00,,,,2,,3,,5-15 yrs,5-15 yrs,2,2,2,2,5,,0,,15447906,138464,V,72.21,16.67,13.89,15.28,14.66,28.12,26.56,27.34,26.99,28.57,26.79,27.68,27.28,25.00
United Kingdom,GBR,England,UK_ENG,STATE_TOTAL,20220210,0.00,,,,,,0.00,,,0.00,,,,,,0.00,,,0.00,,,,,,0.00,,,0.00,,,,,,0.00,,,0.00,,,,,,0.00,,,0.00,,,,,,0.00,,,0.00,,,,,,0.00,,,,2.00,1.00,1.00,,0.00,,,1.00,,,,,,2.00,1,,3.00,,1.00,,,,0.00,,0.00,,,,,,0.00,,,5.00,1,,0.00,,,,,,0.00,,,,2,,3,,5-15 yrs,5-15 yrs,2,2,2,2,5,,0,,15501331,138634,V,72.26,16.67,13.89,15.28,14.66,28.12,26.56,27.34,26.99,28.57,26.79,27.68,27.28,25.00
United Kingdom,GBR,England,UK_ENG,STATE_TOTAL,20220211,0.00,,,,,,0.00,,,0.00,,,,,,0.00,,,0.00,,,,,,0.00,,,0.00,,,,,,0.00,,,0.00,,,,,,0.00,,,0.00,,,,,,0.00,,,0.00,,,,,,0.00,,,,1.00,1.00,1.00,"Rules for non-vaccinated changed on 11 February, meaning that non-vaccinated people do not need to quarantine upon arrival in the UK. Rules as follows:    Fully vaccinated – from 11 February  If you qualify as fully vaccinated for travel to England, you:    will not need to take a COVID-19 test before you travel to England or after you arrive  will not need to quarantine when you arrive  You will need to complete a passenger locator form before you travel to England.    Check if you can follow the rules for people who are fully vaccinated – includes people aged 17 and under.    Not fully vaccinated – from 11 February  If you do not qualify as fully vaccinated for travel to England, you will need to:    show proof of a negative COVID-19 test – test to be taken in the 2 days before you travel to England  book and pay for a COVID-19 PCR test – to be taken after you arrive in England  complete a passenger locator form before you travel to England  You will need to book the PCR test before you travel.    You will not need to quarantine, unless the result of the PCR test is positive.      http://web.archive.org/web/20220210131053/https://www.gov.uk/guidance/travel-to-england-from-another-country-during-coronavirus-covid-19    http://web.archive.org/web/20220211134511/https://www.gov.uk/guidance/travel-to-england-from-another-country-during-coronavirus-covid-19",0.00,,,1.00,,,,,,2.00,1,,3.00,,1.00,,,,0.00,,0.00,,,,,,0.00,,,5.00,1,,0.00,,,,,,0.00,,,,2,,3,,5-15 yrs,5-15 yrs,2,2,2,2,5,,0,,15547597,138794,V,72.30,13.89,13.89,13.89,13.89,26.56,26.56,26.56,26.56,26.79,26.79,26.79,26.79,25.00
United Kingdom,GBR,England,UK_ENG,STATE_TOTAL,20220212,0.00,,,,,,0.00,,,0.00,,,,,,0.00,,,0.00,,,,,,0.00,,,0.00,,,,,,0.00,,,0.00,,,,,,0.00,,,0.00,,,,,,0.00,,,0.00,,,,,,0.00,,,,1.00,1.00,1.00,,0.00,,,1.00,,,,,,2.00,1,,3.00,,1.00,,,,0.00,,0.00,,,,,,0.00,,,5.00,1,,0.00,,,,,,0.00,,,,2,,3,,5-15 yrs,5-15 yrs,2,2,2,2,5,,0,,15584863,138941,V,72.34,13.89,13.89,13.89,13.89,26.56,26.56,26.56,26.56,26.79,26.79,26.79,26.79,25.00
United Kingdom,GBR,England,UK_ENG,STATE_TOTAL,20220213,0.00,,,,,,0.00,,,0.00,,,,,,0.00,,,0.00,,,,,,0.00,,,0.00,,,,,,0.00,,,0.00,,,,,,0.00,,,0.00,,,,,,0.00,,,0.00,,,,,,0.00,,,,1.00,1.00,1.00,,0.00,,,1.00,,,,,,2.00,1,,3.00,,1.00,,,,0.00,,0.00,,,,,,0.00,,,5.00,1,,0.00,,,,,,0.00,,,,2,,3,,5-15 yrs,5-15 yrs,2,2,2,2,5,,0,,15616753,138991,V,72.36,13.89,13.89,13.89,13.89,26.56,26.56,26.56,26.56,26.79,26.79,26.79,26.79,25.00
United Kingdom,GBR,England,UK_ENG,STATE_TOTAL,20220214,0.00,,,,,,0.00,,,0.00,,,,,,0.00,,,0.00,,,,,,0.00,,,0.00,,,,,,0.00,,,0.00,,,,,,0.00,,,0.00,,,,,,0.00,,,0.00,,,,,,0.00,,,,1.00,1.00,1.00,,0.00,,,1.00,,,,,,2.00,1,,3.00,,1.00,,,,0.00,,0.00,,,,,,0.00,,,5.00,1,,0.00,,,,,,0.00,,,,2,,3,,5-15 yrs,5-15 yrs,2,2,2,2,5,,0,,15648433,139014,V,72.39,13.89,13.89,13.89,13.89,26.56,26.56,26.56,26.56,26.79,26.79,26.79,26.79,25.00
United Kingdom,GBR,England,UK_ENG,STATE_TOTAL,20220215,0.00,,,,,,0.00,,,0.00,,,,,,0.00,,,0.00,,,,,,0.00,,,0.00,,,,,,0.00,,,0.00,,,,,,0.00,,,0.00,,,,,,0.00,,,0.00,,,,,,0.00,,,,1.00,1.00,1.00,,0.00,,,1.00,,,,,,2.00,1,,3.00,,1.00,,,,0.00,,0.00,,,,,,0.00,,,5.00,1,,0.00,,,,,,0.00,,,,2,,3,,5-15 yrs,5-15 yrs,2,2,2,2,5,,0,,15684719,139228,V,72.42,13.89,13.89,13.89,13.89,26.56,26.56,26.56,26.56,26.79,26.79,26.79,26.79,25.00
United Kingdom,GBR,England,UK_ENG,STATE_TOTAL,20220216,0.00,,,,,,0.00,,,0.00,,,,,,0.00,,,0.00,,,,,,0.00,,,0.00,,,,,,0.00,,,0.00,,,,,,0.00,,,0.00,,,,,,0.00,,,0.00,,,,,,0.00,,,,1.00,1.00,1.00,,0.00,,,1.00,,,,,,2.00,1,,3.00,,1.00,,,,0.00,,0.00,,,,,,0.00,,,5.00,1,,0.00,,,,,,0.00,,,,2,,3,,5-15 yrs,5-15 yrs,2,2,2,2,5,,0,,15727107,139398,V,72.45,13.89,13.89,13.89,13.89,26.56,26.56,26.56,26.56,26.79,26.79,26.79,26.79,25.00
United Kingdom,GBR,England,UK_ENG,STATE_TOTAL,20220217,0.00,,,,,,0.00,,,0.00,,,,,,0.00,,,0.00,,,,,,0.00,,,0.00,,,,,,0.00,,,0.00,,,,,,0.00,,,0.00,,,,,,0.00,,,0.00,,,,,,0.00,,,,1.00,1.00,1.00,,0.00,,,1.00,,,,,,2.00,1,,3.00,,1.00,,,,0.00,,0.00,,,,,,0.00,,,5.00,1,,0.00,,,,,,0.00,,,,2,,3,,5-15 yrs,5-15 yrs,2,2,2,2,5,,0,,15767071,139554,V,72.49,13.89,13.89,13.89,13.89,26.56,26.56,26.56,26.56,26.79,26.79,26.79,26.79,25.00
United Kingdom,GBR,England,UK_ENG,STATE_TOTAL,20220218,0.00,,,,,,0.00,,,0.00,,,,,,0.00,,,0.00,,,,,,0.00,,,0.00,,,,,,0.00,,,0.00,,,,,,0.00,,,0.00,,,,,,0.00,,,0.00,,,,,,0.00,,,,1.00,1.00,1.00,,0.00,,,1.00,,,,,,2.00,1,,3.00,,1.00,,,,0.00,,0.00,,,,,,0.00,,,5.00,1,,0.00,,,,,,0.00,,,,2,,3,,5-15 yrs,5-15 yrs,2,2,2,2,5,,0,,15803539,139684,V,72.51,13.89,13.89,13.89,13.89,26.56,26.56,26.56,26.56,26.79,26.79,26.79,26.79,25.00
United Kingdom,GBR,England,UK_ENG,STATE_TOTAL,20220219,0.00,,,,,,0.00,,,0.00,,,,,,0.00,,,0.00,,,,,,0.00,,,0.00,,,,,,0.00,,,0.00,,,,,,0.00,,,0.00,,,,,,0.00,,,0.00,,,,,,0.00,,,,1.00,1.00,1.00,,0.00,,,1.00,,,,,,2.00,1,,3.00,,1.00,,,,0.00,,0.00,,,,,,0.00,,,5.00,1,,0.00,,,,,,0.00,,,,2,,3,,5-15 yrs,5-15 yrs,2,2,2,2,5,,0,,15835403,139807,V,72.54,13.89,13.89,13.89,13.89,26.56,26.56,26.56,26.56,26.79,26.79,26.79,26.79,25.00
United Kingdom,GBR,England,UK_ENG,STATE_TOTAL,20220220,0.00,,,,,,0.00,,,0.00,,,,,,0.00,,,0.00,,,,,,0.00,,,0.00,,,,,,0.00,,,0.00,,,,,,0.00,,,0.00,,,,,,0.00,,,0.00,,,,,,0.00,,,,1.00,1.00,1.00,,0.00,,,1.00,,,,,,2.00,1,,3.00,,1.00,,,,0.00,,0.00,,,,,,0.00,,,5.00,1,,0.00,,,,,,0.00,,,,2,,3,,5-15 yrs,5-15 yrs,2,2,2,2,5,,0,,15859074,139876,V,72.56,13.89,13.89,13.89,13.89,26.56,26.56,26.56,26.56,26.79,26.79,26.79,26.79,25.00
United Kingdom,GBR,England,UK_ENG,STATE_TOTAL,20220221,0.00,,,,,,0.00,,,0.00,,,,,,0.00,,,0.00,,,,,,0.00,,,0.00,,,,,,0.00,,,0.00,,,,,,0.00,,,0.00,,,,,,0.00,,,0.00,,,,,,0.00,,,,1.00,1.00,1.00,,0.00,,,1.00,,,,,,2.00,1,,3.00,,1.00,,,,0.00,,0.00,,,,,,0.00,,,5.00,1,,0.00,,,,,,0.00,,,,2,,3,,5-15 yrs,5-15 yrs,2,2,2,2,5,,0,,15888557,139886,V,72.58,13.89,13.89,13.89,13.89,26.56,26.56,26.56,26.56,26.79,26.79,26.79,26.79,25.00
United Kingdom,GBR,England,UK_ENG,STATE_TOTAL,20220222,0.00,,,,,,0.00,,,0.00,,,,,,0.00,,,0.00,,,,,,0.00,,,0.00,,,,,,0.00,,,0.00,,,,,,0.00,,,0.00,,,,,,0.00,,,0.00,,,,,,0.00,,,,1.00,1.00,1.00,,0.00,,,1.00,,,,,,2.00,1,,3.00,,1.00,,,,0.00,,0.00,,,,,,0.00,,,5.00,1,,0.00,,,,,,0.00,,,,2,,3,,5-15 yrs,5-15 yrs,2,2,2,2,5,,0,,15918472,140056,V,72.61,13.89,13.89,13.89,13.89,26.56,26.56,26.56,26.56,26.79,26.79,26.79,26.79,25.00
United Kingdom,GBR,England,UK_ENG,STATE_TOTAL,20220223,0.00,,,,,,0.00,,,0.00,,,,,,0.00,,,0.00,,,,,,0.00,,,0.00,,,,,,0.00,,,0.00,,,,,,0.00,,,0.00,,,,,,0.00,,,0.00,,,,,,0.00,,,,1.00,1.00,1.00,,0.00,,,1.00,,,,,,2.00,1,,3.00,,1.00,,,,0.00,,0.00,,,,,,0.00,,,5.00,1,,0.00,,,,,,0.00,,,,2,,3,,5-15 yrs,5-15 yrs,2,2,2,2,5,,0,,15947871,140196,V,72.64,13.89,13.89,13.89,13.89,26.56,26.56,26.56,26.56,26.79,26.79,26.79,26.79,25.00
United Kingdom,GBR,England,UK_ENG,STATE_TOTAL,20220224,0.00,,,,,,0.00,,"24 February 2022    Staff and students without symptoms in England are no longer asked to test for Covid twice-weekly. Secondary school pupils also don't need to wear masks.    The legal requirement to self-isolate after a positive test is also being removed, although it is still recommended.    http://web.archive.org/web/20220225131929/https://www.bbc.com/news/education-51643556",0.00,,,,,,0.00,,,0.00,,,,,,0.00,,,0.00,,,,,,0.00,,,0.00,,,,,,0.00,,,0.00,,,,,,0.00,,,0.00,,,,,,0.00,,,,1.00,1.00,1.00,"24 February    Fully vaccinated: Before you travel to England you must complete a passenger locator form. You need to do this in the 48 hours before you arrive in England.    Not fully vaccinated: Must complete PCR test but from 24 February, there is no legal requirement to self-isolate if you get a positive day 2 test result.      http://web.archive.org/web/20220224030744/https://www.gov.uk/guidance/travel-to-england-from-another-country-during-coronavirus-covid-19    http://web.archive.org/web/20220225155734/https://www.gov.uk/guidance/travel-to-england-from-another-country-during-coronavirus-covid-19    ",0.00,,,1.00,"24 February , this guidance applies to ENGLAND    You will not be legally required to self-isolate if you test positive for COVID-19. Stay at home if you can and avoid contact with other people.    You will not have to take daily tests or be legally required to self-isolate following contact with someone who has tested positive for COVID-19.    The Test and Trace Support Payment Scheme will end. If you were told to self-isolate before 24 February you can still make a claim up to 6 April.    http://web.archive.org/web/20220225131527/https://www.gov.uk/coronavirus",,,,,2.00,1,,3.00,"24 February , this guidance applies to ENGLAND    You will not be legally required to self-isolate if you test positive for COVID-19. Stay at home if you can and avoid contact with other people.    You will not have to take daily tests or be legally required to self-isolate following contact with someone who has tested positive for COVID-19.    The Test and Trace Support Payment Scheme will end. If you were told to self-isolate before 24 February you can still make a claim up to 6 April.    Free testing to end from 1 April    http://web.archive.org/web/20220225131527/https://www.gov.uk/coronavirus      http://web.archive.org/web/20220225133237/https://www.theguardian.com/world/2022/feb/21/boris-johnson-says-free-covid-tests-in-england-will-end-on-1-april  ",1.00,"24 February , this guidance applies to ENGLAND    You will not be legally required to self-isolate if you test positive for COVID-19. Stay at home if you can and avoid contact with other people.    You will not have to take daily tests or be legally required to self-isolate following contact with someone who has tested positive for COVID-19.    The Test and Trace Support Payment Scheme will end. If you were told to self-isolate before 24 February you can still make a claim up to 6 April.      http://web.archive.org/web/20220225131527/https://www.gov.uk/coronavirus",,,0.00,,0.00,,,,,,0.00,,,5.00,1,,0.00,,,,,,0.00,,,,2,,3,,5-15 yrs,5-15 yrs,2,2,2,2,5,,0,,15975718,140295,V,72.67,13.89,13.89,13.89,13.89,26.56,26.56,26.56,26.56,26.79,26.79,26.79,26.79,25.00
United Kingdom,GBR,England,UK_ENG,STATE_TOTAL,20220225,0.00,,,,,,0.00,,,0.00,,,,,,0.00,,,0.00,,,,,,0.00,,,0.00,,,,,,0.00,,,0.00,,,,,,0.00,,,0.00,,,,,,0.00,,,0.00,,,,,,0.00,,,,1.00,1.00,1.00,,0.00,,,1.00,,,,,,2.00,1,,3.00,,1.00,,,,0.00,,0.00,,,,,,0.00,,,5.00,1,,0.00,,,,,,0.00,,,,2,,3,,5-15 yrs,5-15 yrs,2,2,2,2,5,,0,,15998983,140392,V,72.69,13.89,13.89,13.89,13.89,26.56,26.56,26.56,26.56,26.79,26.79,26.79,26.79,25.00
United Kingdom,GBR,England,UK_ENG,STATE_TOTAL,20220226,0.00,,,,,,0.00,,,0.00,,,,,,0.00,,,0.00,,,,,,0.00,,,0.00,,,,,,0.00,,,0.00,,,,,,0.00,,,0.00,,,,,,0.00,,,0.00,,,,,,0.00,,,,1.00,1.00,1.00,,0.00,,,1.00,,,,,,2.00,1,,3.00,,1.00,,,,0.00,,0.00,,,,,,0.00,,,5.00,1,,0.00,,,,,,0.00,,,,2,,3,,5-15 yrs,5-15 yrs,2,2,2,2,5,,0,,15998983,140392,V,72.72,13.89,13.89,13.89,13.89,26.56,26.56,26.56,26.56,26.79,26.79,26.79,26.79,25.00
United Kingdom,GBR,England,UK_ENG,STATE_TOTAL,20220227,0.00,,,,,,0.00,,,0.00,,,,,,0.00,,,0.00,,,,,,0.00,,,0.00,,,,,,0.00,,,0.00,,,,,,0.00,,,0.00,,,,,,0.00,,,0.00,,,,,,0.00,,,,1.00,1.00,1.00,,0.00,,,1.00,,,,,,2.00,1,,3.00,,1.00,,,,0.00,,0.00,,,,,,0.00,,,5.00,1,,0.00,,,,,,0.00,,,,2,,3,,5-15 yrs,5-15 yrs,2,2,2,2,5,,0,,15998983,140392,V,72.74,13.89,13.89,13.89,13.89,26.56,26.56,26.56,26.56,26.79,26.79,26.79,26.79,25.00
United Kingdom,GBR,England,UK_ENG,STATE_TOTAL,20220228,0.00,,,,,,0.00,,,0.00,,,,,,0.00,,,0.00,,,,,,0.00,,,0.00,,,,,,0.00,,,0.00,,,,,,0.00,,,0.00,,,,,,0.00,,,0.00,,,,,,0.00,,,,1.00,1.00,1.00,,0.00,,,1.00,,,,,,2.00,1,,3.00,,1.00,,,,0.00,,0.00,,,,,,0.00,,,5.00,1,,0.00,,,,,,0.00,,,,2,,3,,5-15 yrs,5-15 yrs,2,2,2,2,5,,0,,16059214,140498,V,72.76,13.89,13.89,13.89,13.89,26.56,26.56,26.56,26.56,26.79,26.79,26.79,26.79,25.00
United Kingdom,GBR,England,UK_ENG,STATE_TOTAL,20220301,0.00,,,,,,0.00,,,0.00,,,,,,0.00,,,0.00,,,,,,0.00,,,0.00,,,,,,0.00,,,0.00,,,,,,0.00,,,0.00,,,,,,0.00,,,0.00,,,,,,0.00,,,,1.00,1.00,1.00,,0.00,,,1.00,,,,,,2.00,1,,3.00,,1.00,,,,0.00,,0.00,,,,,,0.00,,,5.00,1,,0.00,,,,,,0.00,,,,2,,3,,5-15 yrs,5-15 yrs,2,2,2,2,5,,0,,16085841,140656,V,72.79,13.89,13.89,13.89,13.89,26.56,26.56,26.56,26.56,26.79,26.79,26.79,26.79,25.00
United Kingdom,GBR,England,UK_ENG,STATE_TOTAL,20220302,0.00,,,,,,0.00,,,0.00,,,,,,0.00,,,0.00,,,,,,0.00,,,0.00,,,,,,0.00,,,0.00,,,,,,0.00,,,0.00,,,,,,0.00,,,0.00,,,,,,0.00,,,,1.00,1.00,1.00,,0.00,,,1.00,,,,,,2.00,1,,3.00,,1.00,,,,0.00,,0.00,,,,,,0.00,,,5.00,1,,0.00,,,,,,0.00,,,,2,,3,,5-15 yrs,5-15 yrs,2,2,2,2,5,,0,,16117745,140698,V,72.81,13.89,13.89,13.89,13.89,26.56,26.56,26.56,26.56,26.79,26.79,26.79,26.79,25.00
United Kingdom,GBR,England,UK_ENG,STATE_TOTAL,20220303,0.00,,,,,,0.00,,,0.00,,,,,,0.00,,,0.00,,,,,,0.00,,,0.00,,,,,,0.00,,,0.00,,,,,,0.00,,,0.00,,,,,,0.00,,,0.00,,,,,,0.00,,,,1.00,1.00,1.00,,0.00,,,1.00,,,,,,2.00,1,,3.00,,1.00,,,,0.00,,0.00,,,,,,0.00,,,5.00,1,,0.00,,,,,,0.00,,,,2,,3,,5-15 yrs,5-15 yrs,2,2,2,2,5,,0,,16150464,140842,V,72.84,13.89,13.89,13.89,13.89,26.56,26.56,26.56,26.56,26.79,26.79,26.79,26.79,25.00
United Kingdom,GBR,England,UK_ENG,STATE_TOTAL,20220304,0.00,,,,,,0.00,,,0.00,,,,,,0.00,,,0.00,,,,,,0.00,,,0.00,,,,,,0.00,,,0.00,,,,,,0.00,,,0.00,,,,,,0.00,,,0.00,,,,,,0.00,,,,1.00,1.00,1.00,,0.00,,,1.00,,,,,,2.00,1,,3.00,,1.00,,,,0.00,,0.00,,,,,,0.00,,,5.00,1,,0.00,,,,,,0.00,,,,2,,3,,5-15 yrs,5-15 yrs,2,2,2,2,5,,0,,16182092,140922,V,72.86,13.89,13.89,13.89,13.89,26.56,26.56,26.56,26.56,26.79,26.79,26.79,26.79,25.00
United Kingdom,GBR,England,UK_ENG,STATE_TOTAL,20220305,0.00,,,,,,0.00,,,0.00,,,,,,0.00,,,0.00,,,,,,0.00,,,0.00,,,,,,0.00,,,0.00,,,,,,0.00,,,0.00,,,,,,0.00,,,0.00,,,,,,0.00,,,,1.00,1.00,1.00,,0.00,,,1.00,,,,,,2.00,1,,3.00,,1.00,,,,0.00,,0.00,,,,,,0.00,,,5.00,1,,0.00,,,,,,0.00,,,,2,,3,,5-15 yrs,5-15 yrs,2,2,2,2,5,,0,,16182092,140922,V,72.89,13.89,13.89,13.89,13.89,26.56,26.56,26.56,26.56,26.79,26.79,26.79,26.79,25.00
United Kingdom,GBR,England,UK_ENG,STATE_TOTAL,20220306,0.00,,,,,,0.00,,,0.00,,,,,,0.00,,,0.00,,,,,,0.00,,,0.00,,,,,,0.00,,,0.00,,,,,,0.00,,,0.00,,,,,,0.00,,,0.00,,,,,,0.00,,,,1.00,1.00,1.00,,0.00,,,1.00,,,,,,2.00,1,,3.00,,1.00,,,,0.00,,0.00,,,,,,0.00,,,5.00,1,,0.00,,,,,,0.00,,,,2,,3,,5-15 yrs,5-15 yrs,2,2,2,2,5,,0,,16182092,140922,V,72.91,13.89,13.89,13.89,13.89,26.56,26.56,26.56,26.56,26.79,26.79,26.79,26.79,25.00
United Kingdom,GBR,England,UK_ENG,STATE_TOTAL,20220307,0.00,,,,,,0.00,,,0.00,,,,,,0.00,,,0.00,,,,,,0.00,,,0.00,,,,,,0.00,,,0.00,,,,,,0.00,,,0.00,,,,,,0.00,,,0.00,,,,,,0.00,,,,1.00,1.00,1.00,,0.00,,,1.00,,,,,,2.00,1,,3.00,,1.00,,,,0.00,,0.00,,,,,,0.00,,,5.00,1,,0.00,,,,,,0.00,,,,2,,3,,5-15 yrs,5-15 yrs,2,2,2,2,5,,0,,16277054,141029,V,72.93,13.89,13.89,13.89,13.89,26.56,26.56,26.56,26.56,26.79,26.79,26.79,26.79,25.00
United Kingdom,GBR,England,UK_ENG,STATE_TOTAL,20220308,0.00,,,,,,0.00,,,0.00,,,,,,0.00,,,0.00,,,,,,0.00,,,0.00,,,,,,0.00,,,0.00,,,,,,0.00,,,0.00,,,,,,0.00,,,0.00,,,,,,0.00,,,,1.00,1.00,1.00,,0.00,,,1.00,,,,,,2.00,1,,3.00,,1.00,,,,0.00,,0.00,,,,,,0.00,,,5.00,1,,0.00,,,,,,0.00,,,,2,,3,,5-15 yrs,5-15 yrs,2,2,2,2,5,,0,,16321911,141201,V,72.95,13.89,13.89,13.89,13.89,26.56,26.56,26.56,26.56,26.79,26.79,26.79,26.79,25.00
United Kingdom,GBR,England,UK_ENG,STATE_TOTAL,20220309,0.00,,,,,,0.00,,,0.00,,,,,,0.00,,,0.00,,,,,,0.00,,,0.00,,,,,,0.00,,,0.00,,,,,,0.00,,,0.00,,,,,,0.00,,,0.00,,,,,,0.00,,,,1.00,1.00,1.00,,0.00,,,1.00,,,,,,2.00,1,,3.00,,1.00,,,,0.00,,0.00,,,,,,0.00,,,5.00,1,,0.00,,,,,,0.00,,,,2,,3,,5-15 yrs,5-15 yrs,2,2,2,2,5,,0,,16373115,141296,V,72.98,13.89,13.89,13.89,13.89,26.56,26.56,26.56,26.56,26.79,26.79,26.79,26.79,25.00
United Kingdom,GBR,England,UK_ENG,STATE_TOTAL,20220310,0.00,,,,,,0.00,,,0.00,,,,,,0.00,,,0.00,,,,,,0.00,,,0.00,,,,,,0.00,,,0.00,,,,,,0.00,,,0.00,,,,,,0.00,,,0.00,,,,,,0.00,,,,1.00,1.00,1.00,,0.00,,,1.00,,,,,,2.00,1,,3.00,,1.00,,,,0.00,,0.00,,,,,,0.00,,,5.00,1,,0.00,,,,,,0.00,,,,2,,3,,5-15 yrs,5-15 yrs,2,2,2,2,5,,0,,16425663,141391,V,73.00,13.89,13.89,13.89,13.89,26.56,26.56,26.56,26.56,26.79,26.79,26.79,26.79,25.00
United Kingdom,GBR,England,UK_ENG,STATE_TOTAL,20220311,0.00,,,,,,0.00,,,0.00,,,,,,0.00,,,0.00,,,,,,0.00,,,0.00,,,,,,0.00,,,0.00,,,,,,0.00,,,0.00,,,,,,0.00,,,0.00,,,,,,0.00,,,,1.00,1.00,1.00,,0.00,,,1.00,,,,,,2.00,1,,3.00,,1.00,,,,0.00,,0.00,,,,,,0.00,,,5.00,1,,0.00,,,,,,0.00,,,,2,,3,,5-15 yrs,5-15 yrs,2,2,2,2,5,,0,,16481364,141478,V,73.02,13.89,13.89,13.89,13.89,26.56,26.56,26.56,26.56,26.79,26.79,26.79,26.79,25.00
United Kingdom,GBR,England,UK_ENG,STATE_TOTAL,20220312,0.00,,,,,,0.00,,,0.00,,,,,,0.00,,,0.00,,,,,,0.00,,,0.00,,,,,,0.00,,,0.00,,,,,,0.00,,,0.00,,,,,,0.00,,,0.00,,,,,,0.00,,,,1.00,1.00,1.00,,0.00,,,1.00,,,,,,2.00,1,,3.00,,1.00,,,,0.00,,0.00,,,,,,0.00,,,5.00,1,,0.00,,,,,,0.00,,,,2,,3,,5-15 yrs,5-15 yrs,2,2,2,2,5,,0,,16481364,141478,V,73.06,13.89,13.89,13.89,13.89,26.56,26.56,26.56,26.56,26.79,26.79,26.79,26.79,25.00
United Kingdom,GBR,England,UK_ENG,STATE_TOTAL,20220313,0.00,,,,,,0.00,,,0.00,,,,,,0.00,,,0.00,,,,,,0.00,,,0.00,,,,,,0.00,,,0.00,,,,,,0.00,,,0.00,,,,,,0.00,,,0.00,,,,,,0.00,,,,1.00,1.00,1.00,,0.00,,,1.00,,,,,,2.00,1,,3.00,,1.00,,,,0.00,,0.00,,,,,,0.00,,,5.00,1,,0.00,,,,,,0.00,,,,2,,3,,5-15 yrs,5-15 yrs,2,2,2,2,5,,0,,16481364,141478,V,73.07,13.89,13.89,13.89,13.89,26.56,26.56,26.56,26.56,26.79,26.79,26.79,26.79,25.00
United Kingdom,GBR,England,UK_ENG,STATE_TOTAL,20220314,0.00,,,,,,0.00,,,0.00,,,,,,0.00,,,0.00,,,,,,0.00,,,0.00,,,,,,0.00,,,0.00,,,,,,0.00,,,0.00,,,,,,0.00,,,0.00,,,,,,0.00,,,,1.00,1.00,1.00,,0.00,,,1.00,,,,,,2.00,1,,3.00,,1.00,,,,0.00,,0.00,,,,,,0.00,,,5.00,1,,0.00,,,,,,0.00,,,,2,,3,,5-15 yrs,5-15 yrs,2,2,2,2,5,,0,,16644795,141603,V,73.09,13.89,13.89,13.89,13.89,26.56,26.56,26.56,26.56,26.79,26.79,26.79,26.79,25.00
United Kingdom,GBR,England,UK_ENG,STATE_TOTAL,20220315,0.00,,,,,,0.00,,,0.00,,,,,,0.00,,,0.00,,,,,,0.00,,,0.00,,,,,,0.00,,,0.00,,,,,,0.00,,,0.00,,,,,,0.00,,,0.00,,,,,,0.00,,,,1.00,1.00,1.00,,0.00,,,1.00,,,,,,2.00,1,,3.00,,1.00,,,,0.00,,0.00,,,,,,0.00,,,5.00,1,,0.00,,,,,,0.00,,,,2,,3,,5-15 yrs,5-15 yrs,2,2,2,2,5,,0,,16709007,141771,V,73.12,13.89,13.89,13.89,13.89,26.56,26.56,26.56,26.56,26.79,26.79,26.79,26.79,25.00
United Kingdom,GBR,England,UK_ENG,STATE_TOTAL,20220316,0.00,,,,,,0.00,,,0.00,,,,,,0.00,,,0.00,,,,,,0.00,,,0.00,,,,,,0.00,,,0.00,,,,,,0.00,,,0.00,,,,,,0.00,,,0.00,,,,,,0.00,,,,1.00,1.00,1.00,,0.00,,,1.00,,,,,,2.00,1,,3.00,,1.00,,,,0.00,,0.00,,,,,,0.00,,,5.00,1,,0.00,,,,,,0.00,,,,2,,3,,5-15 yrs,5-15 yrs,2,2,2,2,5,,0,,16785149,141887,V,73.14,13.89,13.89,13.89,13.89,26.56,26.56,26.56,26.56,26.79,26.79,26.79,26.79,25.00
United Kingdom,GBR,England,UK_ENG,STATE_TOTAL,20220317,0.00,,,,,,0.00,,,0.00,,,,,,0.00,,,0.00,,,,,,0.00,,,0.00,,,,,,0.00,,,0.00,,,,,,0.00,,,0.00,,,,,,0.00,,,0.00,,,,,,0.00,,,,1.00,1.00,1.00,,0.00,,,1.00,,,,,,2.00,1,,3.00,,1.00,,,,0.00,,0.00,,,,,,0.00,,,5.00,1,,0.00,,,,,,0.00,,,,2,,3,,5-15 yrs,5-15 yrs,2,2,2,2,5,,0,,16860551,141987,V,73.16,13.89,13.89,13.89,13.89,26.56,26.56,26.56,26.56,26.79,26.79,26.79,26.79,25.00
United Kingdom,GBR,England,UK_ENG,STATE_TOTAL,20220318,0.00,,,,,,0.00,,,0.00,,,,,,0.00,,,0.00,,,,,,0.00,,,0.00,,,,,,0.00,,,0.00,,,,,,0.00,,,0.00,,,,,,0.00,,,0.00,,,,,,0.00,,,0.00,,,0.00,"The transport secretary has confirmed that all remaining Covid travel measures will be scrapped.    Currently, everyone travelling to the UK must complete a passenger locator form before they arrive.    Travellers who are not fully vaccinated have to take a Covid test before departure, fill in the form, and book and pay for a PCR test after arriving.    Grant Shapps confirmed in a tweet that these rules will end at 04:00 on Friday.    http://web.archive.org/web/20220318104124/https://www.bbc.com/news/business-60741158",0.00,,,1.00,,,,,,2.00,1,,3.00,,1.00,,,,0.00,,0.00,,,,,,0.00,,,5.00,1,,0.00,,,,,,0.00,,,,2,,3,,5-15 yrs,5-15 yrs,2,2,2,2,5,,0,,16928787,142082,V,73.18,11.11,11.11,11.11,11.11,25.00,25.00,25.00,25.00,25.00,25.00,25.00,25.00,25.00
United Kingdom,GBR,England,UK_ENG,STATE_TOTAL,20220319,0.00,,,,,,0.00,,,0.00,,,,,,0.00,,,0.00,,,,,,0.00,,,0.00,,,,,,0.00,,,0.00,,,,,,0.00,,,0.00,,,,,,0.00,,,0.00,,,,,,0.00,,,0.00,,,0.00,,0.00,,,1.00,"24 February , this guidance applies to ENGLAND    You will not be legally required to self-isolate if you test positive for COVID-19. Stay at home if you can and avoid contact with other people.    You will not have to take daily tests or be legally required to self-isolate following contact with someone who has tested positive for COVID-19.    The Test and Trace Support Payment Scheme will end. If you were told to self-isolate before 24 February you can still make a claim up to 6 April.    http://web.archive.org/web/20220225131527/https://www.gov.uk/coronavirus",,,,,2.00,1,,3.00,"From 1 April LFT tests are no longer free of charge in England    http://web.archive.org/web/20220329105202/https://www.theguardian.com/world/2022/mar/25/covid-when-should-lateral-flow-tests-be-used-england-now-kits-no-longer-free-",1.00,,,,0.00,,0.00,,,,,,0.00,,,5.00,1,,0.00,,,,,,0.00,,,,2,,3,,5-15 yrs,5-15 yrs,2,2,2,2,5,,0,,16928787,142082,V,73.22,11.11,11.11,11.11,11.11,25.00,25.00,25.00,25.00,25.00,25.00,25.00,25.00,25.00
United Kingdom,GBR,England,UK_ENG,STATE_TOTAL,20220320,0.00,,,,,,0.00,,,0.00,,,,,,0.00,,,0.00,,,,,,0.00,,,0.00,,,,,,0.00,,,0.00,,,,,,0.00,,,0.00,,,,,,0.00,,,0.00,,,,,,0.00,,,0.00,,,0.00,,0.00,,,1.00,,,,,,2.00,1,,3.00,,1.00,,,,0.00,,0.00,,,,,,0.00,,,5.00,1,,0.00,,,,,,0.00,,,,2,,3,,5-15 yrs,5-15 yrs,2,2,2,2,5,,0,,16928787,142082,V,73.23,11.11,11.11,11.11,11.11,25.00,25.00,25.00,25.00,25.00,25.00,25.00,25.00,25.00
United Kingdom,GBR,England,UK_ENG,STATE_TOTAL,20220321,0.00,,,,,,0.00,,,0.00,,,,,,0.00,,,0.00,,,,,,0.00,,,0.00,,,,,,0.00,,,0.00,,,,,,0.00,,,0.00,,,,,,0.00,,,0.00,,,,,,0.00,,,0.00,,,0.00,,0.00,,,1.00,,,,,,2.00,1,,3.00,,1.00,,,,0.00,,0.00,,,,,,0.00,,,5.00,1,,0.00,,,,,,0.00,,,,2,,3,,5-15 yrs,5-15 yrs,2,2,2,2,5,,0,,17117061,142209,V,73.25,11.11,11.11,11.11,11.11,25.00,25.00,25.00,25.00,25.00,25.00,25.00,25.00,25.00
United Kingdom,GBR,England,UK_ENG,STATE_TOTAL,20220322,0.00,,,,,,0.00,,,0.00,,,,,,0.00,,,0.00,,,,,,0.00,,,0.00,,,,,,0.00,,,0.00,,,,,,0.00,,,0.00,,,,,,0.00,,,0.00,,,,,,0.00,,,0.00,,,0.00,,0.00,,,1.00,,,,,,2.00,1,,3.00,,1.00,,,,0.00,,0.00,,,,,,0.00,,,5.00,1,,0.00,,,,,,0.00,,,,2,,3,,5-15 yrs,5-15 yrs,2,2,2,2,5,,0,,17191749,142409,V,73.27,11.11,11.11,11.11,11.11,25.00,25.00,25.00,25.00,25.00,25.00,25.00,25.00,25.00
United Kingdom,GBR,England,UK_ENG,STATE_TOTAL,20220323,0.00,,,,,,0.00,,,0.00,,,,,,0.00,,,0.00,,,,,,0.00,,,0.00,,,,,,0.00,,,0.00,,,,,,0.00,,,0.00,,,,,,0.00,,,0.00,,,,,,0.00,,,0.00,,,0.00,,0.00,,,1.00,,,,,,2.00,1,,3.00,,1.00,,,,0.00,,0.00,,,,,,0.00,,,5.00,1,,0.00,,,,,,0.00,,,,2,,3,,5-15 yrs,5-15 yrs,2,2,2,2,5,,0,,17277446,142546,V,73.29,11.11,11.11,11.11,11.11,25.00,25.00,25.00,25.00,25.00,25.00,25.00,25.00,25.00
United Kingdom,GBR,England,UK_ENG,STATE_TOTAL,20220324,0.00,,,,,,0.00,,,0.00,,,,,,0.00,,,0.00,,,,,,0.00,,,0.00,,,,,,0.00,,,0.00,,,,,,0.00,,,0.00,,,,,,0.00,,,0.00,,,,,,0.00,,,0.00,,,0.00,,0.00,,,1.00,,,,,,2.00,1,,3.00,,1.00,,,,0.00,,0.00,,,,,,0.00,,,5.00,1,,0.00,,,,,,0.00,,,,2,,3,,5-15 yrs,5-15 yrs,2,2,2,2,5,,0,,17356644,142657,V,73.31,11.11,11.11,11.11,11.11,25.00,25.00,25.00,25.00,25.00,25.00,25.00,25.00,25.00
United Kingdom,GBR,England,UK_ENG,STATE_TOTAL,20220325,0.00,,,,,,0.00,,,0.00,,,,,,0.00,,,0.00,,,,,,0.00,,,0.00,,,,,,0.00,,,0.00,,,,,,0.00,,,0.00,,,,,,0.00,,,0.00,,,,,,0.00,,,0.00,,,0.00,,0.00,,,1.00,,,,,,2.00,1,,3.00,,1.00,,,,0.00,,0.00,,,,,,0.00,,,5.00,1,,0.00,,,,,,0.00,,,,2,,3,,5-15 yrs,5-15 yrs,2,2,2,2,5,,0,,17419944,142780,V,73.33,11.11,11.11,11.11,11.11,25.00,25.00,25.00,25.00,25.00,25.00,25.00,25.00,25.00
United Kingdom,GBR,England,UK_ENG,STATE_TOTAL,20220326,0.00,,,,,,0.00,,,0.00,,,,,,0.00,,,0.00,,,,,,0.00,,,0.00,,,,,,0.00,,,0.00,,,,,,0.00,,,0.00,,,,,,0.00,,,0.00,,,,,,0.00,,,0.00,,,0.00,,0.00,,,1.00,,,,,,2.00,1,,3.00,,1.00,,,,0.00,,0.00,,,,,,0.00,,,5.00,1,,0.00,,,,,,0.00,,,,2,,3,,5-15 yrs,5-15 yrs,2,2,2,2,5,,0,,17419944,142780,V,73.36,11.11,11.11,11.11,11.11,25.00,25.00,25.00,25.00,25.00,25.00,25.00,25.00,25.00
United Kingdom,GBR,England,UK_ENG,STATE_TOTAL,20220327,0.00,,,,,,0.00,,,0.00,,,,,,0.00,,,0.00,,,,,,0.00,,,0.00,,,,,,0.00,,,0.00,,,,,,0.00,,,0.00,,,,,,0.00,,,0.00,,,,,,0.00,,,0.00,,,0.00,,0.00,,,1.00,,,,,,2.00,1,,3.00,,1.00,,,,0.00,,0.00,,,,,,0.00,,,5.00,1,,0.00,,,,,,0.00,,,,2,,3,,5-15 yrs,5-15 yrs,2,2,2,2,5,,0,,17419944,142780,V,73.37,11.11,11.11,11.11,11.11,25.00,25.00,25.00,25.00,25.00,25.00,25.00,25.00,25.00
United Kingdom,GBR,England,UK_ENG,STATE_TOTAL,20220328,0.00,,,,,,0.00,,,0.00,,,,,,0.00,,,0.00,,,,,,0.00,,,0.00,,,,,,0.00,,,0.00,,,,,,0.00,,,0.00,,,,,,0.00,,,0.00,,,,,,0.00,,,0.00,,,0.00,,0.00,,,1.00,,,,,,2.00,1,,3.00,,1.00,,,,0.00,,0.00,,,,,,0.00,,,5.00,1,,0.00,,,,,,0.00,,,,2,,3,,5-15 yrs,5-15 yrs,2,2,2,2,5,,0,,17603000,142923,V,73.39,11.11,11.11,11.11,11.11,25.00,25.00,25.00,25.00,25.00,25.00,25.00,25.00,25.00
United Kingdom,GBR,England,UK_ENG,STATE_TOTAL,20220329,0.00,,,,,,0.00,,,0.00,,,,,,0.00,,,0.00,,,,,,0.00,,,0.00,,,,,,0.00,,,0.00,,,,,,0.00,,,0.00,,,,,,0.00,,,0.00,,,,,,0.00,,,0.00,,,0.00,,0.00,,,1.00,,,,,,2.00,1,,3.00,,1.00,,,,0.00,,0.00,,,,,,0.00,,,5.00,1,,0.00,,,,,,0.00,,,,2,,3,,5-15 yrs,5-15 yrs,2,2,2,2,5,,0,,17667861,143174,V,73.41,11.11,11.11,11.11,11.11,25.00,25.00,25.00,25.00,25.00,25.00,25.00,25.00,25.00
United Kingdom,GBR,England,UK_ENG,STATE_TOTAL,20220330,0.00,,,,,,0.00,,,0.00,,,,,,0.00,,,0.00,,,,,,0.00,,,0.00,,,,,,0.00,,,0.00,,,,,,0.00,,,0.00,,,,,,0.00,,,0.00,,,,,,0.00,,,0.00,,,0.00,,0.00,,,1.00,,,,,,2.00,1,,3.00,,1.00,,,,0.00,,0.00,,,,,,0.00,,,5.00,1,,0.00,,,,,,0.00,,,,2,,3,,5-15 yrs,5-15 yrs,2,2,2,2,5,,0,,17742075,143330,V,73.43,11.11,11.11,11.11,11.11,25.00,25.00,25.00,25.00,25.00,25.00,25.00,25.00,25.00
United Kingdom,GBR,England,UK_ENG,STATE_TOTAL,20220331,0.00,,,,,,0.00,,,0.00,,,,,,0.00,,,0.00,,,,,,0.00,,,0.00,,,,,,0.00,,,0.00,,,,,,0.00,,,0.00,,,,,,0.00,,,0.00,,,,,,0.00,,,0.00,,,0.00,,0.00,,,1.00,,,,,,2.00,1,,3.00,,1.00,,,,0.00,,0.00,,,,,,0.00,,,5.00,1,,0.00,,,,,,0.00,,,,2,,3,,5-15 yrs,5-15 yrs,2,2,2,2,5,,0,,17804704,143466,V,73.45,11.11,11.11,11.11,11.11,25.00,25.00,25.00,25.00,25.00,25.00,25.00,25.00,25.00
United Kingdom,GBR,England,UK_ENG,STATE_TOTAL,20220401,0.00,,,,,,0.00,,,0.00,,,,,,0.00,,,0.00,,,,,,0.00,,,0.00,,,,,,0.00,,,0.00,,,,,,0.00,,,0.00,,,,,,0.00,,,0.00,,,,,,0.00,,,0.00,,,0.00,,0.00,,,1.00,,,,,,2.00,1,,2.00,,1.00,,,,0.00,,0.00,,,,,,0.00,,,5.00,1,,0.00,,,,,,0.00,,,,2,,3,,5-15 yrs,5-15 yrs,2,2,2,2,5,,0,,17864687,143600,V,73.46,11.11,11.11,11.11,11.11,22.92,22.92,22.92,22.92,22.62,22.62,22.62,22.62,25.00
United Kingdom,GBR,England,UK_ENG,STATE_TOTAL,20220402,0.00,,,,,,0.00,,,0.00,,,,,,0.00,,,0.00,,,,,,0.00,,,0.00,,,,,,0.00,,,0.00,,,,,,0.00,,,0.00,,,,,,0.00,,,0.00,,,,,,0.00,,,0.00,,,0.00,,0.00,,,1.00,,,,,,2.00,1,,2.00,,1.00,,,,0.00,,0.00,,,,,,0.00,,,5.00,1,,0.00,,,,,,0.00,,,,2,,3,,5-15 yrs,5-15 yrs,2,2,2,2,5,,0,,17864687,143600,V,73.49,11.11,11.11,11.11,11.11,22.92,22.92,22.92,22.92,22.62,22.62,22.62,22.62,25.00
United Kingdom,GBR,England,UK_ENG,STATE_TOTAL,20220403,0.00,,,,,,0.00,,,0.00,,,,,,0.00,,,0.00,,,,,,0.00,,,0.00,,,,,,0.00,,,0.00,,,,,,0.00,,,0.00,,,,,,0.00,,,0.00,,,,,,0.00,,,0.00,,,0.00,,0.00,,,1.00,,,,,,2.00,1,,2.00,,1.00,,,,0.00,,0.00,,,,,,0.00,,,5.00,1,,0.00,,,,,,0.00,,,,2,,3,,5-15 yrs,5-15 yrs,2,2,2,2,5,,0,,17864687,143600,V,73.50,11.11,11.11,11.11,11.11,22.92,22.92,22.92,22.92,22.62,22.62,22.62,22.62,25.00
United Kingdom,GBR,England,UK_ENG,STATE_TOTAL,20220404,0.00,,,,,,0.00,,,0.00,,,,,,0.00,,,0.00,,,,,,0.00,,,0.00,,,,,,0.00,,,0.00,,,,,,0.00,,,0.00,,,,,,0.00,,,0.00,,,,,,0.00,,,0.00,,,0.00,,0.00,,,1.00,,,,,,2.00,1,,2.00,,1.00,,,,0.00,,0.00,,,,,,0.00,,,5.00,1,,0.00,,,,,,0.00,,,,2,,3,,5-15 yrs,5-15 yrs,2,2,2,2,5,,0,,17986241,143752,V,73.52,11.11,11.11,11.11,11.11,22.92,22.92,22.92,22.92,22.62,22.62,22.62,22.62,25.00
United Kingdom,GBR,England,UK_ENG,STATE_TOTAL,20220405,0.00,,,,,,0.00,,,0.00,,,,,,0.00,,,0.00,,,,,,0.00,,,0.00,,,,,,0.00,,,0.00,,,,,,0.00,,,0.00,,,,,,0.00,,,0.00,,,,,,0.00,,,0.00,,,0.00,,0.00,,,1.00,,,,,,2.00,1,,2.00,,1.00,,,,0.00,,0.00,,,,,,0.00,,,5.00,1,,0.00,,,,,,0.00,,,,2,,3,,5-15 yrs,5-15 yrs,2,2,2,2,5,,0,,18027644,144065,V,73.54,11.11,11.11,11.11,11.11,22.92,22.92,22.92,22.92,22.62,22.62,22.62,22.62,25.00
United Kingdom,GBR,England,UK_ENG,STATE_TOTAL,20220406,0.00,,,,,,0.00,,,0.00,,,,,,0.00,,,0.00,,,,,,0.00,,,0.00,,,,,,0.00,,,0.00,,,,,,0.00,,,0.00,,,,,,0.00,,,0.00,,,,,,0.00,,,0.00,,,0.00,,0.00,,,0.00,"The Test and Trace Support Payment Scheme will end. If you were told to self-isolate before 24 February you can still make a claim up to 6 April.    http://web.archive.org/web/20220225131527/https://www.gov.uk/coronavirus",,,,,2.00,1,,2.00,,1.00,,,,0.00,,0.00,,,,,,0.00,,,5.00,1,,0.00,,,,,,0.00,,,,2,,3,,5-15 yrs,5-15 yrs,2,2,2,2,5,,0,,18070000,146963,V,73.55,11.11,11.11,11.11,11.11,19.79,19.79,19.79,19.79,22.62,22.62,22.62,22.62,0.00
United Kingdom,GBR,England,UK_ENG,STATE_TOTAL,20220407,0.00,,,,,,0.00,,,0.00,,,,,,0.00,,,0.00,,,,,,0.00,,,0.00,,,,,,0.00,,,0.00,,,,,,0.00,,,0.00,,,,,,0.00,,,0.00,,,,,,0.00,,,0.00,,,0.00,,0.00,,,0.00,,,,,,2.00,1,,2.00,,1.00,,,,0.00,,0.00,,,,,,0.00,,,5.00,1,,0.00,,,,,,0.00,,,,2,,3,,5-15 yrs,5-15 yrs,2,2,2,2,5,,0,,18108626,147237,V,73.57,11.11,11.11,11.11,11.11,19.79,19.79,19.79,19.79,22.62,22.62,22.62,22.62,0.00
United Kingdom,GBR,England,UK_ENG,STATE_TOTAL,20220408,0.00,,,,,,0.00,,,0.00,,,,,,0.00,,,0.00,,,,,,0.00,,,0.00,,,,,,0.00,,,0.00,,,,,,0.00,,,0.00,,,,,,0.00,,,0.00,,,,,,0.00,,,0.00,,,0.00,,0.00,,,0.00,,,,,,2.00,1,,2.00,,1.00,,,,0.00,,0.00,,,,,,0.00,,,5.00,1,,0.00,,,,,,0.00,,,,2,,3,,5-15 yrs,5-15 yrs,2,2,2,2,5,,0,,18142371,147539,V,73.59,11.11,11.11,11.11,11.11,19.79,19.79,19.79,19.79,22.62,22.62,22.62,22.62,0.00
United Kingdom,GBR,England,UK_ENG,STATE_TOTAL,20220409,0.00,,,,,,0.00,,,0.00,,,,,,0.00,,,0.00,,,,,,0.00,,,0.00,,,,,,0.00,,,0.00,,,,,,0.00,,,0.00,,,,,,0.00,,,0.00,,,,,,0.00,,,0.00,,,0.00,,0.00,,,0.00,,,,,,2.00,1,,2.00,,1.00,,,,0.00,,0.00,,,,,,0.00,,,5.00,1,,0.00,,,,,,0.00,,,,2,,3,,5-15 yrs,5-15 yrs,2,2,2,2,5,,0,,18142371,147539,V,73.61,11.11,11.11,11.11,11.11,19.79,19.79,19.79,19.79,22.62,22.62,22.62,22.62,0.00
United Kingdom,GBR,England,UK_ENG,STATE_TOTAL,20220410,0.00,,,,,,0.00,,,0.00,,,,,,0.00,,,0.00,,,,,,0.00,,,0.00,,,,,,0.00,,,0.00,,,,,,0.00,,,0.00,,,,,,0.00,,,0.00,,,,,,0.00,,,0.00,,,0.00,,0.00,,,0.00,,,,,,2.00,1,,2.00,,1.00,,,,0.00,,0.00,,,,,,0.00,,,5.00,1,,0.00,,,,,,0.00,,,,2,,3,,5-15 yrs,5-15 yrs,2,2,2,2,5,,0,,18142371,147539,V,73.63,11.11,11.11,11.11,11.11,19.79,19.79,19.79,19.79,22.62,22.62,22.62,22.62,0.00
United Kingdom,GBR,England,UK_ENG,STATE_TOTAL,20220411,0.00,,,,,,0.00,,,0.00,,,,,,0.00,,,0.00,,,,,,0.00,,,0.00,,,,,,0.00,,,0.00,,,,,,0.00,,,0.00,,,,,,0.00,,,0.00,,,,,,0.00,,,0.00,,,0.00,,0.00,,,0.00,,,,,,2.00,1,,2.00,,1.00,,,,0.00,,0.00,,,,,,0.00,,,5.00,1,,0.00,,,,,,0.00,,,,2,,3,,5-15 yrs,5-15 yrs,2,2,2,2,5,,0,,18217512,147840,V,73.64,11.11,11.11,11.11,11.11,19.79,19.79,19.79,19.79,22.62,22.62,22.62,22.62,0.00
United Kingdom,GBR,England,UK_ENG,STATE_TOTAL,20220412,0.00,,,,,,0.00,,,0.00,,,,,,0.00,,,0.00,,,,,,0.00,,,0.00,,,,,,0.00,,,0.00,,,,,,0.00,,,0.00,,,,,,0.00,,,0.00,,,,,,0.00,,,0.00,,,0.00,,0.00,,,0.00,,,,,,2.00,1,,2.00,,1.00,,,,0.00,,0.00,,,,,,0.00,,,5.00,1,,0.00,,,,,,0.00,,,,2,,3,,5-15 yrs,5-15 yrs,2,2,2,2,5,,0,,18248680,148080,V,73.66,11.11,11.11,11.11,11.11,19.79,19.79,19.79,19.79,22.62,22.62,22.62,22.62,0.00
United Kingdom,GBR,England,UK_ENG,STATE_TOTAL,20220413,0.00,,,,,,0.00,,,0.00,,,,,,0.00,,,0.00,,,,,,0.00,,,0.00,,,,,,0.00,,,0.00,,,,,,0.00,,,0.00,,,,,,0.00,,,0.00,,,,,,0.00,,,0.00,,,0.00,,0.00,,,0.00,,,,,,2.00,1,,2.00,,1.00,,,,0.00,,0.00,,,,,,0.00,,,5.00,1,,0.00,,,,,,0.00,,,,2,,3,,5-15 yrs,5-15 yrs,2,2,2,2,5,,0,,18277995,148695,V,73.68,11.11,11.11,11.11,11.11,19.79,19.79,19.79,19.79,22.62,22.62,22.62,22.62,0.00
United Kingdom,GBR,England,UK_ENG,STATE_TOTAL,20220414,0.00,,,,,,0.00,,,0.00,,,,,,0.00,,,0.00,,,,,,0.00,,,0.00,,,,,,0.00,,,0.00,,,,,,0.00,,,0.00,,,,,,0.00,,,0.00,,,,,,0.00,,,0.00,,,0.00,,0.00,,,0.00,,,,,,2.00,1,,2.00,,1.00,,,,0.00,,0.00,,,,,,0.00,,,5.00,1,,0.00,,,,,,0.00,,,,2,,3,,5-15 yrs,5-15 yrs,2,2,2,2,5,,0,,18305250,148990,V,73.70,11.11,11.11,11.11,11.11,19.79,19.79,19.79,19.79,22.62,22.62,22.62,22.62,0.00
United Kingdom,GBR,England,UK_ENG,STATE_TOTAL,20220415,0.00,,,,,,0.00,,,0.00,,,,,,0.00,,,0.00,,,,,,0.00,,,0.00,,,,,,0.00,,,0.00,,,,,,0.00,,,0.00,,,,,,0.00,,,0.00,,,,,,0.00,,,0.00,,,0.00,,0.00,,,0.00,,,,,,2.00,1,,2.00,,1.00,,,,0.00,,0.00,,,,,,0.00,,,5.00,1,,0.00,,,,,,0.00,,,,2,,3,,5-15 yrs,5-15 yrs,2,2,2,2,5,,0,,18305250,148990,V,73.71,11.11,11.11,11.11,11.11,19.79,19.79,19.79,19.79,22.62,22.62,22.62,22.62,0.00
United Kingdom,GBR,England,UK_ENG,STATE_TOTAL,20220416,0.00,,,,,,0.00,,,0.00,,,,,,0.00,,,0.00,,,,,,0.00,,,0.00,,,,,,0.00,,,0.00,,,,,,0.00,,,0.00,,,,,,0.00,,,0.00,,,,,,0.00,,,0.00,,,0.00,,0.00,,,0.00,,,,,,2.00,1,,2.00,,1.00,,,,0.00,,0.00,,,,,,0.00,,,5.00,1,,0.00,,,,,,0.00,,,,2,,3,,5-15 yrs,5-15 yrs,2,2,2,2,5,,0,,18305250,148990,V,73.73,11.11,11.11,11.11,11.11,19.79,19.79,19.79,19.79,22.62,22.62,22.62,22.62,0.00
United Kingdom,GBR,England,UK_ENG,STATE_TOTAL,20220417,0.00,,,,,,0.00,,,0.00,,,,,,0.00,,,0.00,,,,,,0.00,,,0.00,,,,,,0.00,,,0.00,,,,,,0.00,,,0.00,,,,,,0.00,,,0.00,,,,,,0.00,,,0.00,,,0.00,,0.00,,,0.00,,,,,,2.00,1,,2.00,,1.00,,,,0.00,,0.00,,,,,,0.00,,,5.00,1,,0.00,,,,,,0.00,,,,2,,3,,5-15 yrs,5-15 yrs,2,2,2,2,5,,0,,18305250,148990,V,73.73,11.11,11.11,11.11,11.11,19.79,19.79,19.79,19.79,22.62,22.62,22.62,22.62,0.00
United Kingdom,GBR,England,UK_ENG,STATE_TOTAL,20220418,0.00,,,,,,0.00,,,0.00,,,,,,0.00,,,0.00,,,,,,0.00,,,0.00,,,,,,0.00,,,0.00,,,,,,0.00,,,0.00,,,,,,0.00,,,0.00,,,,,,0.00,,,0.00,,,0.00,,0.00,,,0.00,,,,,,2.00,1,,2.00,,1.00,,,,0.00,,0.00,,,,,,0.00,,,5.00,1,,0.00,,,,,,0.00,,,,2,,3,,5-15 yrs,5-15 yrs,2,2,2,2,5,,0,,18305250,148990,V,73.74,11.11,11.11,11.11,11.11,19.79,19.79,19.79,19.79,22.62,22.62,22.62,22.62,0.00
United Kingdom,GBR,England,UK_ENG,STATE_TOTAL,20220419,0.00,,,,,,0.00,,,0.00,,,,,,0.00,,,0.00,,,,,,0.00,,,0.00,,,,,,0.00,,,0.00,,,,,,0.00,,,0.00,,,,,,0.00,,,0.00,,,,,,0.00,,,0.00,,,0.00,,0.00,,,0.00,,,,,,2.00,1,,2.00,,1.00,,,,0.00,,0.00,,,,,,0.00,,,5.00,1,,0.00,,,,,,0.00,,,,2,,3,,5-15 yrs,5-15 yrs,2,2,2,2,5,,0,,18398440,149401,V,73.75,11.11,11.11,11.11,11.11,19.79,19.79,19.79,19.79,22.62,22.62,22.62,22.62,0.00
United Kingdom,GBR,England,UK_ENG,STATE_TOTAL,20220420,0.00,,,,,,0.00,,,0.00,,,,,,0.00,,,0.00,,,,,,0.00,,,0.00,,,,,,0.00,,,0.00,,,,,,0.00,,,0.00,,,,,,0.00,,,0.00,,,,,,0.00,,,0.00,,,0.00,,0.00,,,0.00,,,,,,2.00,1,,2.00,,1.00,,,,0.00,,0.00,,,,,,0.00,,,5.00,1,,0.00,,,,,,0.00,,,,2,,3,,5-15 yrs,5-15 yrs,2,2,2,2,5,,0,,18419203,149844,V,73.77,11.11,11.11,11.11,11.11,19.79,19.79,19.79,19.79,22.62,22.62,22.62,22.62,0.00
United Kingdom,GBR,England,UK_ENG,STATE_TOTAL,20220421,0.00,,,,,,0.00,,,0.00,,,,,,0.00,,,0.00,,,,,,0.00,,,0.00,,,,,,0.00,,,0.00,,,,,,0.00,,,0.00,,,,,,0.00,,,0.00,,,,,,0.00,,,0.00,,,0.00,,0.00,,,0.00,,,,,,2.00,1,,2.00,,1.00,,,,0.00,,0.00,,,,,,0.00,,,5.00,1,,0.00,,,,,,0.00,,,,2,,3,,5-15 yrs,5-15 yrs,2,2,2,2,5,,0,,18437668,150468,V,73.79,11.11,11.11,11.11,11.11,19.79,19.79,19.79,19.79,22.62,22.62,22.62,22.62,0.00
United Kingdom,GBR,England,UK_ENG,STATE_TOTAL,20220422,0.00,,,,,,0.00,,,0.00,,,,,,0.00,,,0.00,,,,,,0.00,,,0.00,,,,,,0.00,,,0.00,,,,,,0.00,,,0.00,,,,,,0.00,,,0.00,,,,,,0.00,,,0.00,,,0.00,,0.00,,,0.00,,,,,,2.00,1,,2.00,,1.00,,,,0.00,,0.00,,,,,,0.00,,,5.00,1,,0.00,,,,,,0.00,,,,2,,3,,5-15 yrs,5-15 yrs,2,2,2,2,5,,0,,18453469,150711,V,73.80,11.11,11.11,11.11,11.11,19.79,19.79,19.79,19.79,22.62,22.62,22.62,22.62,0.00
United Kingdom,GBR,England,UK_ENG,STATE_TOTAL,20220423,0.00,,,,,,0.00,,,0.00,,,,,,0.00,,,0.00,,,,,,0.00,,,0.00,,,,,,0.00,,,0.00,,,,,,0.00,,,0.00,,,,,,0.00,,,0.00,,,,,,0.00,,,0.00,,,0.00,,0.00,,,0.00,,,,,,2.00,1,,2.00,,1.00,,,,0.00,,0.00,,,,,,0.00,,,5.00,1,,0.00,,,,,,0.00,,,,2,,3,,5-15 yrs,5-15 yrs,2,2,2,2,5,,0,,18453469,150711,V,73.83,11.11,11.11,11.11,11.11,19.79,19.79,19.79,19.79,22.62,22.62,22.62,22.62,0.00
United Kingdom,GBR,England,UK_ENG,STATE_TOTAL,20220424,0.00,,,,,,0.00,,,0.00,,,,,,0.00,,,0.00,,,,,,0.00,,,0.00,,,,,,0.00,,,0.00,,,,,,0.00,,,0.00,,,,,,0.00,,,0.00,,,,,,0.00,,,0.00,,,0.00,,0.00,,,0.00,,,,,,2.00,1,,2.00,,1.00,,,,0.00,,0.00,,,,,,0.00,,,5.00,1,,0.00,,,,,,0.00,,,,2,,3,,5-15 yrs,5-15 yrs,2,2,2,2,5,,0,,18453469,150711,V,73.84,11.11,11.11,11.11,11.11,19.79,19.79,19.79,19.79,22.62,22.62,22.62,22.62,0.00
United Kingdom,GBR,England,UK_ENG,STATE_TOTAL,20220425,0.00,,,,,,0.00,,,0.00,,,,,,0.00,,,0.00,,,,,,0.00,,,0.00,,,,,,0.00,,,0.00,,,,,,0.00,,,0.00,,,,,,0.00,,,0.00,,,,,,0.00,,,0.00,,,0.00,,0.00,,,0.00,,,,,,2.00,1,,2.00,,1.00,,,,0.00,,0.00,,,,,,0.00,,,5.00,1,,0.00,,,,,,0.00,,,,2,,3,,5-15 yrs,5-15 yrs,2,2,2,2,5,,0,,18489342,151005,V,73.86,11.11,11.11,11.11,11.11,19.79,19.79,19.79,19.79,22.62,22.62,22.62,22.62,0.00
United Kingdom,GBR,England,UK_ENG,STATE_TOTAL,20220426,0.00,,,,,,0.00,,,0.00,,,,,,0.00,,,0.00,,,,,,0.00,,,0.00,,,,,,0.00,,,0.00,,,,,,0.00,,,0.00,,,,,,0.00,,,0.00,,,,,,0.00,,,0.00,,,0.00,,0.00,,,0.00,,,,,,2.00,1,,2.00,,1.00,,,,0.00,,0.00,,,,,,0.00,,,5.00,1,,0.00,,,,,,0.00,,,,2,,3,,5-15 yrs,5-15 yrs,2,2,2,2,5,,0,,18502386,151418,V,73.87,11.11,11.11,11.11,11.11,19.79,19.79,19.79,19.79,22.62,22.62,22.62,22.62,0.00
United Kingdom,GBR,England,UK_ENG,STATE_TOTAL,20220427,0.00,,,,,,0.00,,,0.00,,,,,,0.00,,,0.00,,,,,,0.00,,,0.00,,,,,,0.00,,,0.00,,,,,,0.00,,,0.00,,,,,,0.00,,,0.00,,,,,,0.00,,,0.00,,,0.00,,0.00,,,0.00,,,,,,2.00,1,,2.00,,1.00,,,,0.00,,0.00,,,,,,0.00,,,5.00,1,,0.00,,,,,,0.00,,,,2,,3,,5-15 yrs,5-15 yrs,2,2,2,2,5,,0,,18515847,151680,V,73.88,11.11,11.11,11.11,11.11,19.79,19.79,19.79,19.79,22.62,22.62,22.62,22.62,0.00
United Kingdom,GBR,England,UK_ENG,STATE_TOTAL,20220428,0.00,,,,,,0.00,,,0.00,,,,,,0.00,,,0.00,,,,,,0.00,,,0.00,,,,,,0.00,,,0.00,,,,,,0.00,,,0.00,,,,,,0.00,,,0.00,,,,,,0.00,,,0.00,,,0.00,,0.00,,,0.00,,,,,,2.00,1,,2.00,,1.00,,,,0.00,,0.00,,,,,,0.00,,,5.00,1,,0.00,,,,,,0.00,,,,2,,3,,5-15 yrs,5-15 yrs,2,2,2,2,5,,0,,18526781,151884,V,73.89,11.11,11.11,11.11,11.11,19.79,19.79,19.79,19.79,22.62,22.62,22.62,22.62,0.00
United Kingdom,GBR,England,UK_ENG,STATE_TOTAL,20220429,0.00,,,,,,0.00,,,0.00,,,,,,0.00,,,0.00,,,,,,0.00,,,0.00,,,,,,0.00,,,0.00,,,,,,0.00,,,0.00,,,,,,0.00,,,0.00,,,,,,0.00,,,0.00,,,0.00,,0.00,,,0.00,,,,,,2.00,1,,2.00,,1.00,,,,0.00,,0.00,,,,,,0.00,,,5.00,1,,0.00,,,,,,0.00,,,,2,,3,,5-15 yrs,5-15 yrs,2,2,2,2,5,,0,,18536477,152066,V,73.91,11.11,11.11,11.11,11.11,19.79,19.79,19.79,19.79,22.62,22.62,22.62,22.62,0.00
United Kingdom,GBR,England,UK_ENG,STATE_TOTAL,20220430,0.00,,,,,,0.00,,,0.00,,,,,,0.00,,,0.00,,,,,,0.00,,,0.00,,,,,,0.00,,,0.00,,,,,,0.00,,,0.00,,,,,,0.00,,,0.00,,,,,,0.00,,,0.00,,,0.00,,0.00,,,0.00,,,,,,2.00,1,,2.00,,1.00,,,,0.00,,0.00,,,,,,0.00,,,5.00,1,,0.00,,,,,,0.00,,,,2,,3,,5-15 yrs,5-15 yrs,2,2,2,2,5,,0,,18536477,152066,V,73.93,11.11,11.11,11.11,11.11,19.79,19.79,19.79,19.79,22.62,22.62,22.62,22.62,0.00
United Kingdom,GBR,England,UK_ENG,STATE_TOTAL,20220501,0.00,,,,,,0.00,,,0.00,,,,,,0.00,,,0.00,,,,,,0.00,,,0.00,,,,,,0.00,,,0.00,,,,,,0.00,,,0.00,,,,,,0.00,,,0.00,,,,,,0.00,,,0.00,,,0.00,,0.00,,,0.00,,,,,,2.00,1,,2.00,,1.00,,,,0.00,,0.00,,,,,,0.00,,,5.00,1,,0.00,,,,,,0.00,,,,2,,3,,5-15 yrs,5-15 yrs,2,2,2,2,5,,0,,18536477,152066,V,73.94,11.11,11.11,11.11,11.11,19.79,19.79,19.79,19.79,22.62,22.62,22.62,22.62,0.00
United Kingdom,GBR,England,UK_ENG,STATE_TOTAL,20220502,0.00,,,,,,0.00,,,0.00,,,,,,0.00,,,0.00,,,,,,0.00,,,0.00,,,,,,0.00,,,0.00,,,,,,0.00,,,0.00,,,,,,0.00,,,0.00,,,,,,0.00,,,0.00,,,0.00,,0.00,,,0.00,,,,,,2.00,1,,2.00,,1.00,,,,0.00,,0.00,,,,,,0.00,,,5.00,1,,0.00,,,,,,0.00,,,,2,,3,,5-15 yrs,5-15 yrs,2,2,2,2,5,,0,,18536477,152066,V,73.94,11.11,11.11,11.11,11.11,19.79,19.79,19.79,19.79,22.62,22.62,22.62,22.62,0.00
United Kingdom,GBR,England,UK_ENG,STATE_TOTAL,20220503,0.00,,,,,,0.00,,,0.00,,,,,,0.00,,,0.00,,,,,,0.00,,,0.00,,,,,,0.00,,,0.00,,,,,,0.00,,,0.00,,,,,,0.00,,,0.00,,,,,,0.00,,,0.00,,,0.00,,0.00,,,0.00,,,,,,2.00,1,,2.00,,1.00,,,,0.00,,0.00,,,,,,0.00,,,5.00,1,,0.00,,,,,,0.00,,,,2,,3,,5-15 yrs,5-15 yrs,2,2,2,2,5,,0,,18565456,152433,V,73.95,11.11,11.11,11.11,11.11,19.79,19.79,19.79,19.79,22.62,22.62,22.62,22.62,0.00
United Kingdom,GBR,England,UK_ENG,STATE_TOTAL,20220504,0.00,,,,,,0.00,,,0.00,,,,,,0.00,,,0.00,,,,,,0.00,,,0.00,,,,,,0.00,,,0.00,,,,,,0.00,,,0.00,,,,,,0.00,,,0.00,,,,,,0.00,,,0.00,,,0.00,,0.00,,,0.00,,,,,,2.00,1,,2.00,,1.00,,,,0.00,,0.00,,,,,,0.00,,,5.00,1,,0.00,,,,,,0.00,,,,2,,3,,5-15 yrs,5-15 yrs,2,2,2,2,5,,0,,18580049,152628,V,73.97,11.11,11.11,11.11,11.11,19.79,19.79,19.79,19.79,22.62,22.62,22.62,22.62,0.00
United Kingdom,GBR,England,UK_ENG,STATE_TOTAL,20220505,0.00,,,,,,0.00,,,0.00,,,,,,0.00,,,0.00,,,,,,0.00,,,0.00,,,,,,0.00,,,0.00,,,,,,0.00,,,0.00,,,,,,0.00,,,0.00,,,,,,0.00,,,0.00,,,0.00,,0.00,,,0.00,,,,,,2.00,1,,2.00,,1.00,,,,0.00,,0.00,,,,,,0.00,,,5.00,1,,0.00,,,,,,0.00,,,,2,,3,,5-15 yrs,5-15 yrs,2,2,2,2,5,,0,,18590347,153021,V,73.98,11.11,11.11,11.11,11.11,19.79,19.79,19.79,19.79,22.62,22.62,22.62,22.62,0.00
United Kingdom,GBR,England,UK_ENG,STATE_TOTAL,20220506,0.00,,,,,,0.00,,,0.00,,,,,,0.00,,,0.00,,,,,,0.00,,,0.00,,,,,,0.00,,,0.00,,,,,,0.00,,,0.00,,,,,,0.00,,,0.00,,,,,,0.00,,,0.00,,,0.00,,0.00,,,0.00,,,,,,2.00,1,,2.00,,1.00,,,,0.00,,0.00,,,,,,0.00,,,5.00,1,,0.00,,,,,,0.00,,,,2,,3,,5-15 yrs,5-15 yrs,2,2,2,2,5,,0,,18599739,153224,V,73.99,11.11,11.11,11.11,11.11,19.79,19.79,19.79,19.79,22.62,22.62,22.62,22.62,0.00
United Kingdom,GBR,England,UK_ENG,STATE_TOTAL,20220507,0.00,,,,,,0.00,,,0.00,,,,,,0.00,,,0.00,,,,,,0.00,,,0.00,,,,,,0.00,,,0.00,,,,,,0.00,,,0.00,,,,,,0.00,,,0.00,,,,,,0.00,,,0.00,,,0.00,,0.00,,,0.00,,,,,,2.00,1,,2.00,,1.00,,,,0.00,,0.00,,,,,,0.00,,,5.00,1,,0.00,,,,,,0.00,,,,2,,3,,5-15 yrs,5-15 yrs,2,2,2,2,5,,0,,18599739,153224,V,74.02,11.11,11.11,11.11,11.11,19.79,19.79,19.79,19.79,22.62,22.62,22.62,22.62,0.00
United Kingdom,GBR,England,UK_ENG,STATE_TOTAL,20220508,0.00,,,,,,0.00,,,0.00,,,,,,0.00,,,0.00,,,,,,0.00,,,0.00,,,,,,0.00,,,0.00,,,,,,0.00,,,0.00,,,,,,0.00,,,0.00,,,,,,0.00,,,0.00,,,0.00,,0.00,,,0.00,,,,,,2.00,1,,2.00,,1.00,,,,0.00,,0.00,,,,,,0.00,,,5.00,1,,0.00,,,,,,0.00,,,,2,,3,,5-15 yrs,5-15 yrs,2,2,2,2,5,,0,,18599739,153224,V,74.03,11.11,11.11,11.11,11.11,19.79,19.79,19.79,19.79,22.62,22.62,22.62,22.62,0.00
United Kingdom,GBR,England,UK_ENG,STATE_TOTAL,20220509,0.00,,,,,,0.00,,,0.00,,,,,,0.00,,,0.00,,,,,,0.00,,,0.00,,,,,,0.00,,,0.00,,,,,,0.00,,,0.00,,,,,,0.00,,,0.00,,,,,,0.00,,,0.00,,,0.00,,0.00,,,0.00,,,,,,2.00,1,,2.00,,1.00,,,,0.00,,0.00,,,,,,0.00,,,5.00,1,,0.00,,,,,,0.00,,,,2,,3,,5-15 yrs,5-15 yrs,2,2,2,2,5,,0,,18621424,153404,V,74.04,11.11,11.11,11.11,11.11,19.79,19.79,19.79,19.79,22.62,22.62,22.62,22.62,0.00
United Kingdom,GBR,England,UK_ENG,STATE_TOTAL,20220510,0.00,,,,,,0.00,,,0.00,,,,,,0.00,,,0.00,,,,,,0.00,,,0.00,,,,,,0.00,,,0.00,,,,,,0.00,,,0.00,,,,,,0.00,,,0.00,,,,,,0.00,,,0.00,,,0.00,,0.00,,,0.00,,,,,,2.00,1,,1.00,,1.00,,,,0.00,,0.00,,,,,,0.00,,,5.00,1,,0.00,,,,,,0.00,,,,2,,3,,5-15 yrs,5-15 yrs,2,2,2,2,5,,0,,18631175,153676,V,74.05,11.11,11.11,11.11,11.11,17.71,17.71,17.71,17.71,20.24,20.24,20.24,20.24,0.00
United Kingdom,GBR,England,UK_ENG,STATE_TOTAL,20220511,0.00,,,,,,0.00,,,0.00,,,,,,0.00,,,0.00,,,,,,0.00,,,0.00,,,,,,0.00,,,0.00,,,,,,0.00,,,0.00,,,,,,0.00,,,0.00,,,,,,0.00,,,0.00,,,0.00,,0.00,,,0.00,,,,,,2.00,1,,1.00,,1.00,,,,0.00,,0.00,,,,,,0.00,,,5.00,1,,0.00,,,,,,0.00,,,,2,,3,,5-15 yrs,5-15 yrs,2,2,2,2,5,,0,,18639196,153876,V,74.07,11.11,11.11,11.11,11.11,17.71,17.71,17.71,17.71,20.24,20.24,20.24,20.24,0.00
United Kingdom,GBR,England,UK_ENG,STATE_TOTAL,20220512,0.00,,,,,,0.00,,,0.00,,,,,,0.00,,,0.00,,,,,,0.00,,,0.00,,,,,,0.00,,,0.00,,,,,,0.00,,,0.00,,,,,,0.00,,,0.00,,,,,,0.00,,,0.00,,,0.00,,0.00,,,0.00,,,,,,2.00,1,,1.00,,1.00,,,,0.00,,0.00,,,,,,0.00,,,5.00,1,,0.00,,,,,,0.00,,,,2,,3,,5-15 yrs,5-15 yrs,2,2,2,2,5,,0,,18650062,154004,V,74.08,11.11,11.11,11.11,11.11,17.71,17.71,17.71,17.71,20.24,20.24,20.24,20.24,0.00
United Kingdom,GBR,England,UK_ENG,STATE_TOTAL,20220513,0.00,,,,,,0.00,,,0.00,,,,,,0.00,,,0.00,,,,,,0.00,,,0.00,,,,,,0.00,,,0.00,,,,,,0.00,,,0.00,,,,,,0.00,,,0.00,,,,,,0.00,,,0.00,,,0.00,,0.00,,,0.00,,,,,,2.00,1,,1.00,,1.00,,,,0.00,,0.00,,,,,,0.00,,,5.00,1,,0.00,,,,,,0.00,,,,2,,3,,5-15 yrs,5-15 yrs,2,2,2,2,5,,0,,18656568,154145,V,74.09,11.11,11.11,11.11,11.11,17.71,17.71,17.71,17.71,20.24,20.24,20.24,20.24,0.00
United Kingdom,GBR,England,UK_ENG,STATE_TOTAL,20220514,0.00,,,,,,0.00,,,0.00,,,,,,0.00,,,0.00,,,,,,0.00,,,0.00,,,,,,0.00,,,0.00,,,,,,0.00,,,0.00,,,,,,0.00,,,0.00,,,,,,0.00,,,0.00,,,0.00,,0.00,,,0.00,,,,,,2.00,1,,1.00,,1.00,,,,0.00,,0.00,,,,,,0.00,,,5.00,1,,0.00,,,,,,0.00,,,,2,,3,,5-15 yrs,5-15 yrs,2,2,2,2,5,,0,,18656568,154145,V,74.11,11.11,11.11,11.11,11.11,17.71,17.71,17.71,17.71,20.24,20.24,20.24,20.24,0.00
United Kingdom,GBR,England,UK_ENG,STATE_TOTAL,20220515,0.00,,,,,,0.00,,,0.00,,,,,,0.00,,,0.00,,,,,,0.00,,,0.00,,,,,,0.00,,,0.00,,,,,,0.00,,,0.00,,,,,,0.00,,,0.00,,,,,,0.00,,,0.00,,,0.00,,0.00,,,0.00,,,,,,2.00,1,,1.00,,1.00,,,,0.00,,0.00,,,,,,0.00,,,5.00,1,,0.00,,,,,,0.00,,,,2,,3,,5-15 yrs,5-15 yrs,2,2,2,2,5,,0,,18656568,154145,V,74.12,11.11,11.11,11.11,11.11,17.71,17.71,17.71,17.71,20.24,20.24,20.24,20.24,0.00
United Kingdom,GBR,England,UK_ENG,STATE_TOTAL,20220516,0.00,,,,,,0.00,,,0.00,,,,,,0.00,,,0.00,,,,,,0.00,,,0.00,,,,,,0.00,,,0.00,,,,,,0.00,,,0.00,,,,,,0.00,,,0.00,,,,,,0.00,,,0.00,,,0.00,,0.00,,,0.00,,,,,,2.00,1,,1.00,,1.00,,,,0.00,,0.00,,,,,,0.00,,,5.00,1,,0.00,,,,,,0.00,,,,2,,3,,5-15 yrs,5-15 yrs,2,2,2,2,5,,0,,18673471,154273,V,74.13,11.11,11.11,11.11,11.11,17.71,17.71,17.71,17.71,20.24,20.24,20.24,20.24,0.00
United Kingdom,GBR,England,UK_ENG,STATE_TOTAL,20220517,0.00,,,,,,0.00,,,0.00,,,,,,0.00,,,0.00,,,,,,0.00,,,0.00,,,,,,0.00,,,0.00,,,,,,0.00,,,0.00,,,,,,0.00,,,0.00,,,,,,0.00,,,0.00,,,0.00,,0.00,,,0.00,,,,,,2.00,1,,1.00,,1.00,,,,0.00,,0.00,,,,,,0.00,,,5.00,1,,0.00,,,,,,0.00,,,,2,,3,,5-15 yrs,5-15 yrs,2,2,2,2,5,,0,,18681566,154454,V,74.13,11.11,11.11,11.11,11.11,17.71,17.71,17.71,17.71,20.24,20.24,20.24,20.24,0.00
United Kingdom,GBR,England,UK_ENG,STATE_TOTAL,20220518,0.00,,,,,,0.00,,,0.00,,,,,,0.00,,,0.00,,,,,,0.00,,,0.00,,,,,,0.00,,,0.00,,,,,,0.00,,,0.00,,,,,,0.00,,,0.00,,,,,,0.00,,,0.00,,,0.00,,0.00,,,0.00,,,,,,2.00,1,,1.00,,1.00,,,,0.00,,0.00,,,,,,0.00,,,5.00,1,,0.00,,,,,,0.00,,,,2,,3,,5-15 yrs,5-15 yrs,2,2,2,2,5,,0,,18688946,154576,V,74.14,11.11,11.11,11.11,11.11,17.71,17.71,17.71,17.71,20.24,20.24,20.24,20.24,0.00
United Kingdom,GBR,England,UK_ENG,STATE_TOTAL,20220519,0.00,,,,,,0.00,,,0.00,,,,,,0.00,,,0.00,,,,,,0.00,,,0.00,,,,,,0.00,,,0.00,,,,,,0.00,,,0.00,,,,,,0.00,,,0.00,,,,,,0.00,,,0.00,,,0.00,,0.00,,,0.00,,,,,,2.00,1,,1.00,,1.00,,,,0.00,,0.00,,,,,,0.00,,,5.00,1,,0.00,,,,,,0.00,,,,2,,3,,5-15 yrs,5-15 yrs,2,2,2,2,5,,0,,18695641,154699,V,74.16,11.11,11.11,11.11,11.11,17.71,17.71,17.71,17.71,20.24,20.24,20.24,20.24,0.00
United Kingdom,GBR,England,UK_ENG,STATE_TOTAL,20220520,0.00,,,,,,0.00,,,0.00,,,,,,0.00,,,0.00,,,,,,0.00,,,0.00,,,,,,0.00,,,0.00,,,,,,0.00,,,0.00,,,,,,0.00,,,0.00,,,,,,0.00,,,0.00,,,0.00,,0.00,,,0.00,,,,,,2.00,1,,1.00,,1.00,,,,0.00,,0.00,,,,,,0.00,,,5.00,1,,0.00,,,,,,0.00,,,,2,,3,,5-15 yrs,5-15 yrs,2,2,2,2,5,,0,,18701642,154779,V,74.17,11.11,11.11,11.11,11.11,17.71,17.71,17.71,17.71,20.24,20.24,20.24,20.24,0.00
United Kingdom,GBR,England,UK_ENG,STATE_TOTAL,20220521,0.00,,,,,,0.00,,,0.00,,,,,,0.00,,,0.00,,,,,,0.00,,,0.00,,,,,,0.00,,,0.00,,,,,,0.00,,,0.00,,,,,,0.00,,,0.00,,,,,,0.00,,,0.00,,,0.00,,0.00,,,0.00,,,,,,2.00,1,,1.00,,1.00,,,,0.00,,0.00,,,,,,0.00,,,5.00,1,,0.00,,,,,,0.00,,,,2,,3,,5-15 yrs,5-15 yrs,2,2,2,2,5,,0,,18701642,154779,V,74.18,11.11,11.11,11.11,11.11,17.71,17.71,17.71,17.71,20.24,20.24,20.24,20.24,0.00
United Kingdom,GBR,England,UK_ENG,STATE_TOTAL,20220522,0.00,,,,,,0.00,,,0.00,,,,,,0.00,,,0.00,,,,,,0.00,,,0.00,,,,,,0.00,,,0.00,,,,,,0.00,,,0.00,,,,,,0.00,,,0.00,,,,,,0.00,,,0.00,,,0.00,,0.00,,,0.00,,,,,,2.00,1,,1.00,,1.00,,,,0.00,,0.00,,,,,,0.00,,,5.00,1,,0.00,,,,,,0.00,,,,2,,3,,5-15 yrs,5-15 yrs,2,2,2,2,5,,0,,18701642,154779,V,74.19,11.11,11.11,11.11,11.11,17.71,17.71,17.71,17.71,20.24,20.24,20.24,20.24,0.00
United Kingdom,GBR,England,UK_ENG,STATE_TOTAL,20220523,0.00,,,,,,0.00,,,0.00,,,,,,0.00,,,0.00,,,,,,0.00,,,0.00,,,,,,0.00,,,0.00,,,,,,0.00,,,0.00,,,,,,0.00,,,0.00,,,,,,0.00,,,0.00,,,0.00,,0.00,,,0.00,,,,,,2.00,1,,1.00,,1.00,,,,0.00,,0.00,,,,,,0.00,,,5.00,1,,0.00,,,,,,0.00,,,,2,,3,,5-15 yrs,5-15 yrs,2,2,2,2,5,,0,,18716214,154864,V,74.20,11.11,11.11,11.11,11.11,17.71,17.71,17.71,17.71,20.24,20.24,20.24,20.24,0.00
United Kingdom,GBR,England,UK_ENG,STATE_TOTAL,20220524,0.00,,,,,,0.00,,,0.00,,,,,,0.00,,,0.00,,,,,,0.00,,,0.00,,,,,,0.00,,,0.00,,,,,,0.00,,,0.00,,,,,,0.00,,,0.00,,,,,,0.00,,,0.00,,,0.00,,0.00,,,0.00,,,,,,2.00,1,,1.00,,1.00,,,,0.00,,0.00,,,,,,0.00,,,5.00,1,,0.00,,,,,,0.00,,,,2,,3,,5-15 yrs,5-15 yrs,2,2,2,2,5,,0,,18722566,154991,V,74.20,11.11,11.11,11.11,11.11,17.71,17.71,17.71,17.71,20.24,20.24,20.24,20.24,0.00
United Kingdom,GBR,England,UK_ENG,STATE_TOTAL,20220525,0.00,,,,,,0.00,,,0.00,,,,,,0.00,,,0.00,,,,,,0.00,,,0.00,,,,,,0.00,,,0.00,,,,,,0.00,,,0.00,,,,,,0.00,,,0.00,,,,,,0.00,,,0.00,,,0.00,,0.00,,,0.00,,,,,,2.00,1,,1.00,,1.00,,,,0.00,,0.00,,,,,,0.00,,,5.00,1,,0.00,,,,,,0.00,,,,2,,3,,5-15 yrs,5-15 yrs,2,2,2,2,5,,0,,18728368,155082,V,74.21,11.11,11.11,11.11,11.11,17.71,17.71,17.71,17.71,20.24,20.24,20.24,20.24,0.00
United Kingdom,GBR,England,UK_ENG,STATE_TOTAL,20220526,0.00,,,,,,0.00,,,0.00,,,,,,0.00,,,0.00,,,,,,0.00,,,0.00,,,,,,0.00,,,0.00,,,,,,0.00,,,0.00,,,,,,0.00,,,0.00,,,,,,0.00,,,0.00,,,0.00,,0.00,,,0.00,,,,,,2.00,1,,1.00,,1.00,,,,0.00,,0.00,,,,,,0.00,,,5.00,1,,0.00,,,,,,0.00,,,,2,,3,,5-15 yrs,5-15 yrs,2,2,2,2,5,,0,,18733650,155142,V,74.25,11.11,11.11,11.11,11.11,17.71,17.71,17.71,17.71,20.24,20.24,20.24,20.24,0.00
United Kingdom,GBR,England,UK_ENG,STATE_TOTAL,20220527,0.00,,,,,,0.00,,,0.00,,,,,,0.00,,,0.00,,,,,,0.00,,,0.00,,,,,,0.00,,,0.00,,,,,,0.00,,,0.00,,,,,,0.00,,,0.00,,,,,,0.00,,,0.00,,,0.00,,0.00,,,0.00,,,,,,2.00,1,,1.00,,1.00,,,,0.00,,0.00,,,,,,0.00,,,5.00,1,,0.00,,,,,,0.00,,,,2,,3,,5-15 yrs,5-15 yrs,2,2,2,2,5,,0,,18738306,155203,V,74.26,11.11,11.11,11.11,11.11,17.71,17.71,17.71,17.71,20.24,20.24,20.24,20.24,0.00
United Kingdom,GBR,England,UK_ENG,STATE_TOTAL,20220528,0.00,,,,,,0.00,,,0.00,,,,,,0.00,,,0.00,,,,,,0.00,,,0.00,,,,,,0.00,,,0.00,,,,,,0.00,,,0.00,,,,,,0.00,,,0.00,,,,,,0.00,,,0.00,,,0.00,,0.00,,,0.00,,,,,,2.00,1,,1.00,,1.00,,,,0.00,,0.00,,,,,,0.00,,,5.00,1,,0.00,,,,,,0.00,,,,2,,3,,5-15 yrs,5-15 yrs,2,2,2,2,5,,0,,18738306,155203,V,74.28,11.11,11.11,11.11,11.11,17.71,17.71,17.71,17.71,20.24,20.24,20.24,20.24,0.00
United Kingdom,GBR,England,UK_ENG,STATE_TOTAL,20220529,0.00,,,,,,0.00,,,0.00,,,,,,0.00,,,0.00,,,,,,0.00,,,0.00,,,,,,0.00,,,0.00,,,,,,0.00,,,0.00,,,,,,0.00,,,0.00,,,,,,0.00,,,0.00,,,0.00,,0.00,,,0.00,,,,,,2.00,1,,1.00,,1.00,,,,0.00,,0.00,,,,,,0.00,,,5.00,1,,0.00,,,,,,0.00,,,,2,,3,,5-15 yrs,5-15 yrs,2,2,2,2,5,,0,,18738306,155203,V,74.29,11.11,11.11,11.11,11.11,17.71,17.71,17.71,17.71,20.24,20.24,20.24,20.24,0.00
United Kingdom,GBR,England,UK_ENG,STATE_TOTAL,20220530,0.00,,,,,,0.00,,,0.00,,,,,,0.00,,,0.00,,,,,,0.00,,,0.00,,,,,,0.00,,,0.00,,,,,,0.00,,,0.00,,,,,,0.00,,,0.00,,,,,,0.00,,,0.00,,,0.00,,0.00,,,0.00,,,,,,2.00,1,,1.00,,1.00,,,,0.00,,0.00,,,,,,0.00,,,5.00,1,,0.00,,,,,,0.00,,,,2,,3,,5-15 yrs,5-15 yrs,2,2,2,2,5,,0,,18751882,155270,V,74.30,11.11,11.11,11.11,11.11,17.71,17.71,17.71,17.71,20.24,20.24,20.24,20.24,0.00
United Kingdom,GBR,England,UK_ENG,STATE_TOTAL,20220531,0.00,,,,,,0.00,,,0.00,,,,,,0.00,,,0.00,,,,,,0.00,,,0.00,,,,,,0.00,,,0.00,,,,,,0.00,,,0.00,,,,,,0.00,,,0.00,,,,,,0.00,,,0.00,,,0.00,,0.00,,,0.00,,,,,,2.00,1,,1.00,,1.00,,,,0.00,,0.00,,,,,,0.00,,,5.00,1,,0.00,,,,,,0.00,,,,2,,3,,5-15 yrs,5-15 yrs,2,2,2,2,5,,0,,18757683,155380,V,74.32,11.11,11.11,11.11,11.11,17.71,17.71,17.71,17.71,20.24,20.24,20.24,20.24,0.00
United Kingdom,GBR,England,UK_ENG,STATE_TOTAL,20220601,0.00,,,,,,0.00,,,0.00,,,,,,0.00,,,0.00,,,,,,0.00,,,0.00,,,,,,0.00,,,0.00,,,,,,0.00,,,0.00,,,,,,0.00,,,0.00,,,,,,0.00,,,0.00,,,0.00,,0.00,,,0.00,,,,,,2.00,1,,1.00,,1.00,,,,0.00,,0.00,,,,,,0.00,,,5.00,1,,0.00,,,,,,0.00,,,,2,,3,,5-15 yrs,5-15 yrs,2,2,2,2,5,,0,,18762989,155470,V,74.33,11.11,11.11,11.11,11.11,17.71,17.71,17.71,17.71,20.24,20.24,20.24,20.24,0.00
United Kingdom,GBR,England,UK_ENG,STATE_TOTAL,20220602,0.00,,,,,,0.00,,,0.00,,,,,,0.00,,,0.00,,,,,,0.00,,,0.00,,,,,,0.00,,,0.00,,,,,,0.00,,,0.00,,,,,,0.00,,,0.00,,,,,,0.00,,,0.00,,,0.00,,0.00,,,0.00,,,,,,2.00,1,,1.00,,1.00,,,,0.00,,0.00,,,,,,0.00,,,5.00,1,,0.00,,,,,,0.00,,,,2,,3,,5-15 yrs,5-15 yrs,2,2,2,2,5,,0,,18762989,155470,V,74.33,11.11,11.11,11.11,11.11,17.71,17.71,17.71,17.71,20.24,20.24,20.24,20.24,0.00
United Kingdom,GBR,England,UK_ENG,STATE_TOTAL,20220603,0.00,,,,,,0.00,,,0.00,,,,,,0.00,,,0.00,,,,,,0.00,,,0.00,,,,,,0.00,,,0.00,,,,,,0.00,,,0.00,,,,,,0.00,,,0.00,,,,,,0.00,,,0.00,,,0.00,,0.00,,,0.00,,,,,,2.00,1,,1.00,,1.00,,,,0.00,,0.00,,,,,,0.00,,,5.00,1,,0.00,,,,,,0.00,,,,2,,3,,5-15 yrs,5-15 yrs,2,2,2,2,5,,0,,18762989,155470,V,74.34,11.11,11.11,11.11,11.11,17.71,17.71,17.71,17.71,20.24,20.24,20.24,20.24,0.00
United Kingdom,GBR,England,UK_ENG,STATE_TOTAL,20220604,0.00,,,,,,0.00,,,0.00,,,,,,0.00,,,0.00,,,,,,0.00,,,0.00,,,,,,0.00,,,0.00,,,,,,0.00,,,0.00,,,,,,0.00,,,0.00,,,,,,0.00,,,0.00,,,0.00,,0.00,,,0.00,,,,,,2.00,1,,1.00,,1.00,,,,0.00,,0.00,,,,,,0.00,,,5.00,1,,0.00,,,,,,0.00,,,,2,,3,,5-15 yrs,5-15 yrs,2,2,2,2,5,,0,,18762989,155470,V,74.35,11.11,11.11,11.11,11.11,17.71,17.71,17.71,17.71,20.24,20.24,20.24,20.24,0.00
United Kingdom,GBR,England,UK_ENG,STATE_TOTAL,20220605,0.00,,,,,,0.00,,,0.00,,,,,,0.00,,,0.00,,,,,,0.00,,,0.00,,,,,,0.00,,,0.00,,,,,,0.00,,,0.00,,,,,,0.00,,,0.00,,,,,,0.00,,,0.00,,,0.00,,0.00,,,0.00,,,,,,2.00,1,,1.00,,1.00,,,,0.00,,0.00,,,,,,0.00,,,5.00,1,,0.00,,,,,,0.00,,,,2,,3,,5-15 yrs,5-15 yrs,2,2,2,2,5,,0,,18762989,155470,V,74.35,11.11,11.11,11.11,11.11,17.71,17.71,17.71,17.71,20.24,20.24,20.24,20.24,0.00
United Kingdom,GBR,England,UK_ENG,STATE_TOTAL,20220606,0.00,,,,,,0.00,,,0.00,,,,,,0.00,,,0.00,,,,,,0.00,,,0.00,,,,,,0.00,,,0.00,,,,,,0.00,,,0.00,,,,,,0.00,,,0.00,,,,,,0.00,,,0.00,,,0.00,,0.00,,,0.00,,,,,,2.00,1,,1.00,,1.00,,,,0.00,,0.00,,,,,,0.00,,,5.00,1,,0.00,,,,,,0.00,,,,2,,3,,5-15 yrs,5-15 yrs,2,2,2,2,5,,0,,18792128,155548,V,74.36,11.11,11.11,11.11,11.11,17.71,17.71,17.71,17.71,20.24,20.24,20.24,20.24,0.00
United Kingdom,GBR,England,UK_ENG,STATE_TOTAL,20220607,0.00,,,,,,0.00,,,0.00,,,,,,0.00,,,0.00,,,,,,0.00,,,0.00,,,,,,0.00,,,0.00,,,,,,0.00,,,0.00,,,,,,0.00,,,0.00,,,,,,0.00,,,0.00,,,0.00,,0.00,,,0.00,,,,,,2.00,1,,1.00,,1.00,,,,0.00,,0.00,,,,,,0.00,,,5.00,1,,0.00,,,,,,0.00,,,,2,,3,,5-15 yrs,5-15 yrs,2,2,2,2,5,,0,,18802365,155680,V,74.36,11.11,11.11,11.11,11.11,17.71,17.71,17.71,17.71,20.24,20.24,20.24,20.24,0.00
United Kingdom,GBR,England,UK_ENG,STATE_TOTAL,20220608,0.00,,,,,,0.00,,,0.00,,,,,,0.00,,,0.00,,,,,,0.00,,,0.00,,,,,,0.00,,,0.00,,,,,,0.00,,,0.00,,,,,,0.00,,,0.00,,,,,,0.00,,,0.00,,,0.00,,0.00,,,0.00,,,,,,2.00,1,,1.00,,1.00,,,,0.00,,0.00,,,,,,0.00,,,5.00,1,,0.00,,,,,,0.00,,,,2,,3,,5-15 yrs,5-15 yrs,2,2,2,2,5,,0,,18811661,155765,V,74.37,11.11,11.11,11.11,11.11,17.71,17.71,17.71,17.71,20.24,20.24,20.24,20.24,0.00
United Kingdom,GBR,England,UK_ENG,STATE_TOTAL,20220609,0.00,,,,,,0.00,,,0.00,,,,,,0.00,,,0.00,,,,,,0.00,,,0.00,,,,,,0.00,,,0.00,,,,,,0.00,,,0.00,,,,,,0.00,,,0.00,,,,,,0.00,,,0.00,,,0.00,,0.00,,,0.00,,,,,,2.00,1,,1.00,,1.00,,,,0.00,,0.00,,,,,,0.00,,,5.00,1,,0.00,,,,,,0.00,,,,2,,3,,5-15 yrs,5-15 yrs,2,2,2,2,5,,0,,18821397,155825,V,74.38,11.11,11.11,11.11,11.11,17.71,17.71,17.71,17.71,20.24,20.24,20.24,20.24,0.00
United Kingdom,GBR,England,UK_ENG,STATE_TOTAL,20220610,0.00,,,,,,0.00,,,0.00,,,,,,0.00,,,0.00,,,,,,0.00,,,0.00,,,,,,0.00,,,0.00,,,,,,0.00,,,0.00,,,,,,0.00,,,0.00,,,,,,0.00,,,0.00,,,0.00,,0.00,,,0.00,,,,,,2.00,1,,1.00,,1.00,,,,0.00,,0.00,,,,,,0.00,,,5.00,1,,0.00,,,,,,0.00,,,,2,,3,,5-15 yrs,5-15 yrs,2,2,2,2,5,,0,,18830603,155877,V,74.39,11.11,11.11,11.11,11.11,17.71,17.71,17.71,17.71,20.24,20.24,20.24,20.24,0.00
United Kingdom,GBR,England,UK_ENG,STATE_TOTAL,20220611,0.00,,,,,,0.00,,,0.00,,,,,,0.00,,,0.00,,,,,,0.00,,,0.00,,,,,,0.00,,,0.00,,,,,,0.00,,,0.00,,,,,,0.00,,,0.00,,,,,,0.00,,,0.00,,,0.00,,0.00,,,0.00,,,,,,2.00,1,,1.00,,1.00,,,,0.00,,0.00,,,,,,0.00,,,5.00,1,,0.00,,,,,,0.00,,,,2,,3,,5-15 yrs,5-15 yrs,2,2,2,2,5,,0,,18830603,155877,V,74.41,11.11,11.11,11.11,11.11,17.71,17.71,17.71,17.71,20.24,20.24,20.24,20.24,0.00
United Kingdom,GBR,England,UK_ENG,STATE_TOTAL,20220612,0.00,,,,,,0.00,,,0.00,,,,,,0.00,,,0.00,,,,,,0.00,,,0.00,,,,,,0.00,,,0.00,,,,,,0.00,,,0.00,,,,,,0.00,,,0.00,,,,,,0.00,,,0.00,,,0.00,,0.00,,,0.00,,,,,,2.00,1,,1.00,,1.00,,,,0.00,,0.00,,,,,,0.00,,,5.00,1,,0.00,,,,,,0.00,,,,2,,3,,5-15 yrs,5-15 yrs,2,2,2,2,5,,0,,18830603,155877,V,74.41,11.11,11.11,11.11,11.11,17.71,17.71,17.71,17.71,20.24,20.24,20.24,20.24,0.00
United Kingdom,GBR,England,UK_ENG,STATE_TOTAL,20220613,0.00,,,,,,0.00,,,0.00,,,,,,0.00,,,0.00,,,,,,0.00,,,0.00,,,,,,0.00,,,0.00,,,,,,0.00,,,0.00,,,,,,0.00,,,0.00,,,,,,0.00,,,0.00,,,0.00,,0.00,,,0.00,,,,,,2.00,1,,1.00,,1.00,,,,0.00,,0.00,,,,,,0.00,,,5.00,1,,0.00,,,,,,0.00,,,,2,,3,,5-15 yrs,5-15 yrs,2,2,2,2,5,,0,,18858834,155934,V,74.42,11.11,11.11,11.11,11.11,17.71,17.71,17.71,17.71,20.24,20.24,20.24,20.24,0.00
United Kingdom,GBR,England,UK_ENG,STATE_TOTAL,20220614,0.00,,,,,,0.00,,,0.00,,,,,,0.00,,,0.00,,,,,,0.00,,,0.00,,,,,,0.00,,,0.00,,,,,,0.00,,,0.00,,,,,,0.00,,,0.00,,,,,,0.00,,,0.00,,,0.00,,0.00,,,0.00,,,,,,2.00,1,,1.00,,1.00,,,,0.00,,0.00,,,,,,0.00,,,5.00,1,,0.00,,,,,,0.00,,,,2,,3,,5-15 yrs,5-15 yrs,2,2,2,2,5,,0,,18870862,156023,V,74.42,11.11,11.11,11.11,11.11,17.71,17.71,17.71,17.71,20.24,20.24,20.24,20.24,0.00
United Kingdom,GBR,England,UK_ENG,STATE_TOTAL,20220615,0.00,,,,,,0.00,,,0.00,,,,,,0.00,,,0.00,,,,,,0.00,,,0.00,,,,,,0.00,,,0.00,,,,,,0.00,,,0.00,,,,,,0.00,,,0.00,,,,,,0.00,,,0.00,,,0.00,,0.00,,,0.00,,,,,,2.00,1,,1.00,,1.00,,,,0.00,,0.00,,,,,,0.00,,,5.00,1,,0.00,,,,,,0.00,,,,2,,3,,5-15 yrs,5-15 yrs,2,2,2,2,5,,0,,18884257,156071,V,74.43,11.11,11.11,11.11,11.11,17.71,17.71,17.71,17.71,20.24,20.24,20.24,20.24,0.00
United Kingdom,GBR,England,UK_ENG,STATE_TOTAL,20220616,0.00,,,,,,0.00,,,0.00,,,,,,0.00,,,0.00,,,,,,0.00,,,0.00,,,,,,0.00,,,0.00,,,,,,0.00,,,0.00,,,,,,0.00,,,0.00,,,,,,0.00,,,0.00,,,0.00,,0.00,,,0.00,,,,,,2.00,1,,1.00,,1.00,,,,0.00,,0.00,,,,,,0.00,,,5.00,1,,0.00,,,,,,0.00,,,,2,,3,,5-15 yrs,5-15 yrs,2,2,2,2,5,,0,,18896327,156121,V,74.44,11.11,11.11,11.11,11.11,17.71,17.71,17.71,17.71,20.24,20.24,20.24,20.24,0.00
United Kingdom,GBR,England,UK_ENG,STATE_TOTAL,20220617,0.00,,,,,,0.00,,,0.00,,,,,,0.00,,,0.00,,,,,,0.00,,,0.00,,,,,,0.00,,,0.00,,,,,,0.00,,,0.00,,,,,,0.00,,,0.00,,,,,,0.00,,,0.00,,,0.00,,0.00,,,0.00,,,,,,2.00,1,,1.00,,1.00,,,,0.00,,0.00,,,,,,0.00,,,5.00,1,,0.00,,,,,,0.00,,,,2,,3,,5-15 yrs,5-15 yrs,2,2,2,2,5,,0,,18908381,156186,V,74.45,11.11,11.11,11.11,11.11,17.71,17.71,17.71,17.71,20.24,20.24,20.24,20.24,0.00
United Kingdom,GBR,England,UK_ENG,STATE_TOTAL,20220618,0.00,,,,,,0.00,,,0.00,,,,,,0.00,,,0.00,,,,,,0.00,,,0.00,,,,,,0.00,,,0.00,,,,,,0.00,,,0.00,,,,,,0.00,,,0.00,,,,,,0.00,,,0.00,,,0.00,,0.00,,,0.00,,,,,,2.00,1,,1.00,,1.00,,,,0.00,,0.00,,,,,,0.00,,,5.00,1,,0.00,,,,,,0.00,,,,2,,3,,5-15 yrs,5-15 yrs,2,2,2,2,5,,0,,18908381,156186,V,74.46,11.11,11.11,11.11,11.11,17.71,17.71,17.71,17.71,20.24,20.24,20.24,20.24,0.00
United Kingdom,GBR,England,UK_ENG,STATE_TOTAL,20220619,0.00,,,,,,0.00,,,0.00,,,,,,0.00,,,0.00,,,,,,0.00,,,0.00,,,,,,0.00,,,0.00,,,,,,0.00,,,0.00,,,,,,0.00,,,0.00,,,,,,0.00,,,0.00,,,0.00,,0.00,,,0.00,,,,,,2.00,1,,1.00,,1.00,,,,0.00,,0.00,,,,,,0.00,,,5.00,1,,0.00,,,,,,0.00,,,,2,,3,,5-15 yrs,5-15 yrs,2,2,2,2,5,,0,,18908381,156186,V,74.47,11.11,11.11,11.11,11.11,17.71,17.71,17.71,17.71,20.24,20.24,20.24,20.24,0.00
United Kingdom,GBR,England,UK_ENG,STATE_TOTAL,20220620,0.00,,,,,,0.00,,,0.00,,,,,,0.00,,,0.00,,,,,,0.00,,,0.00,,,,,,0.00,,,0.00,,,,,,0.00,,,0.00,,,,,,0.00,,,0.00,,,,,,0.00,,,0.00,,,0.00,,0.00,,,0.00,,,,,,2.00,1,,1.00,,1.00,,,,0.00,,0.00,,,,,,0.00,,,5.00,1,,0.00,,,,,,0.00,,,,2,,3,,5-15 yrs,5-15 yrs,2,2,2,2,5,,0,,18944806,156250,V,74.47,11.11,11.11,11.11,11.11,17.71,17.71,17.71,17.71,20.24,20.24,20.24,20.24,0.00
United Kingdom,GBR,England,UK_ENG,STATE_TOTAL,20220621,0.00,,,,,,0.00,,,0.00,,,,,,0.00,,,0.00,,,,,,0.00,,,0.00,,,,,,0.00,,,0.00,,,,,,0.00,,,0.00,,,,,,0.00,,,0.00,,,,,,0.00,,,0.00,,,0.00,,0.00,,,0.00,,,,,,2.00,1,,1.00,,1.00,,,,0.00,,0.00,,,,,,0.00,,,5.00,1,,0.00,,,,,,0.00,,,,2,,3,,5-15 yrs,5-15 yrs,2,2,2,2,5,,0,,18961236,156355,V,74.48,11.11,11.11,11.11,11.11,17.71,17.71,17.71,17.71,20.24,20.24,20.24,20.24,0.00
United Kingdom,GBR,England,UK_ENG,STATE_TOTAL,20220622,0.00,,,,,,0.00,,,0.00,,,,,,0.00,,,0.00,,,,,,0.00,,,0.00,,,,,,0.00,,,0.00,,,,,,0.00,,,0.00,,,,,,0.00,,,0.00,,,,,,0.00,,,0.00,,,0.00,,0.00,,,0.00,,,,,,2.00,1,,1.00,,1.00,,,,0.00,,0.00,,,,,,0.00,,,5.00,1,,0.00,,,,,,0.00,,,,2,,3,,5-15 yrs,5-15 yrs,2,2,2,2,5,,0,,18978435,156432,V,74.49,11.11,11.11,11.11,11.11,17.71,17.71,17.71,17.71,20.24,20.24,20.24,20.24,0.00
United Kingdom,GBR,England,UK_ENG,STATE_TOTAL,20220623,0.00,,,,,,0.00,,,0.00,,,,,,0.00,,,0.00,,,,,,0.00,,,0.00,,,,,,0.00,,,0.00,,,,,,0.00,,,0.00,,,,,,0.00,,,0.00,,,,,,0.00,,,0.00,,,0.00,,0.00,,,0.00,,,,,,2.00,1,,1.00,,1.00,,,,0.00,,0.00,,,,,,0.00,,,5.00,1,,0.00,,,,,,0.00,,,,2,,3,,5-15 yrs,5-15 yrs,2,2,2,2,5,,0,,18995906,156496,V,74.50,11.11,11.11,11.11,11.11,17.71,17.71,17.71,17.71,20.24,20.24,20.24,20.24,0.00
United Kingdom,GBR,England,UK_ENG,STATE_TOTAL,20220624,0.00,,,,,,0.00,,,0.00,,,,,,0.00,,,0.00,,,,,,0.00,,,0.00,,,,,,0.00,,,0.00,,,,,,0.00,,,0.00,,,,,,0.00,,,0.00,,,,,,0.00,,,0.00,,,0.00,,0.00,,,0.00,,,,,,2.00,1,,1.00,,1.00,,,,0.00,,0.00,,,,,,0.00,,,5.00,1,,0.00,,,,,,0.00,,,,2,,3,,5-15 yrs,5-15 yrs,2,2,2,2,5,,0,,19012379,156564,V,74.51,11.11,11.11,11.11,11.11,17.71,17.71,17.71,17.71,20.24,20.24,20.24,20.24,0.00
United Kingdom,GBR,England,UK_ENG,STATE_TOTAL,20220625,0.00,,,,,,0.00,,,0.00,,,,,,0.00,,,0.00,,,,,,0.00,,,0.00,,,,,,0.00,,,0.00,,,,,,0.00,,,0.00,,,,,,0.00,,,0.00,,,,,,0.00,,,0.00,,,0.00,,0.00,,,0.00,,,,,,2.00,1,,1.00,,1.00,,,,0.00,,0.00,,,,,,0.00,,,5.00,1,,0.00,,,,,,0.00,,,,2,,3,,5-15 yrs,5-15 yrs,2,2,2,2,5,,0,,19012379,156564,V,74.52,11.11,11.11,11.11,11.11,17.71,17.71,17.71,17.71,20.24,20.24,20.24,20.24,0.00
United Kingdom,GBR,England,UK_ENG,STATE_TOTAL,20220626,0.00,,,,,,0.00,,,0.00,,,,,,0.00,,,0.00,,,,,,0.00,,,0.00,,,,,,0.00,,,0.00,,,,,,0.00,,,0.00,,,,,,0.00,,,0.00,,,,,,0.00,,,0.00,,,0.00,,0.00,,,0.00,,,,,,2.00,1,,1.00,,1.00,,,,0.00,,0.00,,,,,,0.00,,,5.00,1,,0.00,,,,,,0.00,,,,2,,3,,5-15 yrs,5-15 yrs,2,2,2,2,5,,0,,19012379,156564,V,74.53,11.11,11.11,11.11,11.11,17.71,17.71,17.71,17.71,20.24,20.24,20.24,20.24,0.00
United Kingdom,GBR,England,UK_ENG,STATE_TOTAL,20220627,0.00,,,,,,0.00,,,0.00,,,,,,0.00,,,0.00,,,,,,0.00,,,0.00,,,,,,0.00,,,0.00,,,,,,0.00,,,0.00,,,,,,0.00,,,0.00,,,,,,0.00,,,0.00,,,0.00,,0.00,,,0.00,,,,,,2.00,1,,1.00,,1.00,,,,0.00,,0.00,,,,,,0.00,,,5.00,1,,0.00,,,,,,0.00,,,,2,,3,,5-15 yrs,5-15 yrs,2,2,2,2,5,,0,,19059682,156648,V,74.54,11.11,11.11,11.11,11.11,17.71,17.71,17.71,17.71,20.24,20.24,20.24,20.24,0.00
United Kingdom,GBR,England,UK_ENG,STATE_TOTAL,20220628,0.00,,,,,,0.00,,,0.00,,,,,,0.00,,,0.00,,,,,,0.00,,,0.00,,,,,,0.00,,,0.00,,,,,,0.00,,,0.00,,,,,,0.00,,,0.00,,,,,,0.00,,,0.00,,,0.00,,0.00,,,0.00,,,,,,2.00,1,,1.00,,1.00,,,,0.00,,0.00,,,,,,0.00,,,5.00,1,,0.00,,,,,,0.00,,,,2,,3,,5-15 yrs,5-15 yrs,2,2,2,2,5,,0,,19081094,156765,V,74.55,11.11,11.11,11.11,11.11,17.71,17.71,17.71,17.71,20.24,20.24,20.24,20.24,0.00
United Kingdom,GBR,England,UK_ENG,STATE_TOTAL,20220629,0.00,,,,,,0.00,,,0.00,,,,,,0.00,,,0.00,,,,,,0.00,,,0.00,,,,,,0.00,,,0.00,,,,,,0.00,,,0.00,,,,,,0.00,,,0.00,,,,,,0.00,,,0.00,,,0.00,,0.00,,,0.00,,,,,,2.00,1,,1.00,,1.00,,,,0.00,,0.00,,,,,,0.00,,,5.00,1,,0.00,,,,,,0.00,,,,2,,3,,5-15 yrs,5-15 yrs,2,2,2,2,5,,0,,19102513,156882,V,74.56,11.11,11.11,11.11,11.11,17.71,17.71,17.71,17.71,20.24,20.24,20.24,20.24,0.00
United Kingdom,GBR,England,UK_ENG,STATE_TOTAL,20220630,0.00,,,,,,0.00,,,0.00,,,,,,0.00,,,0.00,,,,,,0.00,,,0.00,,,,,,0.00,,,0.00,,,,,,0.00,,,0.00,,,,,,0.00,,,0.00,,,,,,0.00,,,0.00,,,0.00,,0.00,,,0.00,,,,,,2.00,1,,1.00,,1.00,,,,0.00,,0.00,,,,,,0.00,,,5.00,1,,0.00,,,,,,0.00,,,,2,,3,,5-15 yrs,5-15 yrs,2,2,2,2,5,,0,,19124226,156950,V,74.57,11.11,11.11,11.11,11.11,17.71,17.71,17.71,17.71,20.24,20.24,20.24,20.24,0.00
United Kingdom,GBR,England,UK_ENG,STATE_TOTAL,20220701,0.00,,,,,,0.00,,,0.00,,,,,,0.00,,,0.00,,,,,,0.00,,,0.00,,,,,,0.00,,,0.00,,,,,,0.00,,,0.00,,,,,,0.00,,,0.00,,,,,,0.00,,,0.00,,,0.00,,0.00,,,0.00,,,,,,2.00,1,,1.00,,0.00,,,,0.00,,0.00,,,,,,0.00,,,5.00,1,,0.00,,,,,,0.00,,,,2,,3,,5-15 yrs,5-15 yrs,2,2,2,2,5,,0,,19144946,157037,V,74.58,11.11,11.11,11.11,11.11,14.58,14.58,14.58,14.58,16.67,16.67,16.67,16.67,0.00
United Kingdom,GBR,England,UK_ENG,STATE_TOTAL,20220702,0.00,,,,,,0.00,,,0.00,,,,,,0.00,,,0.00,,,,,,0.00,,,0.00,,,,,,0.00,,,0.00,,,,,,0.00,,,0.00,,,,,,0.00,,,0.00,,,,,,0.00,,,0.00,,,0.00,,0.00,,,0.00,,,,,,2.00,1,,1.00,,0.00,,,,0.00,,0.00,,,,,,0.00,,,5.00,1,,0.00,,,,,,0.00,,,,2,,3,,5-15 yrs,5-15 yrs,2,2,2,2,5,,0,,19144946,157037,V,74.61,11.11,11.11,11.11,11.11,14.58,14.58,14.58,14.58,16.67,16.67,16.67,16.67,0.00
United Kingdom,GBR,England,UK_ENG,STATE_TOTAL,20220703,0.00,,,,,,0.00,,,0.00,,,,,,0.00,,,0.00,,,,,,0.00,,,0.00,,,,,,0.00,,,0.00,,,,,,0.00,,,0.00,,,,,,0.00,,,0.00,,,,,,0.00,,,0.00,,,0.00,,0.00,,,0.00,,,,,,2.00,1,,1.00,,0.00,,,,0.00,,0.00,,,,,,0.00,,,5.00,1,,0.00,,,,,,0.00,,,,2,,3,,5-15 yrs,5-15 yrs,2,2,2,2,5,,0,,19144946,157037,V,74.63,11.11,11.11,11.11,11.11,14.58,14.58,14.58,14.58,16.67,16.67,16.67,16.67,0.00
United Kingdom,GBR,England,UK_ENG,STATE_TOTAL,20220704,0.00,,,,,,0.00,,,0.00,,,,,,0.00,,,0.00,,,,,,0.00,,,0.00,,,,,,0.00,,,0.00,,,,,,0.00,,,0.00,,,,,,0.00,,,0.00,,,,,,0.00,,,0.00,,,0.00,,0.00,,,0.00,,,,,,2.00,1,,1.00,,0.00,,,,0.00,,0.00,,,,,,0.00,,,5.00,1,,0.00,,,,,,0.00,,,,2,,3,,5-15 yrs,5-15 yrs,2,2,2,2,5,,0,,19144946,157037,V,74.64,11.11,11.11,11.11,11.11,14.58,14.58,14.58,14.58,16.67,16.67,16.67,16.67,0.00
United Kingdom,GBR,England,UK_ENG,STATE_TOTAL,20220705,0.00,,,,,,0.00,,,0.00,,,,,,0.00,,,0.00,,,,,,0.00,,,0.00,,,,,,0.00,,,0.00,,,,,,0.00,,,0.00,,,,,,0.00,,,0.00,,,,,,0.00,,,0.00,,,0.00,,0.00,,,0.00,,,,,,2.00,1,,1.00,,0.00,,,,0.00,,0.00,,,,,,0.00,,,5.00,1,,0.00,,,,,,0.00,,,,2,,3,,5-15 yrs,5-15 yrs,2,2,2,2,5,,0,,19144946,157037,V,74.65,11.11,11.11,11.11,11.11,14.58,14.58,14.58,14.58,16.67,16.67,16.67,16.67,0.00
United Kingdom,GBR,England,UK_ENG,STATE_TOTAL,20220706,0.00,,,,,,0.00,,,0.00,,,,,,0.00,,,0.00,,,,,,0.00,,,0.00,,,,,,0.00,,,0.00,,,,,,0.00,,,0.00,,,,,,0.00,,,0.00,,,,,,0.00,,,0.00,,,0.00,,0.00,,,0.00,,,,,,2.00,1,,1.00,,0.00,,,,0.00,,0.00,,,,,,0.00,,,5.00,1,,0.00,,,,,,0.00,,,,2,,3,,5-15 yrs,5-15 yrs,2,2,2,2,5,,0,,19265078,157338,V,74.67,11.11,11.11,11.11,11.11,14.58,14.58,14.58,14.58,16.67,16.67,16.67,16.67,0.00
United Kingdom,GBR,England,UK_ENG,STATE_TOTAL,20220707,0.00,,,,,,0.00,,,0.00,,,,,,0.00,,,0.00,,,,,,0.00,,,0.00,,,,,,0.00,,,0.00,,,,,,0.00,,,0.00,,,,,,0.00,,,0.00,,,,,,0.00,,,0.00,,,0.00,,0.00,,,0.00,,,,,,2.00,1,,1.00,,0.00,,,,0.00,,0.00,,,,,,0.00,,,5.00,1,,0.00,,,,,,0.00,,,,2,,3,,5-15 yrs,5-15 yrs,2,2,2,2,5,,0,,19265078,157338,V,74.68,11.11,11.11,11.11,11.11,14.58,14.58,14.58,14.58,16.67,16.67,16.67,16.67,0.00
United Kingdom,GBR,England,UK_ENG,STATE_TOTAL,20220708,0.00,,,,,,0.00,,,0.00,,,,,,0.00,,,0.00,,,,,,0.00,,,0.00,,,,,,0.00,,,0.00,,,,,,0.00,,,0.00,,,,,,0.00,,,0.00,,,,,,0.00,,,0.00,,,0.00,,0.00,,,0.00,,,,,,2.00,1,,1.00,,0.00,,,,0.00,,0.00,,,,,,0.00,,,5.00,1,,0.00,,,,,,0.00,,,,2,,3,,5-15 yrs,5-15 yrs,2,2,2,2,5,,0,,19265078,157338,V,74.70,11.11,11.11,11.11,11.11,14.58,14.58,14.58,14.58,16.67,16.67,16.67,16.67,0.00
United Kingdom,GBR,England,UK_ENG,STATE_TOTAL,20220709,0.00,,,,,,0.00,,,0.00,,,,,,0.00,,,0.00,,,,,,0.00,,,0.00,,,,,,0.00,,,0.00,,,,,,0.00,,,0.00,,,,,,0.00,,,0.00,,,,,,0.00,,,0.00,,,0.00,,0.00,,,0.00,,,,,,2.00,1,,1.00,,0.00,,,,0.00,,0.00,,,,,,0.00,,,5.00,1,,0.00,,,,,,0.00,,,,2,,3,,5-15 yrs,5-15 yrs,2,2,2,2,5,,0,,19265078,157338,V,74.73,11.11,11.11,11.11,11.11,14.58,14.58,14.58,14.58,16.67,16.67,16.67,16.67,0.00
United Kingdom,GBR,England,UK_ENG,STATE_TOTAL,20220710,0.00,,,,,,0.00,,,0.00,,,,,,0.00,,,0.00,,,,,,0.00,,,0.00,,,,,,0.00,,,0.00,,,,,,0.00,,,0.00,,,,,,0.00,,,0.00,,,,,,0.00,,,0.00,,,0.00,,0.00,,,0.00,,,,,,2.00,1,,1.00,,0.00,,,,0.00,,0.00,,,,,,0.00,,,5.00,1,,0.00,,,,,,0.00,,,,2,,3,,5-15 yrs,5-15 yrs,2,2,2,2,5,,0,,19265078,157338,V,74.75,11.11,11.11,11.11,11.11,14.58,14.58,14.58,14.58,16.67,16.67,16.67,16.67,0.00
United Kingdom,GBR,England,UK_ENG,STATE_TOTAL,20220711,0.00,,,,,,0.00,,,0.00,,,,,,0.00,,,0.00,,,,,,0.00,,,0.00,,,,,,0.00,,,0.00,,,,,,0.00,,,0.00,,,,,,0.00,,,0.00,,,,,,0.00,,,0.00,,,0.00,,0.00,,,0.00,,,,,,2.00,1,,1.00,,0.00,,,,0.00,,0.00,,,,,,0.00,,,5.00,1,,0.00,,,,,,0.00,,,,2,,3,,5-15 yrs,5-15 yrs,2,2,2,2,5,,0,,19265078,157338,V,74.76,11.11,11.11,11.11,11.11,14.58,14.58,14.58,14.58,16.67,16.67,16.67,16.67,0.00
United Kingdom,GBR,England,UK_ENG,STATE_TOTAL,20220712,0.00,,,,,,0.00,,,0.00,,,,,,0.00,,,0.00,,,,,,0.00,,,0.00,,,,,,0.00,,,0.00,,,,,,0.00,,,0.00,,,,,,0.00,,,0.00,,,,,,0.00,,,0.00,,,0.00,,0.00,,,0.00,,,,,,2.00,1,,1.00,,0.00,,,,0.00,,0.00,,,,,,0.00,,,5.00,1,,0.00,,,,,,0.00,,,,2,,3,,5-15 yrs,5-15 yrs,2,2,2,2,5,,0,,19265078,157338,V,74.77,11.11,11.11,11.11,11.11,14.58,14.58,14.58,14.58,16.67,16.67,16.67,16.67,0.00
United Kingdom,GBR,England,UK_ENG,STATE_TOTAL,20220713,0.00,,,,,,0.00,,,0.00,,,,,,0.00,,,0.00,,,,,,0.00,,,0.00,,,,,,0.00,,,0.00,,,,,,0.00,,,0.00,,,,,,0.00,,,0.00,,,,,,0.00,,,0.00,,,0.00,,0.00,,,0.00,,,,,,2.00,1,,1.00,,0.00,,,,0.00,,0.00,,,,,,0.00,,,5.00,1,,0.00,,,,,,0.00,,,,2,,3,,5-15 yrs,5-15 yrs,2,2,2,2,5,,0,,19436864,158188,V,74.78,11.11,11.11,11.11,11.11,14.58,14.58,14.58,14.58,16.67,16.67,16.67,16.67,0.00
United Kingdom,GBR,England,UK_ENG,STATE_TOTAL,20220714,0.00,,,,,,0.00,,,0.00,,,,,,0.00,,,0.00,,,,,,0.00,,,0.00,,,,,,0.00,,,0.00,,,,,,0.00,,,0.00,,,,,,0.00,,,0.00,,,,,,0.00,,,0.00,,,0.00,,0.00,,,0.00,,,,,,2.00,1,,1.00,,0.00,,,,0.00,,0.00,,,,,,0.00,,,5.00,1,,0.00,,,,,,0.00,,,,2,,3,,5-15 yrs,5-15 yrs,2,2,2,2,5,,0,,19436864,158188,V,74.80,11.11,11.11,11.11,11.11,14.58,14.58,14.58,14.58,16.67,16.67,16.67,16.67,0.00
United Kingdom,GBR,England,UK_ENG,STATE_TOTAL,20220715,0.00,,,,,,0.00,,,0.00,,,,,,0.00,,,0.00,,,,,,0.00,,,0.00,,,,,,0.00,,,0.00,,,,,,0.00,,,0.00,,,,,,0.00,,,0.00,,,,,,0.00,,,0.00,,,0.00,,0.00,,,0.00,,,,,,2.00,1,,1.00,,0.00,,,,0.00,,0.00,,,,,,0.00,,,5.00,1,,0.00,,,,,,0.00,,,,2,,3,,5-15 yrs,5-15 yrs,2,2,2,2,5,,0,,19436864,158188,V,74.81,11.11,11.11,11.11,11.11,14.58,14.58,14.58,14.58,16.67,16.67,16.67,16.67,0.00
United Kingdom,GBR,England,UK_ENG,STATE_TOTAL,20220716,0.00,,,,,,0.00,,,0.00,,,,,,0.00,,,0.00,,,,,,0.00,,,0.00,,,,,,0.00,,,0.00,,,,,,0.00,,,0.00,,,,,,0.00,,,0.00,,,,,,0.00,,,0.00,,,0.00,,0.00,,,0.00,,,,,,2.00,1,,1.00,,0.00,,,,0.00,,0.00,,,,,,0.00,,,5.00,1,,0.00,,,,,,0.00,,,,2,,3,,5-15 yrs,5-15 yrs,2,2,2,2,5,,0,,19436864,158188,V,74.85,11.11,11.11,11.11,11.11,14.58,14.58,14.58,14.58,16.67,16.67,16.67,16.67,0.00
United Kingdom,GBR,England,UK_ENG,STATE_TOTAL,20220717,0.00,,,,,,0.00,,,0.00,,,,,,0.00,,,0.00,,,,,,0.00,,,0.00,,,,,,0.00,,,0.00,,,,,,0.00,,,0.00,,,,,,0.00,,,0.00,,,,,,0.00,,,0.00,,,0.00,,0.00,,,0.00,,,,,,2.00,1,,1.00,,0.00,,,,0.00,,0.00,,,,,,0.00,,,5.00,1,,0.00,,,,,,0.00,,,,2,,3,,5-15 yrs,5-15 yrs,2,2,2,2,5,,0,,19436864,158188,V,74.87,11.11,11.11,11.11,11.11,14.58,14.58,14.58,14.58,16.67,16.67,16.67,16.67,0.00
United Kingdom,GBR,England,UK_ENG,STATE_TOTAL,20220718,0.00,,,,,,0.00,,,0.00,,,,,,0.00,,,0.00,,,,,,0.00,,,0.00,,,,,,0.00,,,0.00,,,,,,0.00,,,0.00,,,,,,0.00,,,0.00,,,,,,0.00,,,0.00,,,0.00,,0.00,,,0.00,,,,,,2.00,1,,1.00,,0.00,,,,0.00,,0.00,,,,,,0.00,,,5.00,1,,0.00,,,,,,0.00,,,,2,,3,,5-15 yrs,5-15 yrs,2,2,2,2,5,,0,,19436864,158188,V,74.88,11.11,11.11,11.11,11.11,14.58,14.58,14.58,14.58,16.67,16.67,16.67,16.67,0.00
United Kingdom,GBR,England,UK_ENG,STATE_TOTAL,20220719,0.00,,,,,,0.00,,,0.00,,,,,,0.00,,,0.00,,,,,,0.00,,,0.00,,,,,,0.00,,,0.00,,,,,,0.00,,,0.00,,,,,,0.00,,,0.00,,,,,,0.00,,,0.00,,,0.00,,0.00,,,0.00,,,,,,2.00,1,,1.00,,0.00,,,,0.00,,0.00,,,,,,0.00,,,5.00,1,,0.00,,,,,,0.00,,,,2,,3,,5-15 yrs,5-15 yrs,2,2,2,2,5,,0,,19436864,158188,V,74.89,11.11,11.11,11.11,11.11,14.58,14.58,14.58,14.58,16.67,16.67,16.67,16.67,0.00
United Kingdom,GBR,England,UK_ENG,STATE_TOTAL,20220720,0.00,,,,,,0.00,,,0.00,,,,,,0.00,,,0.00,,,,,,0.00,,,0.00,,,,,,0.00,,,0.00,,,,,,0.00,,,0.00,,,,,,0.00,,,0.00,,,,,,0.00,,,0.00,,,0.00,,0.00,,,0.00,,,,,,2.00,1,,1.00,,0.00,,,,0.00,,0.00,,,,,,0.00,,,5.00,1,,0.00,,,,,,0.00,,,,2,,3,,5-15 yrs,5-15 yrs,2,2,2,2,5,,0,,19560297,159288,V,74.90,11.11,11.11,11.11,11.11,14.58,14.58,14.58,14.58,16.67,16.67,16.67,16.67,0.00
United Kingdom,GBR,England,UK_ENG,STATE_TOTAL,20220721,0.00,,,,,,0.00,,,0.00,,,,,,0.00,,,0.00,,,,,,0.00,,,0.00,,,,,,0.00,,,0.00,,,,,,0.00,,,0.00,,,,,,0.00,,,0.00,,,,,,0.00,,,0.00,,,0.00,,0.00,,,0.00,,,,,,2.00,1,,1.00,,0.00,,,,0.00,,0.00,,,,,,0.00,,,5.00,1,,0.00,,,,,,0.00,,,,2,,3,,5-15 yrs,5-15 yrs,2,2,2,2,5,,0,,19560297,159288,V,74.91,11.11,11.11,11.11,11.11,14.58,14.58,14.58,14.58,16.67,16.67,16.67,16.67,0.00
United Kingdom,GBR,England,UK_ENG,STATE_TOTAL,20220722,0.00,,,,,,0.00,,,0.00,,,,,,0.00,,,0.00,,,,,,0.00,,,0.00,,,,,,0.00,,,0.00,,,,,,0.00,,,0.00,,,,,,0.00,,,0.00,,,,,,0.00,,,0.00,,,0.00,,0.00,,,0.00,,,,,,2.00,1,,1.00,,0.00,,,,0.00,,0.00,,,,,,0.00,,,5.00,1,,0.00,,,,,,0.00,,,,2,,3,,5-15 yrs,5-15 yrs,2,2,2,2,5,,0,,19560297,159288,V,74.93,11.11,11.11,11.11,11.11,14.58,14.58,14.58,14.58,16.67,16.67,16.67,16.67,0.00
United Kingdom,GBR,England,UK_ENG,STATE_TOTAL,20220723,0.00,,,,,,0.00,,,0.00,,,,,,0.00,,,0.00,,,,,,0.00,,,0.00,,,,,,0.00,,,0.00,,,,,,0.00,,,0.00,,,,,,0.00,,,0.00,,,,,,0.00,,,0.00,,,0.00,,0.00,,,0.00,,,,,,2.00,1,,1.00,,0.00,,,,0.00,,0.00,,,,,,0.00,,,5.00,1,,0.00,,,,,,0.00,,,,2,,3,,5-15 yrs,5-15 yrs,2,2,2,2,5,,0,,19560297,159288,V,74.96,11.11,11.11,11.11,11.11,14.58,14.58,14.58,14.58,16.67,16.67,16.67,16.67,0.00
United Kingdom,GBR,England,UK_ENG,STATE_TOTAL,20220724,0.00,,,,,,0.00,,,0.00,,,,,,0.00,,,0.00,,,,,,0.00,,,0.00,,,,,,0.00,,,0.00,,,,,,0.00,,,0.00,,,,,,0.00,,,0.00,,,,,,0.00,,,0.00,,,0.00,,0.00,,,0.00,,,,,,2.00,1,,1.00,,0.00,,,,0.00,,0.00,,,,,,0.00,,,5.00,1,,0.00,,,,,,0.00,,,,2,,3,,5-15 yrs,5-15 yrs,2,2,2,2,5,,0,,19560297,159288,V,74.98,11.11,11.11,11.11,11.11,14.58,14.58,14.58,14.58,16.67,16.67,16.67,16.67,0.00
United Kingdom,GBR,England,UK_ENG,STATE_TOTAL,20220725,0.00,,,,,,0.00,,,0.00,,,,,,0.00,,,0.00,,,,,,0.00,,,0.00,,,,,,0.00,,,0.00,,,,,,0.00,,,0.00,,,,,,0.00,,,0.00,,,,,,0.00,,,0.00,,,0.00,,0.00,,,0.00,,,,,,2.00,1,,1.00,,0.00,,,,0.00,,0.00,,,,,,0.00,,,5.00,1,,0.00,,,,,,0.00,,,,2,,3,,5-15 yrs,5-15 yrs,2,2,2,2,5,,0,,19560297,159288,V,74.99,11.11,11.11,11.11,11.11,14.58,14.58,14.58,14.58,16.67,16.67,16.67,16.67,0.00
United Kingdom,GBR,England,UK_ENG,STATE_TOTAL,20220726,0.00,,,,,,0.00,,,0.00,,,,,,0.00,,,0.00,,,,,,0.00,,,0.00,,,,,,0.00,,,0.00,,,,,,0.00,,,0.00,,,,,,0.00,,,0.00,,,,,,0.00,,,0.00,,,0.00,,0.00,,,0.00,,,,,,2.00,1,,1.00,,0.00,,,,0.00,,0.00,,,,,,0.00,,,5.00,1,,0.00,,,,,,0.00,,,,2,,3,,5-15 yrs,5-15 yrs,2,2,2,2,5,,0,,19560297,159288,V,75.01,11.11,11.11,11.11,11.11,14.58,14.58,14.58,14.58,16.67,16.67,16.67,16.67,0.00
United Kingdom,GBR,England,UK_ENG,STATE_TOTAL,20220727,0.00,,,,,,0.00,,,0.00,,,,,,0.00,,,0.00,,,,,,0.00,,,0.00,,,,,,0.00,,,0.00,,,,,,0.00,,,0.00,,,,,,0.00,,,0.00,,,,,,0.00,,,0.00,,,0.00,,0.00,,,0.00,,,,,,2.00,1,,1.00,,0.00,,,,0.00,,0.00,,,,,,0.00,,,5.00,1,,0.00,,,,,,0.00,,,,2,,3,,5-15 yrs,5-15 yrs,2,2,2,2,5,,0,,19642180,160485,V,75.02,11.11,11.11,11.11,11.11,14.58,14.58,14.58,14.58,16.67,16.67,16.67,16.67,0.00
United Kingdom,GBR,England,UK_ENG,STATE_TOTAL,20220728,0.00,,,,,,0.00,,,0.00,,,,,,0.00,,,0.00,,,,,,0.00,,,0.00,,,,,,0.00,,,0.00,,,,,,0.00,,,0.00,,,,,,0.00,,,0.00,,,,,,0.00,,,0.00,,,0.00,,0.00,,,0.00,,,,,,2.00,1,,1.00,,0.00,,,,0.00,,0.00,,,,,,0.00,,,5.00,1,,0.00,,,,,,0.00,,,,2,,3,,5-15 yrs,5-15 yrs,2,2,2,2,5,,0,,19642180,160485,V,75.04,11.11,11.11,11.11,11.11,14.58,14.58,14.58,14.58,16.67,16.67,16.67,16.67,0.00
United Kingdom,GBR,England,UK_ENG,STATE_TOTAL,20220729,0.00,,,,,,0.00,,,0.00,,,,,,0.00,,,0.00,,,,,,0.00,,,0.00,,,,,,0.00,,,0.00,,,,,,0.00,,,0.00,,,,,,0.00,,,0.00,,,,,,0.00,,,0.00,,,0.00,,0.00,,,0.00,,,,,,2.00,1,,1.00,,0.00,,,,0.00,,0.00,,,,,,0.00,,,5.00,1,,0.00,,,,,,0.00,,,,2,,3,,5-15 yrs,5-15 yrs,2,2,2,2,5,,0,,19642180,160485,V,75.05,11.11,11.11,11.11,11.11,14.58,14.58,14.58,14.58,16.67,16.67,16.67,16.67,0.00
United Kingdom,GBR,England,UK_ENG,STATE_TOTAL,20220730,0.00,,,,,,0.00,,,0.00,,,,,,0.00,,,0.00,,,,,,0.00,,,0.00,,,,,,0.00,,,0.00,,,,,,0.00,,,0.00,,,,,,0.00,,,0.00,,,,,,0.00,,,0.00,,,0.00,,0.00,,,0.00,,,,,,2.00,1,,1.00,,0.00,,,,0.00,,0.00,,,,,,0.00,,,5.00,1,,0.00,,,,,,0.00,,,,2,,3,,5-15 yrs,5-15 yrs,2,2,2,2,5,,0,,19642180,160485,V,75.08,11.11,11.11,11.11,11.11,14.58,14.58,14.58,14.58,16.67,16.67,16.67,16.67,0.00
United Kingdom,GBR,England,UK_ENG,STATE_TOTAL,20220731,0.00,,,,,,0.00,,,0.00,,,,,,0.00,,,0.00,,,,,,0.00,,,0.00,,,,,,0.00,,,0.00,,,,,,0.00,,,0.00,,,,,,0.00,,,0.00,,,,,,0.00,,,0.00,,,0.00,,0.00,,,0.00,,,,,,2.00,1,,1.00,,0.00,,,,0.00,,0.00,,,,,,0.00,,,5.00,1,,0.00,,,,,,0.00,,,,2,,3,,5-15 yrs,5-15 yrs,2,2,2,2,5,,0,,19642180,160485,V,75.09,11.11,11.11,11.11,11.11,14.58,14.58,14.58,14.58,16.67,16.67,16.67,16.67,0.00
United Kingdom,GBR,England,UK_ENG,STATE_TOTAL,20220801,0.00,,,,,,0.00,,,0.00,,,,,,0.00,,,0.00,,,,,,0.00,,,0.00,,,,,,0.00,,,0.00,,,,,,0.00,,,0.00,,,,,,0.00,,,0.00,,,,,,0.00,,,0.00,,,0.00,,0.00,,,0.00,,,,,,2.00,1,,1.00,,0.00,,,,0.00,,0.00,,,,,,0.00,,,5.00,1,,0.00,,,,,,0.00,,,,2,,3,,5-15 yrs,5-15 yrs,2,2,2,2,5,,0,,19642180,160485,V,75.10,11.11,11.11,11.11,11.11,14.58,14.58,14.58,14.58,16.67,16.67,16.67,16.67,0.00
United Kingdom,GBR,England,UK_ENG,STATE_TOTAL,20220802,0.00,,,,,,0.00,,,0.00,,,,,,0.00,,,0.00,,,,,,0.00,,,0.00,,,,,,0.00,,,0.00,,,,,,0.00,,,0.00,,,,,,0.00,,,0.00,,,,,,0.00,,,0.00,,,0.00,,0.00,,,0.00,,,,,,2.00,1,,1.00,,0.00,,,,0.00,,0.00,,,,,,0.00,,,5.00,1,,0.00,,,,,,0.00,,,,2,,3,,5-15 yrs,5-15 yrs,2,2,2,2,5,,0,,19642180,160485,V,75.11,11.11,11.11,11.11,11.11,14.58,14.58,14.58,14.58,16.67,16.67,16.67,16.67,0.00
United Kingdom,GBR,England,UK_ENG,STATE_TOTAL,20220803,0.00,,,,,,0.00,,,0.00,,,,,,0.00,,,0.00,,,,,,0.00,,,0.00,,,,,,0.00,,,0.00,,,,,,0.00,,,0.00,,,,,,0.00,,,0.00,,,,,,0.00,,,0.00,,,0.00,,0.00,,,0.00,,,,,,2.00,1,,1.00,,0.00,,,,0.00,,0.00,,,,,,0.00,,,5.00,1,,0.00,,,,,,0.00,,,,2,,3,,5-15 yrs,5-15 yrs,2,2,2,2,5,,0,,19699384,161560,V,75.12,11.11,11.11,11.11,11.11,14.58,14.58,14.58,14.58,16.67,16.67,16.67,16.67,0.00
United Kingdom,GBR,England,UK_ENG,STATE_TOTAL,20220804,0.00,,,,,,0.00,,,0.00,,,,,,0.00,,,0.00,,,,,,0.00,,,0.00,,,,,,0.00,,,0.00,,,,,,0.00,,,0.00,,,,,,0.00,,,0.00,,,,,,0.00,,,0.00,,,0.00,,0.00,,,0.00,,,,,,2.00,1,,1.00,,0.00,,,,0.00,,0.00,,,,,,0.00,,,5.00,1,,0.00,,,,,,0.00,,,,2,,3,,5-15 yrs,5-15 yrs,2,2,2,2,5,,0,,19699384,161560,V,75.13,11.11,11.11,11.11,11.11,14.58,14.58,14.58,14.58,16.67,16.67,16.67,16.67,0.00
United Kingdom,GBR,England,UK_ENG,STATE_TOTAL,20220805,0.00,,,,,,0.00,,,0.00,,,,,,0.00,,,0.00,,,,,,0.00,,,0.00,,,,,,0.00,,,0.00,,,,,,0.00,,,0.00,,,,,,0.00,,,0.00,,,,,,0.00,,,0.00,,,0.00,,0.00,,,0.00,,,,,,2.00,1,,1.00,,0.00,,,,0.00,,0.00,,,,,,0.00,,,5.00,1,,0.00,,,,,,0.00,,,,2,,3,,5-15 yrs,5-15 yrs,2,2,2,2,5,,0,,19699384,161560,V,75.14,11.11,11.11,11.11,11.11,14.58,14.58,14.58,14.58,16.67,16.67,16.67,16.67,0.00
United Kingdom,GBR,England,UK_ENG,STATE_TOTAL,20220806,0.00,,,,,,0.00,,,0.00,,,,,,0.00,,,0.00,,,,,,0.00,,,0.00,,,,,,0.00,,,0.00,,,,,,0.00,,,0.00,,,,,,0.00,,,0.00,,,,,,0.00,,,0.00,,,0.00,,0.00,,,0.00,,,,,,2.00,1,,1.00,,0.00,,,,0.00,,0.00,,,,,,0.00,,,5.00,1,,0.00,,,,,,0.00,,,,2,,3,,5-15 yrs,5-15 yrs,2,2,2,2,5,,0,,19699384,161560,V,75.16,11.11,11.11,11.11,11.11,14.58,14.58,14.58,14.58,16.67,16.67,16.67,16.67,0.00
United Kingdom,GBR,England,UK_ENG,STATE_TOTAL,20220807,0.00,,,,,,0.00,,,0.00,,,,,,0.00,,,0.00,,,,,,0.00,,,0.00,,,,,,0.00,,,0.00,,,,,,0.00,,,0.00,,,,,,0.00,,,0.00,,,,,,0.00,,,0.00,,,0.00,,0.00,,,0.00,,,,,,2.00,1,,1.00,,0.00,,,,0.00,,0.00,,,,,,0.00,,,5.00,1,,0.00,,,,,,0.00,,,,2,,3,,5-15 yrs,5-15 yrs,2,2,2,2,5,,0,,19699384,161560,V,75.17,11.11,11.11,11.11,11.11,14.58,14.58,14.58,14.58,16.67,16.67,16.67,16.67,0.00
United Kingdom,GBR,England,UK_ENG,STATE_TOTAL,20220808,0.00,,,,,,0.00,,,0.00,,,,,,0.00,,,0.00,,,,,,0.00,,,0.00,,,,,,0.00,,,0.00,,,,,,0.00,,,0.00,,,,,,0.00,,,0.00,,,,,,0.00,,,0.00,,,0.00,,0.00,,,0.00,,,,,,2.00,1,,1.00,,0.00,,,,0.00,,0.00,,,,,,0.00,,,5.00,1,,0.00,,,,,,0.00,,,,2,,3,,5-15 yrs,5-15 yrs,2,2,2,2,5,,0,,19699384,161560,V,75.18,11.11,11.11,11.11,11.11,14.58,14.58,14.58,14.58,16.67,16.67,16.67,16.67,0.00
United Kingdom,GBR,England,UK_ENG,STATE_TOTAL,20220809,0.00,,,,,,0.00,,,0.00,,,,,,0.00,,,0.00,,,,,,0.00,,,0.00,,,,,,0.00,,,0.00,,,,,,0.00,,,0.00,,,,,,0.00,,,0.00,,,,,,0.00,,,0.00,,,0.00,,0.00,,,0.00,,,,,,2.00,1,,1.00,,0.00,,,,0.00,,0.00,,,,,,0.00,,,5.00,1,,0.00,,,,,,0.00,,,,2,,3,,5-15 yrs,5-15 yrs,2,2,2,2,5,,0,,19699384,161560,V,75.19,11.11,11.11,11.11,11.11,14.58,14.58,14.58,14.58,16.67,16.67,16.67,16.67,0.00
United Kingdom,GBR,England,UK_ENG,STATE_TOTAL,20220810,0.00,,,,,,0.00,,,0.00,,,,,,0.00,,,0.00,,,,,,0.00,,,0.00,,,,,,0.00,,,0.00,,,,,,0.00,,,0.00,,,,,,0.00,,,0.00,,,,,,0.00,,,0.00,,,0.00,,0.00,,,0.00,,,,,,2.00,1,,1.00,,0.00,,,,0.00,,0.00,,,,,,0.00,,,5.00,1,,0.00,,,,,,0.00,,,,2,,3,,5-15 yrs,5-15 yrs,2,2,2,2,5,,0,,19745612,162550,V,75.20,11.11,11.11,11.11,11.11,14.58,14.58,14.58,14.58,16.67,16.67,16.67,16.67,0.00
United Kingdom,GBR,England,UK_ENG,STATE_TOTAL,20220811,0.00,,,,,,0.00,,,0.00,,,,,,0.00,,,0.00,,,,,,0.00,,,0.00,,,,,,0.00,,,0.00,,,,,,0.00,,,0.00,,,,,,0.00,,,0.00,,,,,,0.00,,,0.00,,,0.00,,0.00,,,0.00,,,,,,2.00,1,,1.00,,0.00,,,,0.00,,0.00,,,,,,0.00,,,5.00,1,,0.00,,,,,,0.00,,,,2,,3,,5-15 yrs,5-15 yrs,2,2,2,2,5,,0,,19745612,162550,V,75.21,11.11,11.11,11.11,11.11,14.58,14.58,14.58,14.58,16.67,16.67,16.67,16.67,0.00
United Kingdom,GBR,England,UK_ENG,STATE_TOTAL,20220812,0.00,,,,,,0.00,,,0.00,,,,,,0.00,,,0.00,,,,,,0.00,,,0.00,,,,,,0.00,,,0.00,,,,,,0.00,,,0.00,,,,,,0.00,,,0.00,,,,,,0.00,,,0.00,,,0.00,,0.00,,,0.00,,,,,,2.00,1,,1.00,,0.00,,,,0.00,,0.00,,,,,,0.00,,,5.00,1,,0.00,,,,,,0.00,,,,2,,3,,5-15 yrs,5-15 yrs,2,2,2,2,5,,0,,19745612,162550,V,75.22,11.11,11.11,11.11,11.11,14.58,14.58,14.58,14.58,16.67,16.67,16.67,16.67,0.00
United Kingdom,GBR,England,UK_ENG,STATE_TOTAL,20220813,0.00,,,,,,0.00,,,0.00,,,,,,0.00,,,0.00,,,,,,0.00,,,0.00,,,,,,0.00,,,0.00,,,,,,0.00,,,0.00,,,,,,0.00,,,0.00,,,,,,0.00,,,0.00,,,0.00,,0.00,,,0.00,,,,,,2.00,1,,1.00,,0.00,,,,0.00,,0.00,,,,,,0.00,,,5.00,1,,0.00,,,,,,0.00,,,,2,,3,,5-15 yrs,5-15 yrs,2,2,2,2,5,,0,,19745612,162550,V,75.23,11.11,11.11,11.11,11.11,14.58,14.58,14.58,14.58,16.67,16.67,16.67,16.67,0.00
United Kingdom,GBR,England,UK_ENG,STATE_TOTAL,20220814,0.00,,,,,,0.00,,,0.00,,,,,,0.00,,,0.00,,,,,,0.00,,,0.00,,,,,,0.00,,,0.00,,,,,,0.00,,,0.00,,,,,,0.00,,,0.00,,,,,,0.00,,,0.00,,,0.00,,0.00,,,0.00,,,,,,2.00,1,,1.00,,0.00,,,,0.00,,0.00,,,,,,0.00,,,5.00,1,,0.00,,,,,,0.00,,,,2,,3,,5-15 yrs,5-15 yrs,2,2,2,2,5,,0,,19745612,162550,V,75.24,11.11,11.11,11.11,11.11,14.58,14.58,14.58,14.58,16.67,16.67,16.67,16.67,0.00
United Kingdom,GBR,England,UK_ENG,STATE_TOTAL,20220815,0.00,,,,,,0.00,,,0.00,,,,,,0.00,,,0.00,,,,,,0.00,,,0.00,,,,,,0.00,,,0.00,,,,,,0.00,,,0.00,,,,,,0.00,,,0.00,,,,,,0.00,,,0.00,,,0.00,,0.00,,,0.00,,,,,,2.00,1,,1.00,,0.00,,,,0.00,,0.00,,,,,,0.00,,,5.00,1,,0.00,,,,,,0.00,,,,2,,3,,5-15 yrs,5-15 yrs,2,2,2,2,5,,0,,19745612,162550,V,75.25,11.11,11.11,11.11,11.11,14.58,14.58,14.58,14.58,16.67,16.67,16.67,16.67,0.00
United Kingdom,GBR,England,UK_ENG,STATE_TOTAL,20220816,0.00,,,,,,0.00,,,0.00,,,,,,0.00,,,0.00,,,,,,0.00,,,0.00,,,,,,0.00,,,0.00,,,,,,0.00,,,0.00,,,,,,0.00,,,0.00,,,,,,0.00,,,0.00,,,0.00,,0.00,,,0.00,,,,,,2.00,1,,1.00,,0.00,,,,0.00,,0.00,,,,,,0.00,,,5.00,1,,0.00,,,,,,0.00,,,,2,,3,,5-15 yrs,5-15 yrs,2,2,2,2,5,,0,,19745612,162550,V,75.26,11.11,11.11,11.11,11.11,14.58,14.58,14.58,14.58,16.67,16.67,16.67,16.67,0.00
United Kingdom,GBR,England,UK_ENG,STATE_TOTAL,20220817,0.00,,,,,,0.00,,,0.00,,,,,,0.00,,,0.00,,,,,,0.00,,,0.00,,,,,,0.00,,,0.00,,,,,,0.00,,,0.00,,,,,,0.00,,,0.00,,,,,,0.00,,,0.00,,,0.00,,0.00,,,0.00,,,,,,2.00,1,,1.00,,0.00,,,,0.00,,0.00,,,,,,0.00,,,5.00,1,,0.00,,,,,,0.00,,,,2,,3,,5-15 yrs,5-15 yrs,2,2,2,2,5,,0,,19780734,163445,V,75.27,11.11,11.11,11.11,11.11,14.58,14.58,14.58,14.58,16.67,16.67,16.67,16.67,0.00
United Kingdom,GBR,England,UK_ENG,STATE_TOTAL,20220818,0.00,,,,,,0.00,,,0.00,,,,,,0.00,,,0.00,,,,,,0.00,,,0.00,,,,,,0.00,,,0.00,,,,,,0.00,,,0.00,,,,,,0.00,,,0.00,,,,,,0.00,,,0.00,,,0.00,,0.00,,,0.00,,,,,,1.00,1,,1.00,,0.00,,,,0.00,,0.00,,,,,,0.00,,,5.00,1,,0.00,,,,,,0.00,,,,2,,3,,5-15 yrs,5-15 yrs,2,2,2,2,5,,0,,19780734,163445,V,75.28,5.56,5.56,5.56,5.56,11.46,11.46,11.46,11.46,13.10,13.10,13.10,13.10,0.00
United Kingdom,GBR,England,UK_ENG,STATE_TOTAL,20220819,0.00,,,,,,0.00,,,0.00,,,,,,0.00,,,0.00,,,,,,0.00,,,0.00,,,,,,0.00,,,0.00,,,,,,0.00,,,0.00,,,,,,0.00,,,0.00,,,,,,0.00,,,0.00,,,0.00,,0.00,,,0.00,,,,,,1.00,1,,1.00,,0.00,,,,0.00,,0.00,,,,,,0.00,,,5.00,1,,0.00,,,,,,0.00,,,,2,,3,,5-15 yrs,5-15 yrs,2,2,2,2,5,,0,,19780734,163445,V,75.29,5.56,5.56,5.56,5.56,11.46,11.46,11.46,11.46,13.10,13.10,13.10,13.10,0.00
United Kingdom,GBR,England,UK_ENG,STATE_TOTAL,20220820,0.00,,,,,,0.00,,,0.00,,,,,,0.00,,,0.00,,,,,,0.00,,,0.00,,,,,,0.00,,,0.00,,,,,,0.00,,,0.00,,,,,,0.00,,,0.00,,,,,,0.00,,,0.00,,,0.00,,0.00,,,0.00,,,,,,1.00,1,,1.00,,0.00,,,,0.00,,0.00,,,,,,0.00,,,5.00,1,,0.00,,,,,,0.00,,,,2,,3,,5-15 yrs,5-15 yrs,2,2,2,2,5,,0,,19780734,163445,V,75.30,5.56,5.56,5.56,5.56,11.46,11.46,11.46,11.46,13.10,13.10,13.10,13.10,0.00
United Kingdom,GBR,England,UK_ENG,STATE_TOTAL,20220821,0.00,,,,,,0.00,,,0.00,,,,,,0.00,,,0.00,,,,,,0.00,,,0.00,,,,,,0.00,,,0.00,,,,,,0.00,,,0.00,,,,,,0.00,,,0.00,,,,,,0.00,,,0.00,,,0.00,,0.00,,,0.00,,,,,,1.00,1,,1.00,,0.00,,,,0.00,,0.00,,,,,,0.00,,,5.00,1,,0.00,,,,,,0.00,,,,2,,3,,5-15 yrs,5-15 yrs,2,2,2,2,5,,0,,19780734,163445,V,75.31,5.56,5.56,5.56,5.56,11.46,11.46,11.46,11.46,13.10,13.10,13.10,13.10,0.00
United Kingdom,GBR,England,UK_ENG,STATE_TOTAL,20220822,0.00,,,,,,0.00,,,0.00,,,,,,0.00,,,0.00,,,,,,0.00,,,0.00,,,,,,0.00,,,0.00,,,,,,0.00,,,0.00,,,,,,0.00,,,0.00,,,,,,0.00,,,0.00,,,0.00,,0.00,,,0.00,,,,,,1.00,1,,1.00,,0.00,,,,0.00,,0.00,,,,,,0.00,,,5.00,1,,0.00,,,,,,0.00,,,,2,,3,,5-15 yrs,5-15 yrs,2,2,2,2,5,,0,,19780734,163445,V,75.32,5.56,5.56,5.56,5.56,11.46,11.46,11.46,11.46,13.10,13.10,13.10,13.10,0.00
United Kingdom,GBR,England,UK_ENG,STATE_TOTAL,20220823,0.00,,,,,,0.00,,,0.00,,,,,,0.00,,,0.00,,,,,,0.00,,,0.00,,,,,,0.00,,,0.00,,,,,,0.00,,,0.00,,,,,,0.00,,,0.00,,,,,,0.00,,,0.00,,,0.00,,0.00,,,0.00,,,,,,1.00,1,,1.00,,0.00,,,,0.00,,0.00,,,,,,0.00,,,5.00,1,,0.00,,,,,,0.00,,,,2,,3,,5-15 yrs,5-15 yrs,2,2,2,2,5,,0,,19780734,163445,V,75.32,5.56,5.56,5.56,5.56,11.46,11.46,11.46,11.46,13.10,13.10,13.10,13.10,0.00
United Kingdom,GBR,England,UK_ENG,STATE_TOTAL,20220824,0.00,,,,,,0.00,,,0.00,,,,,,0.00,,,0.00,,,,,,0.00,,,0.00,,,,,,0.00,,,0.00,,,,,,0.00,,,0.00,,,,,,0.00,,,0.00,,,,,,0.00,,,0.00,,,0.00,,0.00,,,0.00,,,,,,1.00,1,,1.00,,0.00,,,,0.00,,0.00,,,,,,0.00,,,5.00,1,,0.00,,,,,,0.00,,,,2,,3,,5-15 yrs,5-15 yrs,2,2,2,2,5,,0,,19808426,164168,V,75.33,5.56,5.56,5.56,5.56,11.46,11.46,11.46,11.46,13.10,13.10,13.10,13.10,0.00
United Kingdom,GBR,England,UK_ENG,STATE_TOTAL,20220825,0.00,,,,,,0.00,,,0.00,,,,,,0.00,,,0.00,,,,,,0.00,,,0.00,,,,,,0.00,,,0.00,,,,,,0.00,,,0.00,,,,,,0.00,,,0.00,,,,,,0.00,,,0.00,,,0.00,,0.00,,,0.00,,,,,,1.00,1,,1.00,,0.00,,,,0.00,,0.00,,,,,,0.00,,,5.00,1,,0.00,,,,,,0.00,,,,2,,3,,5-15 yrs,5-15 yrs,2,2,2,2,5,,0,,19808426,164168,V,75.35,5.56,5.56,5.56,5.56,11.46,11.46,11.46,11.46,13.10,13.10,13.10,13.10,0.00
United Kingdom,GBR,England,UK_ENG,STATE_TOTAL,20220826,0.00,,,,,,0.00,,,0.00,,,,,,0.00,,,0.00,,,,,,0.00,,,0.00,,,,,,0.00,,,0.00,,,,,,0.00,,,0.00,,,,,,0.00,,,0.00,,,,,,0.00,,,0.00,,,0.00,,0.00,,,0.00,,,,,,1.00,1,,1.00,,0.00,,,,0.00,,0.00,,,,,,0.00,,,5.00,1,,0.00,,,,,,0.00,,,,2,,3,,5-15 yrs,5-15 yrs,2,2,2,2,5,,0,,19808426,164168,V,75.36,5.56,5.56,5.56,5.56,11.46,11.46,11.46,11.46,13.10,13.10,13.10,13.10,0.00
United Kingdom,GBR,England,UK_ENG,STATE_TOTAL,20220827,0.00,,,,,,0.00,,,0.00,,,,,,0.00,,,0.00,,,,,,0.00,,,0.00,,,,,,0.00,,,0.00,,,,,,0.00,,,0.00,,,,,,0.00,,,0.00,,,,,,0.00,,,0.00,,,0.00,,0.00,,,0.00,,,,,,1.00,1,,1.00,,0.00,,,,0.00,,0.00,,,,,,0.00,,,5.00,1,,0.00,,,,,,0.00,,,,2,,3,,5-15 yrs,5-15 yrs,2,2,2,2,5,,0,,19808426,164168,V,75.37,5.56,5.56,5.56,5.56,11.46,11.46,11.46,11.46,13.10,13.10,13.10,13.10,0.00
United Kingdom,GBR,England,UK_ENG,STATE_TOTAL,20220828,0.00,,,,,,0.00,,,0.00,,,,,,0.00,,,0.00,,,,,,0.00,,,0.00,,,,,,0.00,,,0.00,,,,,,0.00,,,0.00,,,,,,0.00,,,0.00,,,,,,0.00,,,0.00,,,0.00,,0.00,,,0.00,,,,,,1.00,1,,1.00,,0.00,,,,0.00,,0.00,,,,,,0.00,,,5.00,1,,0.00,,,,,,0.00,,,,2,,3,,5-15 yrs,5-15 yrs,2,2,2,2,5,,0,,19808426,164168,V,75.37,5.56,5.56,5.56,5.56,11.46,11.46,11.46,11.46,13.10,13.10,13.10,13.10,0.00
United Kingdom,GBR,England,UK_ENG,STATE_TOTAL,20220829,0.00,,,,,,0.00,,,0.00,,,,,,0.00,,,0.00,,,,,,0.00,,,0.00,,,,,,0.00,,,0.00,,,,,,0.00,,,0.00,,,,,,0.00,,,0.00,,,,,,0.00,,,0.00,,,0.00,,0.00,,,0.00,,,,,,1.00,1,,1.00,,0.00,,,,0.00,,0.00,,,,,,0.00,,,5.00,1,,0.00,,,,,,0.00,,,,2,,3,,5-15 yrs,5-15 yrs,2,2,2,2,5,,0,,19808426,164168,V,75.37,5.56,5.56,5.56,5.56,11.46,11.46,11.46,11.46,13.10,13.10,13.10,13.10,0.00
United Kingdom,GBR,England,UK_ENG,STATE_TOTAL,20220830,0.00,,,,,,0.00,,,0.00,,,,,,0.00,,,0.00,,,,,,0.00,,,0.00,,,,,,0.00,,,0.00,,,,,,0.00,,,0.00,,,,,,0.00,,,0.00,,,,,,0.00,,,0.00,,,0.00,,0.00,,,0.00,,,,,,1.00,1,,1.00,,0.00,,,,0.00,,0.00,,,,,,0.00,,,5.00,1,,0.00,,,,,,0.00,,,,2,,3,,5-15 yrs,5-15 yrs,2,2,2,2,5,,0,,19808426,164168,V,75.38,5.56,5.56,5.56,5.56,11.46,11.46,11.46,11.46,13.10,13.10,13.10,13.10,0.00
United Kingdom,GBR,England,UK_ENG,STATE_TOTAL,20220831,0.00,,,,,,0.00,,,0.00,,,,,,0.00,,,0.00,,,,,,0.00,,,0.00,,,,,,0.00,,,0.00,,,,,,0.00,,,0.00,,,,,,0.00,,,0.00,,,,,,0.00,,,0.00,,,0.00,,0.00,,,0.00,,,,,,1.00,1,,1.00,,0.00,,,,0.00,,0.00,,,,,,0.00,,,5.00,1,,0.00,,,,,,0.00,,,,2,,3,,5-15 yrs,5-15 yrs,2,2,2,2,5,,0,,19833314,164624,V,75.39,5.56,5.56,5.56,5.56,11.46,11.46,11.46,11.46,13.10,13.10,13.10,13.10,0.00
United Kingdom,GBR,England,UK_ENG,STATE_TOTAL,20220901,0.00,,,,,,0.00,,,0.00,,,,,,0.00,,,0.00,,,,,,0.00,,,0.00,,,,,,0.00,,,0.00,,,,,,0.00,,,0.00,,,,,,0.00,,,0.00,,,,,,0.00,,,0.00,,,0.00,,0.00,,,0.00,,,,,,1.00,1,,1.00,,0.00,,,,0.00,,0.00,,,,,,0.00,,,5.00,1,,0.00,,,,,,0.00,,,,2,,3,,5-15 yrs,5-15 yrs,2,2,2,2,5,,0,,19833314,164624,V,75.40,5.56,5.56,5.56,5.56,11.46,11.46,11.46,11.46,13.10,13.10,13.10,13.10,0.00
United Kingdom,GBR,England,UK_ENG,STATE_TOTAL,20220902,0.00,,,,,,0.00,,,0.00,,,,,,0.00,,,0.00,,,,,,0.00,,,0.00,,,,,,0.00,,,0.00,,,,,,0.00,,,0.00,,,,,,0.00,,,0.00,,,,,,0.00,,,0.00,,,0.00,,0.00,,,0.00,,,,,,1.00,1,,1.00,,0.00,,,,0.00,,0.00,,,,,,0.00,,,5.00,1,,0.00,,,,,,0.00,,,,2,,3,,5-15 yrs,5-15 yrs,2,2,2,2,5,,0,,19833314,164624,V,75.40,5.56,5.56,5.56,5.56,11.46,11.46,11.46,11.46,13.10,13.10,13.10,13.10,0.00
United Kingdom,GBR,England,UK_ENG,STATE_TOTAL,20220903,0.00,,,,,,0.00,,,0.00,,,,,,0.00,,,0.00,,,,,,0.00,,,0.00,,,,,,0.00,,,0.00,,,,,,0.00,,,0.00,,,,,,0.00,,,0.00,,,,,,0.00,,,0.00,,,0.00,,0.00,,,0.00,,,,,,1.00,1,,1.00,,0.00,,,,0.00,,0.00,,,,,,0.00,,,5.00,1,,0.00,,,,,,0.00,,,,2,,3,,5-15 yrs,5-15 yrs,2,2,2,2,5,,0,,19833314,164624,V,75.41,5.56,5.56,5.56,5.56,11.46,11.46,11.46,11.46,13.10,13.10,13.10,13.10,0.00
United Kingdom,GBR,England,UK_ENG,STATE_TOTAL,20220904,0.00,,,,,,0.00,,,0.00,,,,,,0.00,,,0.00,,,,,,0.00,,,0.00,,,,,,0.00,,,0.00,,,,,,0.00,,,0.00,,,,,,0.00,,,0.00,,,,,,0.00,,,0.00,,,0.00,,0.00,,,0.00,,,,,,1.00,1,,1.00,,0.00,,,,0.00,,0.00,,,,,,0.00,,,5.00,1,,0.00,,,,,,0.00,,,,2,,3,,5-15 yrs,5-15 yrs,2,2,2,2,5,,0,,19833314,164624,V,75.42,5.56,5.56,5.56,5.56,11.46,11.46,11.46,11.46,13.10,13.10,13.10,13.10,0.00
United Kingdom,GBR,England,UK_ENG,STATE_TOTAL,20220905,0.00,,,,,,0.00,,,0.00,,,,,,0.00,,,0.00,,,,,,0.00,,,0.00,,,,,,0.00,,,0.00,,,,,,0.00,,,0.00,,,,,,0.00,,,0.00,,,,,,0.00,,,0.00,,,0.00,,0.00,,,0.00,,,,,,1.00,1,,1.00,,0.00,,,,0.00,,0.00,,,,,,0.00,,,5.00,1,,0.00,,,,,,0.00,,,,2,,3,,5-15 yrs,5-15 yrs,2,2,2,2,5,,0,,19833314,164624,V,75.42,5.56,5.56,5.56,5.56,11.46,11.46,11.46,11.46,13.10,13.10,13.10,13.10,0.00
United Kingdom,GBR,England,UK_ENG,STATE_TOTAL,20220906,0.00,,,,,,0.00,,,0.00,,,,,,0.00,,,0.00,,,,,,0.00,,,0.00,,,,,,0.00,,,0.00,,,,,,0.00,,,0.00,,,,,,0.00,,,0.00,,,,,,0.00,,,0.00,,,0.00,,0.00,,,0.00,,,,,,1.00,1,,1.00,,0.00,,,,0.00,,0.00,,,,,,0.00,,,5.00,1,,0.00,,,,,,0.00,,,,2,,3,,5-15 yrs,5-15 yrs,2,2,2,2,5,,0,,19833314,164624,V,75.42,5.56,5.56,5.56,5.56,11.46,11.46,11.46,11.46,13.10,13.10,13.10,13.10,0.00
United Kingdom,GBR,England,UK_ENG,STATE_TOTAL,20220907,0.00,,,,,,0.00,,,0.00,,,,,,0.00,,,0.00,,,,,,0.00,,,0.00,,,,,,0.00,,,0.00,,,,,,0.00,,,0.00,,,,,,0.00,,,0.00,,,,,,0.00,,,0.00,,,0.00,,0.00,,,0.00,,,,,,1.00,1,,1.00,,0.00,,,,0.00,,0.00,,,,,,0.00,,,5.00,1,,0.00,,,,,,0.00,,,,2,,3,,5-15 yrs,5-15 yrs,2,2,2,2,5,,0,,19833314,164624,V,75.43,5.56,5.56,5.56,5.56,11.46,11.46,11.46,11.46,13.10,13.10,13.10,13.10,0.00
United Kingdom,GBR,England,UK_ENG,STATE_TOTAL,20220908,0.00,,,,,,0.00,,,0.00,,,,,,0.00,,,0.00,,,,,,0.00,,,0.00,,,,,,0.00,,,0.00,,,,,,0.00,,,0.00,,,,,,0.00,,,0.00,,,,,,0.00,,,0.00,,,0.00,,0.00,,,0.00,,,,,,1.00,1,,1.00,,0.00,,,,0.00,,0.00,,,,,,0.00,,,5.00,1,,0.00,,,,,,0.00,,,,2,,3,,5-15 yrs,5-15 yrs,2,2,2,2,5,,0,,19861556,165369,V,75.43,5.56,5.56,5.56,5.56,11.46,11.46,11.46,11.46,13.10,13.10,13.10,13.10,0.00
United Kingdom,GBR,England,UK_ENG,STATE_TOTAL,20220909,0.00,,,,,,0.00,,,0.00,,,,,,0.00,,,0.00,,,,,,0.00,,,0.00,,,,,,0.00,,,0.00,,,,,,0.00,,,0.00,,,,,,0.00,,,0.00,,,,,,0.00,,,0.00,,,0.00,,0.00,,,0.00,,,,,,1.00,1,,1.00,,0.00,,,,0.00,,0.00,,,,,,0.00,,,5.00,1,,0.00,,,,,,0.00,,,,2,,3,,5-15 yrs,5-15 yrs,2,2,2,2,5,,0,,19861556,165369,V,75.43,5.56,5.56,5.56,5.56,11.46,11.46,11.46,11.46,13.10,13.10,13.10,13.10,0.00
United Kingdom,GBR,England,UK_ENG,STATE_TOTAL,20220910,0.00,,,,,,0.00,,,0.00,,,,,,0.00,,,0.00,,,,,,0.00,,,0.00,,,,,,0.00,,,0.00,,,,,,0.00,,,0.00,,,,,,0.00,,,0.00,,,,,,0.00,,,0.00,,,0.00,,0.00,,,0.00,,,,,,1.00,1,,1.00,,0.00,,,,0.00,,0.00,,,,,,0.00,,,5.00,1,,0.00,,,,,,0.00,,,,2,,3,,5-15 yrs,5-15 yrs,2,2,2,2,5,,0,,19861556,165369,V,75.44,5.56,5.56,5.56,5.56,11.46,11.46,11.46,11.46,13.10,13.10,13.10,13.10,0.00
United Kingdom,GBR,England,UK_ENG,STATE_TOTAL,20220911,0.00,,,,,,0.00,,,0.00,,,,,,0.00,,,0.00,,,,,,0.00,,,0.00,,,,,,0.00,,,0.00,,,,,,0.00,,,0.00,,,,,,0.00,,,0.00,,,,,,0.00,,,0.00,,,0.00,,0.00,,,0.00,,,,,,1.00,1,,1.00,,0.00,,,,0.00,,0.00,,,,,,0.00,,,5.00,1,,0.00,,,,,,0.00,,,,2,,3,,5-15 yrs,5-15 yrs,2,2,2,2,5,,0,,19861556,165369,V,75.44,5.56,5.56,5.56,5.56,11.46,11.46,11.46,11.46,13.10,13.10,13.10,13.10,0.00
United Kingdom,GBR,England,UK_ENG,STATE_TOTAL,20220912,0.00,,,,,,0.00,,,0.00,,,,,,0.00,,,0.00,,,,,,0.00,,,0.00,,,,,,0.00,,,0.00,,,,,,0.00,,,0.00,,,,,,0.00,,,0.00,,,,,,0.00,,,0.00,,,0.00,,0.00,,,0.00,,,,,,1.00,1,,1.00,,0.00,,,,0.00,,0.00,,,,,,0.00,,,5.00,1,,0.00,,,,,,0.00,,,,2,,3,,5-15 yrs,5-15 yrs,2,2,2,2,5,,0,,19861556,165369,V,75.45,5.56,5.56,5.56,5.56,11.46,11.46,11.46,11.46,13.10,13.10,13.10,13.10,0.00
United Kingdom,GBR,England,UK_ENG,STATE_TOTAL,20220913,0.00,,,,,,0.00,,,0.00,,,,,,0.00,,,0.00,,,,,,0.00,,,0.00,,,,,,0.00,,,0.00,,,,,,0.00,,,0.00,,,,,,0.00,,,0.00,,,,,,0.00,,,0.00,,,0.00,,0.00,,,0.00,,,,,,1.00,1,,1.00,,0.00,,,,0.00,,0.00,,,,,,0.00,,,5.00,1,,0.00,,,,,,0.00,,,,2,,3,,5-15 yrs,5-15 yrs,2,2,2,2,5,,0,,19861556,165369,V,75.45,5.56,5.56,5.56,5.56,11.46,11.46,11.46,11.46,13.10,13.10,13.10,13.10,0.00
United Kingdom,GBR,England,UK_ENG,STATE_TOTAL,20220914,0.00,,,,,,0.00,,,0.00,,,,,,0.00,,,0.00,,,,,,0.00,,,0.00,,,,,,0.00,,,0.00,,,,,,0.00,,,0.00,,,,,,0.00,,,0.00,,,,,,0.00,,,0.00,,,0.00,,0.00,,,0.00,,,,,,1.00,1,,1.00,,0.00,,,,0.00,,0.00,,,,,,0.00,,,5.00,1,,0.00,,,,,,0.00,,,,2,,3,,5-15 yrs,5-15 yrs,2,2,2,2,5,,0,,19861556,165369,V,75.45,5.56,5.56,5.56,5.56,11.46,11.46,11.46,11.46,13.10,13.10,13.10,13.10,0.00
United Kingdom,GBR,England,UK_ENG,STATE_TOTAL,20220915,0.00,,,,,,0.00,,,0.00,,,,,,0.00,,,0.00,,,,,,0.00,,,0.00,,,,,,0.00,,,0.00,,,,,,0.00,,,0.00,,,,,,0.00,,,0.00,,,,,,0.00,,,0.00,,,0.00,,0.00,,,0.00,,,,,,1.00,1,,1.00,,0.00,,,,0.00,,0.00,,,,,,0.00,,,5.00,1,,0.00,,,,,,0.00,,,,2,,3,,5-15 yrs,5-15 yrs,2,2,2,2,5,,0,,19888584,165806,V,75.46,5.56,5.56,5.56,5.56,11.46,11.46,11.46,11.46,13.10,13.10,13.10,13.10,0.00
United Kingdom,GBR,England,UK_ENG,STATE_TOTAL,20220916,0.00,,,,,,0.00,,,0.00,,,,,,0.00,,,0.00,,,,,,0.00,,,0.00,,,,,,0.00,,,0.00,,,,,,0.00,,,0.00,,,,,,0.00,,,0.00,,,,,,0.00,,,0.00,,,0.00,,0.00,,,0.00,,,,,,1.00,1,,1.00,,0.00,,,,0.00,,0.00,,,,,,0.00,,,5.00,1,,0.00,,,,,,0.00,,,,2,,3,,5-15 yrs,5-15 yrs,2,2,2,2,5,,0,,19888584,165806,V,75.46,5.56,5.56,5.56,5.56,11.46,11.46,11.46,11.46,13.10,13.10,13.10,13.10,0.00
United Kingdom,GBR,England,UK_ENG,STATE_TOTAL,20220917,0.00,,,,,,0.00,,,0.00,,,,,,0.00,,,0.00,,,,,,0.00,,,0.00,,,,,,0.00,,,0.00,,,,,,0.00,,,0.00,,,,,,0.00,,,0.00,,,,,,0.00,,,0.00,,,0.00,,0.00,,,0.00,,,,,,1.00,1,,1.00,,0.00,,,,0.00,,0.00,,,,,,0.00,,,5.00,1,,0.00,,,,,,0.00,,,,2,,3,,5-15 yrs,5-15 yrs,2,2,2,2,5,,0,,19888584,165806,V,75.47,5.56,5.56,5.56,5.56,11.46,11.46,11.46,11.46,13.10,13.10,13.10,13.10,0.00
United Kingdom,GBR,England,UK_ENG,STATE_TOTAL,20220918,0.00,,,,,,0.00,,,0.00,,,,,,0.00,,,0.00,,,,,,0.00,,,0.00,,,,,,0.00,,,0.00,,,,,,0.00,,,0.00,,,,,,0.00,,,0.00,,,,,,0.00,,,0.00,,,0.00,,0.00,,,0.00,,,,,,1.00,1,,1.00,,0.00,,,,0.00,,0.00,,,,,,0.00,,,5.00,1,,0.00,,,,,,0.00,,,,2,,3,,5-15 yrs,5-15 yrs,2,2,2,2,5,,0,,19888584,165806,V,75.48,5.56,5.56,5.56,5.56,11.46,11.46,11.46,11.46,13.10,13.10,13.10,13.10,0.00
United Kingdom,GBR,England,UK_ENG,STATE_TOTAL,20220919,0.00,,,,,,0.00,,,0.00,,,,,,0.00,,,0.00,,,,,,0.00,,,0.00,,,,,,0.00,,,0.00,,,,,,0.00,,,0.00,,,,,,0.00,,,0.00,,,,,,0.00,,,0.00,,,0.00,,0.00,,,0.00,,,,,,1.00,1,,1.00,,0.00,,,,0.00,,0.00,,,,,,0.00,,,5.00,1,,0.00,,,,,,0.00,,,,2,,3,,5-15 yrs,5-15 yrs,2,2,2,2,5,,0,,19888584,165806,V,75.48,5.56,5.56,5.56,5.56,11.46,11.46,11.46,11.46,13.10,13.10,13.10,13.10,0.00
United Kingdom,GBR,England,UK_ENG,STATE_TOTAL,20220920,0.00,,,,,,0.00,,,0.00,,,,,,0.00,,,0.00,,,,,,0.00,,,0.00,,,,,,0.00,,,0.00,,,,,,0.00,,,0.00,,,,,,0.00,,,0.00,,,,,,0.00,,,0.00,,,0.00,,0.00,,,0.00,,,,,,1.00,1,,1.00,,0.00,,,,0.00,,0.00,,,,,,0.00,,,5.00,1,,0.00,,,,,,0.00,,,,2,,3,,5-15 yrs,5-15 yrs,2,2,2,2,5,,0,,19888584,165806,V,75.48,5.56,5.56,5.56,5.56,11.46,11.46,11.46,11.46,13.10,13.10,13.10,13.10,0.00
United Kingdom,GBR,England,UK_ENG,STATE_TOTAL,20220921,0.00,,,,,,0.00,,,0.00,,,,,,0.00,,,0.00,,,,,,0.00,,,0.00,,,,,,0.00,,,0.00,,,,,,0.00,,,0.00,,,,,,0.00,,,0.00,,,,,,0.00,,,0.00,,,0.00,,0.00,,,0.00,,,,,,1.00,1,,1.00,,0.00,,,,0.00,,0.00,,,,,,0.00,,,5.00,1,,0.00,,,,,,0.00,,,,2,,3,,5-15 yrs,5-15 yrs,2,2,2,2,5,,0,,19888584,165806,V,75.49,5.56,5.56,5.56,5.56,11.46,11.46,11.46,11.46,13.10,13.10,13.10,13.10,0.00
United Kingdom,GBR,England,UK_ENG,STATE_TOTAL,20220922,0.00,,,,,,0.00,,,0.00,,,,,,0.00,,,0.00,,,,,,0.00,,,0.00,,,,,,0.00,,,0.00,,,,,,0.00,,,0.00,,,,,,0.00,,,0.00,,,,,,0.00,,,0.00,,,0.00,,0.00,,,0.00,,,,,,1.00,1,,1.00,,0.00,,,,0.00,,0.00,,,,,,0.00,,,5.00,1,,0.00,,,,,,0.00,,,,2,,3,,5-15 yrs,5-15 yrs,2,2,2,2,5,,0,,19922057,166228,V,75.49,5.56,5.56,5.56,5.56,11.46,11.46,11.46,11.46,13.10,13.10,13.10,13.10,0.00
United Kingdom,GBR,England,UK_ENG,STATE_TOTAL,20220923,0.00,,,,,,0.00,,,0.00,,,,,,0.00,,,0.00,,,,,,0.00,,,0.00,,,,,,0.00,,,0.00,,,,,,0.00,,,0.00,,,,,,0.00,,,0.00,,,,,,0.00,,,0.00,,,0.00,,0.00,,,0.00,,,,,,1.00,1,,1.00,,0.00,,,,0.00,,0.00,,,,,,0.00,,,5.00,1,,0.00,,,,,,0.00,,,,2,,3,,5-15 yrs,5-15 yrs,2,2,2,2,5,,0,,19922057,166228,V,75.49,5.56,5.56,5.56,5.56,11.46,11.46,11.46,11.46,13.10,13.10,13.10,13.10,0.00
United Kingdom,GBR,England,UK_ENG,STATE_TOTAL,20220924,0.00,,,,,,0.00,,,0.00,,,,,,0.00,,,0.00,,,,,,0.00,,,0.00,,,,,,0.00,,,0.00,,,,,,0.00,,,0.00,,,,,,0.00,,,0.00,,,,,,0.00,,,0.00,,,0.00,,0.00,,,0.00,,,,,,1.00,1,,1.00,,0.00,,,,0.00,,0.00,,,,,,0.00,,,5.00,1,,0.00,,,,,,0.00,,,,2,,3,,5-15 yrs,5-15 yrs,2,2,2,2,5,,0,,19922057,166228,V,75.50,5.56,5.56,5.56,5.56,11.46,11.46,11.46,11.46,13.10,13.10,13.10,13.10,0.00
United Kingdom,GBR,England,UK_ENG,STATE_TOTAL,20220925,0.00,,,,,,0.00,,,0.00,,,,,,0.00,,,0.00,,,,,,0.00,,,0.00,,,,,,0.00,,,0.00,,,,,,0.00,,,0.00,,,,,,0.00,,,0.00,,,,,,0.00,,,0.00,,,0.00,,0.00,,,0.00,,,,,,1.00,1,,1.00,,0.00,,,,0.00,,0.00,,,,,,0.00,,,5.00,1,,0.00,,,,,,0.00,,,,2,,3,,5-15 yrs,5-15 yrs,2,2,2,2,5,,0,,19922057,166228,V,75.51,5.56,5.56,5.56,5.56,11.46,11.46,11.46,11.46,13.10,13.10,13.10,13.10,0.00
United Kingdom,GBR,England,UK_ENG,STATE_TOTAL,20220926,0.00,,,,,,0.00,,,0.00,,,,,,0.00,,,0.00,,,,,,0.00,,,0.00,,,,,,0.00,,,0.00,,,,,,0.00,,,0.00,,,,,,0.00,,,0.00,,,,,,0.00,,,0.00,,,0.00,,0.00,,,0.00,,,,,,1.00,1,,1.00,,0.00,,,,0.00,,0.00,,,,,,0.00,,,5.00,1,,0.00,,,,,,0.00,,,,2,,3,,5-15 yrs,5-15 yrs,2,2,2,2,5,,0,,19922057,166228,V,75.51,5.56,5.56,5.56,5.56,11.46,11.46,11.46,11.46,13.10,13.10,13.10,13.10,0.00
United Kingdom,GBR,England,UK_ENG,STATE_TOTAL,20220927,0.00,,,,,,0.00,,,0.00,,,,,,0.00,,,0.00,,,,,,0.00,,,0.00,,,,,,0.00,,,0.00,,,,,,0.00,,,0.00,,,,,,0.00,,,0.00,,,,,,0.00,,,0.00,,,0.00,,0.00,,,0.00,,,,,,1.00,1,,1.00,,0.00,,,,0.00,,0.00,,,,,,0.00,,,5.00,1,,0.00,,,,,,0.00,,,,2,,3,,5-15 yrs,5-15 yrs,2,2,2,2,5,,0,,19922057,166228,V,75.52,5.56,5.56,5.56,5.56,11.46,11.46,11.46,11.46,13.10,13.10,13.10,13.10,0.00
United Kingdom,GBR,England,UK_ENG,STATE_TOTAL,20220928,0.00,,,,,,0.00,,,0.00,,,,,,0.00,,,0.00,,,,,,0.00,,,0.00,,,,,,0.00,,,0.00,,,,,,0.00,,,0.00,,,,,,0.00,,,0.00,,,,,,0.00,,,0.00,,,0.00,,0.00,,,0.00,,,,,,1.00,1,,1.00,,0.00,,,,0.00,,0.00,,,,,,0.00,,,5.00,1,,0.00,,,,,,0.00,,,,2,,3,,5-15 yrs,5-15 yrs,2,2,2,2,5,,0,,19922057,166228,V,75.52,5.56,5.56,5.56,5.56,11.46,11.46,11.46,11.46,13.10,13.10,13.10,13.10,0.00
United Kingdom,GBR,England,UK_ENG,STATE_TOTAL,20220929,0.00,,,,,,0.00,,,0.00,,,,,,0.00,,,0.00,,,,,,0.00,,,0.00,,,,,,0.00,,,0.00,,,,,,0.00,,,0.00,,,,,,0.00,,,0.00,,,,,,0.00,,,0.00,,,0.00,,0.00,,,0.00,,,,,,1.00,1,,1.00,,0.00,,,,0.00,,0.00,,,,,,0.00,,,5.00,1,,0.00,,,,,,0.00,,,,2,,3,,5-15 yrs,5-15 yrs,2,2,2,2,5,,0,,19968866,166623,V,75.52,5.56,5.56,5.56,5.56,11.46,11.46,11.46,11.46,13.10,13.10,13.10,13.10,0.00
United Kingdom,GBR,England,UK_ENG,STATE_TOTAL,20220930,0.00,,,,,,0.00,,,0.00,,,,,,0.00,,,0.00,,,,,,0.00,,,0.00,,,,,,0.00,,,0.00,,,,,,0.00,,,0.00,,,,,,0.00,,,0.00,,,,,,0.00,,,0.00,,,0.00,,0.00,,,0.00,,,,,,1.00,1,,1.00,,0.00,,,,0.00,,0.00,,,,,,0.00,,,5.00,1,,0.00,,,,,,0.00,,,,2,,3,,5-15 yrs,5-15 yrs,2,2,2,2,5,,0,,19968866,166623,V,75.53,5.56,5.56,5.56,5.56,11.46,11.46,11.46,11.46,13.10,13.10,13.10,13.10,0.00
United Kingdom,GBR,England,UK_ENG,STATE_TOTAL,20221001,0.00,,,,,,0.00,,,0.00,,,,,,0.00,,,0.00,,,,,,0.00,,,0.00,,,,,,0.00,,,0.00,,,,,,0.00,,,0.00,,,,,,0.00,,,0.00,,,,,,0.00,,,0.00,,,0.00,,0.00,,,0.00,,,,,,1.00,1,,1.00,,0.00,,,,0.00,,0.00,,,,,,0.00,,,5.00,1,,0.00,,,,,,0.00,,,,2,,3,,5-15 yrs,5-15 yrs,2,2,2,2,5,,0,,19968866,166623,V,75.54,5.56,5.56,5.56,5.56,11.46,11.46,11.46,11.46,13.10,13.10,13.10,13.10,0.00
United Kingdom,GBR,England,UK_ENG,STATE_TOTAL,20221002,0.00,,,,,,0.00,,,0.00,,,,,,0.00,,,0.00,,,,,,0.00,,,0.00,,,,,,0.00,,,0.00,,,,,,0.00,,,0.00,,,,,,0.00,,,0.00,,,,,,0.00,,,0.00,,,0.00,,0.00,,,0.00,,,,,,1.00,1,,1.00,,0.00,,,,0.00,,0.00,,,,,,0.00,,,5.00,1,,0.00,,,,,,0.00,,,,2,,3,,5-15 yrs,5-15 yrs,2,2,2,2,5,,0,,19968866,166623,V,75.54,5.56,5.56,5.56,5.56,11.46,11.46,11.46,11.46,13.10,13.10,13.10,13.10,0.00
United Kingdom,GBR,England,UK_ENG,STATE_TOTAL,20221003,0.00,,,,,,0.00,,,0.00,,,,,,0.00,,,0.00,,,,,,0.00,,,0.00,,,,,,0.00,,,0.00,,,,,,0.00,,,0.00,,,,,,0.00,,,0.00,,,,,,0.00,,,0.00,,,0.00,,0.00,,,0.00,,,,,,1.00,1,,1.00,,0.00,,,,0.00,,0.00,,,,,,0.00,,,5.00,1,,0.00,,,,,,0.00,,,,2,,3,,5-15 yrs,5-15 yrs,2,2,2,2,5,,0,,19968866,166623,V,75.55,5.56,5.56,5.56,5.56,11.46,11.46,11.46,11.46,13.10,13.10,13.10,13.10,0.00
United Kingdom,GBR,England,UK_ENG,STATE_TOTAL,20221004,0.00,,,,,,0.00,,,0.00,,,,,,0.00,,,0.00,,,,,,0.00,,,0.00,,,,,,0.00,,,0.00,,,,,,0.00,,,0.00,,,,,,0.00,,,0.00,,,,,,0.00,,,0.00,,,0.00,,0.00,,,0.00,,,,,,1.00,1,,1.00,,0.00,,,,0.00,,0.00,,,,,,0.00,,,5.00,1,,0.00,,,,,,0.00,,,,2,,3,,5-15 yrs,5-15 yrs,2,2,2,2,5,,0,,19968866,166623,V,75.55,5.56,5.56,5.56,5.56,11.46,11.46,11.46,11.46,13.10,13.10,13.10,13.10,0.00
United Kingdom,GBR,England,UK_ENG,STATE_TOTAL,20221005,0.00,,,,,,0.00,,,0.00,,,,,,0.00,,,0.00,,,,,,0.00,,,0.00,,,,,,0.00,,,0.00,,,,,,0.00,,,0.00,,,,,,0.00,,,0.00,,,,,,0.00,,,0.00,,,0.00,,0.00,,,0.00,,,,,,1.00,1,,1.00,,0.00,,,,0.00,,0.00,,,,,,0.00,,,5.00,1,,0.00,,,,,,0.00,,,,2,,3,,5-15 yrs,5-15 yrs,2,2,2,2,5,,0,,19968866,166623,V,75.55,5.56,5.56,5.56,5.56,11.46,11.46,11.46,11.46,13.10,13.10,13.10,13.10,0.00
United Kingdom,GBR,England,UK_ENG,STATE_TOTAL,20221006,0.00,,,,,,0.00,,,0.00,,,,,,0.00,,,0.00,,,,,,0.00,,,0.00,,,,,,0.00,,,0.00,,,,,,0.00,,,0.00,,,,,,0.00,,,0.00,,,,,,0.00,,,0.00,,,0.00,,0.00,,,0.00,,,,,,1.00,1,,1.00,,0.00,,,,0.00,,0.00,,,,,,0.00,,,5.00,1,,0.00,,,,,,0.00,,,,2,,3,,5-15 yrs,5-15 yrs,2,2,2,2,5,,0,,20027667,167176,V,75.55,5.56,5.56,5.56,5.56,11.46,11.46,11.46,11.46,13.10,13.10,13.10,13.10,0.00
United Kingdom,GBR,England,UK_ENG,STATE_TOTAL,20221007,0.00,,,,,,0.00,,,0.00,,,,,,0.00,,,0.00,,,,,,0.00,,,0.00,,,,,,0.00,,,0.00,,,,,,0.00,,,0.00,,,,,,0.00,,,0.00,,,,,,0.00,,,0.00,,,0.00,,0.00,,,0.00,,,,,,1.00,1,,1.00,,0.00,,,,0.00,,0.00,,,,,,0.00,,,5.00,1,,0.00,,,,,,0.00,,,,2,,3,,5-15 yrs,5-15 yrs,2,2,2,2,5,,0,,20027667,167176,V,75.56,5.56,5.56,5.56,5.56,11.46,11.46,11.46,11.46,13.10,13.10,13.10,13.10,0.00
United Kingdom,GBR,England,UK_ENG,STATE_TOTAL,20221008,0.00,,,,,,0.00,,,0.00,,,,,,0.00,,,0.00,,,,,,0.00,,,0.00,,,,,,0.00,,,0.00,,,,,,0.00,,,0.00,,,,,,0.00,,,0.00,,,,,,0.00,,,0.00,,,0.00,,0.00,,,0.00,,,,,,1.00,1,,1.00,,0.00,,,,0.00,,0.00,,,,,,0.00,,,5.00,1,,0.00,,,,,,0.00,,,,2,,3,,5-15 yrs,5-15 yrs,2,2,2,2,5,,0,,20027667,167176,V,75.57,5.56,5.56,5.56,5.56,11.46,11.46,11.46,11.46,13.10,13.10,13.10,13.10,0.00
United Kingdom,GBR,England,UK_ENG,STATE_TOTAL,20221009,0.00,,,,,,0.00,,,0.00,,,,,,0.00,,,0.00,,,,,,0.00,,,0.00,,,,,,0.00,,,0.00,,,,,,0.00,,,0.00,,,,,,0.00,,,0.00,,,,,,0.00,,,0.00,,,0.00,,0.00,,,0.00,,,,,,1.00,1,,1.00,,0.00,,,,0.00,,0.00,,,,,,0.00,,,5.00,1,,0.00,,,,,,0.00,,,,2,,3,,5-15 yrs,5-15 yrs,2,2,2,2,5,,0,,20027667,167176,V,75.57,5.56,5.56,5.56,5.56,11.46,11.46,11.46,11.46,13.10,13.10,13.10,13.10,0.00
United Kingdom,GBR,England,UK_ENG,STATE_TOTAL,20221010,0.00,,,,,,0.00,,,0.00,,,,,,0.00,,,0.00,,,,,,0.00,,,0.00,,,,,,0.00,,,0.00,,,,,,0.00,,,0.00,,,,,,0.00,,,0.00,,,,,,0.00,,,0.00,,,0.00,,0.00,,,0.00,,,,,,1.00,1,,1.00,,0.00,,,,0.00,,0.00,,,,,,0.00,,,5.00,1,,0.00,,,,,,0.00,,,,2,,3,,5-15 yrs,5-15 yrs,2,2,2,2,5,,0,,20027667,167176,V,75.58,5.56,5.56,5.56,5.56,11.46,11.46,11.46,11.46,13.10,13.10,13.10,13.10,0.00
United Kingdom,GBR,England,UK_ENG,STATE_TOTAL,20221011,0.00,,,,,,0.00,,,0.00,,,,,,0.00,,,0.00,,,,,,0.00,,,0.00,,,,,,0.00,,,0.00,,,,,,0.00,,,0.00,,,,,,0.00,,,0.00,,,,,,0.00,,,0.00,,,0.00,,0.00,,,0.00,,,,,,1.00,1,,1.00,,0.00,,,,0.00,,0.00,,,,,,0.00,,,5.00,1,,0.00,,,,,,0.00,,,,2,,3,,5-15 yrs,5-15 yrs,2,2,2,2,5,,0,,20027667,167176,V,75.58,5.56,5.56,5.56,5.56,11.46,11.46,11.46,11.46,13.10,13.10,13.10,13.10,0.00
United Kingdom,GBR,England,UK_ENG,STATE_TOTAL,20221012,0.00,,,,,,0.00,,,0.00,,,,,,0.00,,,0.00,,,,,,0.00,,,0.00,,,,,,0.00,,,0.00,,,,,,0.00,,,0.00,,,,,,0.00,,,0.00,,,,,,0.00,,,0.00,,,0.00,,0.00,,,0.00,,,,,,1.00,1,,1.00,,0.00,,,,0.00,,0.00,,,,,,0.00,,,5.00,1,,0.00,,,,,,0.00,,,,2,,3,,5-15 yrs,5-15 yrs,2,2,2,2,5,,0,,20027667,167176,V,75.58,5.56,5.56,5.56,5.56,11.46,11.46,11.46,11.46,13.10,13.10,13.10,13.10,0.00
United Kingdom,GBR,England,UK_ENG,STATE_TOTAL,20221013,0.00,,,,,,0.00,,,0.00,,,,,,0.00,,,0.00,,,,,,0.00,,,0.00,,,,,,0.00,,,0.00,,,,,,0.00,,,0.00,,,,,,0.00,,,0.00,,,,,,0.00,,,0.00,,,0.00,,0.00,,,0.00,,,,,,1.00,1,,1.00,,0.00,,,,0.00,,0.00,,,,,,0.00,,,5.00,1,,0.00,,,,,,0.00,,,,2,,3,,5-15 yrs,5-15 yrs,2,2,2,2,5,,0,,20086702,167949,V,75.59,5.56,5.56,5.56,5.56,11.46,11.46,11.46,11.46,13.10,13.10,13.10,13.10,0.00
United Kingdom,GBR,England,UK_ENG,STATE_TOTAL,20221014,0.00,,,,,,0.00,,,0.00,,,,,,0.00,,,0.00,,,,,,0.00,,,0.00,,,,,,0.00,,,0.00,,,,,,0.00,,,0.00,,,,,,0.00,,,0.00,,,,,,0.00,,,0.00,,,0.00,,0.00,,,0.00,,,,,,1.00,1,,1.00,,0.00,,,,0.00,,0.00,,,,,,0.00,,,5.00,1,,0.00,,,,,,0.00,,,,2,,3,,5-15 yrs,5-15 yrs,2,2,2,2,5,,0,,20086702,167949,V,75.59,5.56,5.56,5.56,5.56,11.46,11.46,11.46,11.46,13.10,13.10,13.10,13.10,0.00
United Kingdom,GBR,England,UK_ENG,STATE_TOTAL,20221015,0.00,,,,,,0.00,,,0.00,,,,,,0.00,,,0.00,,,,,,0.00,,,0.00,,,,,,0.00,,,0.00,,,,,,0.00,,,0.00,,,,,,0.00,,,0.00,,,,,,0.00,,,0.00,,,0.00,,0.00,,,0.00,,,,,,1.00,1,,1.00,,0.00,,,,0.00,,0.00,,,,,,0.00,,,5.00,1,,0.00,,,,,,0.00,,,,2,,3,,5-15 yrs,5-15 yrs,2,2,2,2,5,,0,,20086702,167949,V,75.60,5.56,5.56,5.56,5.56,11.46,11.46,11.46,11.46,13.10,13.10,13.10,13.10,0.00
United Kingdom,GBR,England,UK_ENG,STATE_TOTAL,20221016,0.00,,,,,,0.00,,,0.00,,,,,,0.00,,,0.00,,,,,,0.00,,,0.00,,,,,,0.00,,,0.00,,,,,,0.00,,,0.00,,,,,,0.00,,,0.00,,,,,,0.00,,,0.00,,,0.00,,0.00,,,0.00,,,,,,1.00,1,,1.00,,0.00,,,,0.00,,0.00,,,,,,0.00,,,5.00,1,,0.00,,,,,,0.00,,,,2,,3,,5-15 yrs,5-15 yrs,2,2,2,2,5,,0,,20086702,167949,V,75.61,5.56,5.56,5.56,5.56,11.46,11.46,11.46,11.46,13.10,13.10,13.10,13.10,0.00
United Kingdom,GBR,England,UK_ENG,STATE_TOTAL,20221017,0.00,,,,,,0.00,,,0.00,,,,,,0.00,,,0.00,,,,,,0.00,,,0.00,,,,,,0.00,,,0.00,,,,,,0.00,,,0.00,,,,,,0.00,,,0.00,,,,,,0.00,,,0.00,,,0.00,,0.00,,,0.00,,,,,,1.00,1,,1.00,,0.00,,,,0.00,,0.00,,,,,,0.00,,,5.00,1,,0.00,,,,,,0.00,,,,2,,3,,5-15 yrs,5-15 yrs,2,2,2,2,5,,0,,20086702,167949,V,75.61,5.56,5.56,5.56,5.56,11.46,11.46,11.46,11.46,13.10,13.10,13.10,13.10,0.00
United Kingdom,GBR,England,UK_ENG,STATE_TOTAL,20221018,0.00,,,,,,0.00,,,0.00,,,,,,0.00,,,0.00,,,,,,0.00,,,0.00,,,,,,0.00,,,0.00,,,,,,0.00,,,0.00,,,,,,0.00,,,0.00,,,,,,0.00,,,0.00,,,0.00,,0.00,,,0.00,,,,,,1.00,1,,1.00,,0.00,,,,0.00,,0.00,,,,,,0.00,,,5.00,1,,0.00,,,,,,0.00,,,,2,,3,,5-15 yrs,5-15 yrs,2,2,2,2,5,,0,,20086702,167949,V,75.61,5.56,5.56,5.56,5.56,11.46,11.46,11.46,11.46,13.10,13.10,13.10,13.10,0.00
United Kingdom,GBR,England,UK_ENG,STATE_TOTAL,20221019,0.00,,,,,,0.00,,,0.00,,,,,,0.00,,,0.00,,,,,,0.00,,,0.00,,,,,,0.00,,,0.00,,,,,,0.00,,,0.00,,,,,,0.00,,,0.00,,,,,,0.00,,,0.00,,,0.00,,0.00,,,0.00,,,,,,1.00,1,,1.00,,0.00,,,,0.00,,0.00,,,,,,0.00,,,5.00,1,,0.00,,,,,,0.00,,,,2,,3,,5-15 yrs,5-15 yrs,2,2,2,2,5,,0,,20086702,167949,V,75.62,5.56,5.56,5.56,5.56,11.46,11.46,11.46,11.46,13.10,13.10,13.10,13.10,0.00
United Kingdom,GBR,England,UK_ENG,STATE_TOTAL,20221020,0.00,,,,,,0.00,,,0.00,,,,,,0.00,,,0.00,,,,,,0.00,,,0.00,,,,,,0.00,,,0.00,,,,,,0.00,,,0.00,,,,,,0.00,,,0.00,,,,,,0.00,,,0.00,,,0.00,,0.00,,,0.00,,,,,,1.00,1,,1.00,,0.00,,,,0.00,,0.00,,,,,,0.00,,,5.00,1,,0.00,,,,,,0.00,,,,2,,3,,5-15 yrs,5-15 yrs,2,2,2,2,5,,0,,20139321,168913,V,75.62,5.56,5.56,5.56,5.56,11.46,11.46,11.46,11.46,13.10,13.10,13.10,13.10,0.00
United Kingdom,GBR,England,UK_ENG,STATE_TOTAL,20221021,0.00,,,,,,0.00,,,0.00,,,,,,0.00,,,0.00,,,,,,0.00,,,0.00,,,,,,0.00,,,0.00,,,,,,0.00,,,0.00,,,,,,0.00,,,0.00,,,,,,0.00,,,0.00,,,0.00,,0.00,,,0.00,,,,,,1.00,1,,1.00,,0.00,,,,0.00,,0.00,,,,,,0.00,,,5.00,1,,0.00,,,,,,0.00,,,,2,,3,,5-15 yrs,5-15 yrs,2,2,2,2,5,,0,,20139321,168913,V,75.62,5.56,5.56,5.56,5.56,11.46,11.46,11.46,11.46,13.10,13.10,13.10,13.10,0.00
United Kingdom,GBR,England,UK_ENG,STATE_TOTAL,20221022,0.00,,,,,,0.00,,,0.00,,,,,,0.00,,,0.00,,,,,,0.00,,,0.00,,,,,,0.00,,,0.00,,,,,,0.00,,,0.00,,,,,,0.00,,,0.00,,,,,,0.00,,,0.00,,,0.00,,0.00,,,0.00,,,,,,1.00,1,,1.00,,0.00,,,,0.00,,0.00,,,,,,0.00,,,5.00,1,,0.00,,,,,,0.00,,,,2,,3,,5-15 yrs,5-15 yrs,2,2,2,2,5,,0,,20139321,168913,V,75.63,5.56,5.56,5.56,5.56,11.46,11.46,11.46,11.46,13.10,13.10,13.10,13.10,0.00
United Kingdom,GBR,England,UK_ENG,STATE_TOTAL,20221023,0.00,,,,,,0.00,,,0.00,,,,,,0.00,,,0.00,,,,,,0.00,,,0.00,,,,,,0.00,,,0.00,,,,,,0.00,,,0.00,,,,,,0.00,,,0.00,,,,,,0.00,,,0.00,,,0.00,,0.00,,,0.00,,,,,,1.00,1,,1.00,,0.00,,,,0.00,,0.00,,,,,,0.00,,,5.00,1,,0.00,,,,,,0.00,,,,2,,3,,5-15 yrs,5-15 yrs,2,2,2,2,5,,0,,20139321,168913,V,75.64,5.56,5.56,5.56,5.56,11.46,11.46,11.46,11.46,13.10,13.10,13.10,13.10,0.00
United Kingdom,GBR,England,UK_ENG,STATE_TOTAL,20221024,0.00,,,,,,0.00,,,0.00,,,,,,0.00,,,0.00,,,,,,0.00,,,0.00,,,,,,0.00,,,0.00,,,,,,0.00,,,0.00,,,,,,0.00,,,0.00,,,,,,0.00,,,0.00,,,0.00,,0.00,,,0.00,,,,,,1.00,1,,1.00,,0.00,,,,0.00,,0.00,,,,,,0.00,,,5.00,1,,0.00,,,,,,0.00,,,,2,,3,,5-15 yrs,5-15 yrs,2,2,2,2,5,,0,,20139321,168913,V,75.64,5.56,5.56,5.56,5.56,11.46,11.46,11.46,11.46,13.10,13.10,13.10,13.10,0.00
United Kingdom,GBR,England,UK_ENG,STATE_TOTAL,20221025,0.00,,,,,,0.00,,,0.00,,,,,,0.00,,,0.00,,,,,,0.00,,,0.00,,,,,,0.00,,,0.00,,,,,,0.00,,,0.00,,,,,,0.00,,,0.00,,,,,,0.00,,,0.00,,,0.00,,0.00,,,0.00,,,,,,1.00,1,,1.00,,0.00,,,,0.00,,0.00,,,,,,0.00,,,5.00,1,,0.00,,,,,,0.00,,,,2,,3,,5-15 yrs,5-15 yrs,2,2,2,2,5,,0,,20139321,168913,V,75.65,5.56,5.56,5.56,5.56,11.46,11.46,11.46,11.46,13.10,13.10,13.10,13.10,0.00
United Kingdom,GBR,England,UK_ENG,STATE_TOTAL,20221026,0.00,,,,,,0.00,,,0.00,,,,,,0.00,,,0.00,,,,,,0.00,,,0.00,,,,,,0.00,,,0.00,,,,,,0.00,,,0.00,,,,,,0.00,,,0.00,,,,,,0.00,,,0.00,,,0.00,,0.00,,,0.00,,,,,,1.00,1,,1.00,,0.00,,,,0.00,,0.00,,,,,,0.00,,,5.00,1,,0.00,,,,,,0.00,,,,2,,3,,5-15 yrs,5-15 yrs,2,2,2,2,5,,0,,20139321,168913,V,75.66,5.56,5.56,5.56,5.56,11.46,11.46,11.46,11.46,13.10,13.10,13.10,13.10,0.00
United Kingdom,GBR,England,UK_ENG,STATE_TOTAL,20221027,0.00,,,,,,0.00,,,0.00,,,,,,0.00,,,0.00,,,,,,0.00,,,0.00,,,,,,0.00,,,0.00,,,,,,0.00,,,0.00,,,,,,0.00,,,0.00,,,,,,0.00,,,0.00,,,0.00,,0.00,,,0.00,,,,,,1.00,1,,1.00,,0.00,,,,0.00,,0.00,,,,,,0.00,,,5.00,1,,0.00,,,,,,0.00,,,,2,,3,,5-15 yrs,5-15 yrs,2,2,2,2,5,,0,,20178456,169882,V,75.66,5.56,5.56,5.56,5.56,11.46,11.46,11.46,11.46,13.10,13.10,13.10,13.10,0.00
United Kingdom,GBR,England,UK_ENG,STATE_TOTAL,20221028,0.00,,,,,,0.00,,,0.00,,,,,,0.00,,,0.00,,,,,,0.00,,,0.00,,,,,,0.00,,,0.00,,,,,,0.00,,,0.00,,,,,,0.00,,,0.00,,,,,,0.00,,,0.00,,,0.00,,0.00,,,0.00,,,,,,1.00,1,,1.00,,0.00,,,,0.00,,0.00,,,,,,0.00,,,5.00,1,,0.00,,,,,,0.00,,,,2,,3,,5-15 yrs,5-15 yrs,2,2,2,2,5,,0,,20178456,169882,V,75.67,5.56,5.56,5.56,5.56,11.46,11.46,11.46,11.46,13.10,13.10,13.10,13.10,0.00
United Kingdom,GBR,England,UK_ENG,STATE_TOTAL,20221029,0.00,,,,,,0.00,,,0.00,,,,,,0.00,,,0.00,,,,,,0.00,,,0.00,,,,,,0.00,,,0.00,,,,,,0.00,,,0.00,,,,,,0.00,,,0.00,,,,,,0.00,,,0.00,,,0.00,,0.00,,,0.00,,,,,,1.00,1,,1.00,,0.00,,,,0.00,,0.00,,,,,,0.00,,,5.00,1,,0.00,,,,,,0.00,,,,2,,3,,5-15 yrs,5-15 yrs,2,2,2,2,5,,0,,20178456,169882,V,75.68,5.56,5.56,5.56,5.56,11.46,11.46,11.46,11.46,13.10,13.10,13.10,13.10,0.00
United Kingdom,GBR,England,UK_ENG,STATE_TOTAL,20221030,0.00,,,,,,0.00,,,0.00,,,,,,0.00,,,0.00,,,,,,0.00,,,0.00,,,,,,0.00,,,0.00,,,,,,0.00,,,0.00,,,,,,0.00,,,0.00,,,,,,0.00,,,0.00,,,0.00,,0.00,,,0.00,,,,,,1.00,1,,1.00,,0.00,,,,0.00,,0.00,,,,,,0.00,,,5.00,1,,0.00,,,,,,0.00,,,,2,,3,,5-15 yrs,5-15 yrs,2,2,2,2,5,,0,,20178456,169882,V,75.68,5.56,5.56,5.56,5.56,11.46,11.46,11.46,11.46,13.10,13.10,13.10,13.10,0.00
United Kingdom,GBR,England,UK_ENG,STATE_TOTAL,20221031,0.00,,,,,,0.00,,,0.00,,,,,,0.00,,,0.00,,,,,,0.00,,,0.00,,,,,,0.00,,,0.00,,,,,,0.00,,,0.00,,,,,,0.00,,,0.00,,,,,,0.00,,,0.00,,,0.00,,0.00,,,0.00,,,,,,1.00,1,,1.00,,0.00,,,,0.00,,0.00,,,,,,0.00,,,5.00,1,,0.00,,,,,,0.00,,,,2,,3,,5-15 yrs,5-15 yrs,2,2,2,2,5,,0,,20178456,169882,V,75.69,5.56,5.56,5.56,5.56,11.46,11.46,11.46,11.46,13.10,13.10,13.10,13.10,0.00
United Kingdom,GBR,England,UK_ENG,STATE_TOTAL,20221101,0.00,,,,,,0.00,,,0.00,,,,,,0.00,,,0.00,,,,,,0.00,,,0.00,,,,,,0.00,,,0.00,,,,,,0.00,,,0.00,,,,,,0.00,,,0.00,,,,,,0.00,,,0.00,,,0.00,,0.00,,,0.00,,,,,,1.00,1,,1.00,,0.00,,,,0.00,,0.00,,,,,,0.00,,,5.00,1,,0.00,,,,,,0.00,,,,2,,3,,5-15 yrs,5-15 yrs,2,2,2,2,5,,0,,20178456,169882,V,75.69,5.56,5.56,5.56,5.56,11.46,11.46,11.46,11.46,13.10,13.10,13.10,13.10,0.00
United Kingdom,GBR,England,UK_ENG,STATE_TOTAL,20221102,0.00,,,,,,0.00,,,0.00,,,,,,0.00,,,0.00,,,,,,0.00,,,0.00,,,,,,0.00,,,0.00,,,,,,0.00,,,0.00,,,,,,0.00,,,0.00,,,,,,0.00,,,0.00,,,0.00,,0.00,,,0.00,,,,,,1.00,1,,1.00,,0.00,,,,0.00,,0.00,,,,,,0.00,,,5.00,1,,0.00,,,,,,0.00,,,,2,,3,,5-15 yrs,5-15 yrs,2,2,2,2,5,,0,,20178456,169882,V,75.69,5.56,5.56,5.56,5.56,11.46,11.46,11.46,11.46,13.10,13.10,13.10,13.10,0.00
United Kingdom,GBR,England,UK_ENG,STATE_TOTAL,20221103,0.00,,,,,,0.00,,,0.00,,,,,,0.00,,,0.00,,,,,,0.00,,,0.00,,,,,,0.00,,,0.00,,,,,,0.00,,,0.00,,,,,,0.00,,,0.00,,,,,,0.00,,,0.00,,,0.00,,0.00,,,0.00,,,,,,1.00,1,,1.00,,0.00,,,,0.00,,0.00,,,,,,0.00,,,5.00,1,,0.00,,,,,,0.00,,,,2,,3,,5-15 yrs,5-15 yrs,2,2,2,2,5,,0,,20206637,170881,V,75.69,5.56,5.56,5.56,5.56,11.46,11.46,11.46,11.46,13.10,13.10,13.10,13.10,0.00
United Kingdom,GBR,England,UK_ENG,STATE_TOTAL,20221104,0.00,,,,,,0.00,,,0.00,,,,,,0.00,,,0.00,,,,,,0.00,,,0.00,,,,,,0.00,,,0.00,,,,,,0.00,,,0.00,,,,,,0.00,,,0.00,,,,,,0.00,,,0.00,,,0.00,,0.00,,,0.00,,,,,,1.00,1,,1.00,,0.00,,,,0.00,,0.00,,,,,,0.00,,,5.00,1,,0.00,,,,,,0.00,,,,2,,3,,5-15 yrs,5-15 yrs,2,2,2,2,5,,0,,20206637,170881,V,75.70,5.56,5.56,5.56,5.56,11.46,11.46,11.46,11.46,13.10,13.10,13.10,13.10,0.00
United Kingdom,GBR,England,UK_ENG,STATE_TOTAL,20221105,0.00,,,,,,0.00,,,0.00,,,,,,0.00,,,0.00,,,,,,0.00,,,0.00,,,,,,0.00,,,0.00,,,,,,0.00,,,0.00,,,,,,0.00,,,0.00,,,,,,0.00,,,0.00,,,0.00,,0.00,,,0.00,,,,,,1.00,1,,1.00,,0.00,,,,0.00,,0.00,,,,,,0.00,,,5.00,1,,0.00,,,,,,0.00,,,,2,,3,,5-15 yrs,5-15 yrs,2,2,2,2,5,,0,,20206637,170881,V,75.71,5.56,5.56,5.56,5.56,11.46,11.46,11.46,11.46,13.10,13.10,13.10,13.10,0.00
United Kingdom,GBR,England,UK_ENG,STATE_TOTAL,20221106,0.00,,,,,,0.00,,,0.00,,,,,,0.00,,,0.00,,,,,,0.00,,,0.00,,,,,,0.00,,,0.00,,,,,,0.00,,,0.00,,,,,,0.00,,,0.00,,,,,,0.00,,,0.00,,,0.00,,0.00,,,0.00,,,,,,1.00,1,,1.00,,0.00,,,,0.00,,0.00,,,,,,0.00,,,5.00,1,,0.00,,,,,,0.00,,,,2,,3,,5-15 yrs,5-15 yrs,2,2,2,2,5,,0,,20206637,170881,V,75.71,5.56,5.56,5.56,5.56,11.46,11.46,11.46,11.46,13.10,13.10,13.10,13.10,0.00
United Kingdom,GBR,England,UK_ENG,STATE_TOTAL,20221107,0.00,,,,,,0.00,,,0.00,,,,,,0.00,,,0.00,,,,,,0.00,,,0.00,,,,,,0.00,,,0.00,,,,,,0.00,,,0.00,,,,,,0.00,,,0.00,,,,,,0.00,,,0.00,,,0.00,,0.00,,,0.00,,,,,,1.00,1,,1.00,,0.00,,,,0.00,,0.00,,,,,,0.00,,,5.00,1,,0.00,,,,,,0.00,,,,2,,3,,5-15 yrs,5-15 yrs,2,2,2,2,5,,0,,20206637,170881,V,75.71,5.56,5.56,5.56,5.56,11.46,11.46,11.46,11.46,13.10,13.10,13.10,13.10,0.00
United Kingdom,GBR,England,UK_ENG,STATE_TOTAL,20221108,0.00,,,,,,0.00,,,0.00,,,,,,0.00,,,0.00,,,,,,0.00,,,0.00,,,,,,0.00,,,0.00,,,,,,0.00,,,0.00,,,,,,0.00,,,0.00,,,,,,0.00,,,0.00,,,0.00,,0.00,,,0.00,,,,,,1.00,1,,1.00,,0.00,,,,0.00,,0.00,,,,,,0.00,,,5.00,1,,0.00,,,,,,0.00,,,,2,,3,,5-15 yrs,5-15 yrs,2,2,2,2,5,,0,,20206637,170881,V,75.72,5.56,5.56,5.56,5.56,11.46,11.46,11.46,11.46,13.10,13.10,13.10,13.10,0.00
United Kingdom,GBR,England,UK_ENG,STATE_TOTAL,20221109,0.00,,,,,,0.00,,,0.00,,,,,,0.00,,,0.00,,,,,,0.00,,,0.00,,,,,,0.00,,,0.00,,,,,,0.00,,,0.00,,,,,,0.00,,,0.00,,,,,,0.00,,,0.00,,,0.00,,0.00,,,0.00,,,,,,1.00,1,,1.00,,0.00,,,,0.00,,0.00,,,,,,0.00,,,5.00,1,,0.00,,,,,,0.00,,,,2,,3,,5-15 yrs,5-15 yrs,2,2,2,2,5,,0,,20206637,170881,V,75.72,5.56,5.56,5.56,5.56,11.46,11.46,11.46,11.46,13.10,13.10,13.10,13.10,0.00
United Kingdom,GBR,England,UK_ENG,STATE_TOTAL,20221110,0.00,,,,,,0.00,,,0.00,,,,,,0.00,,,0.00,,,,,,0.00,,,0.00,,,,,,0.00,,,0.00,,,,,,0.00,,,0.00,,,,,,0.00,,,0.00,,,,,,0.00,,,0.00,,,0.00,,0.00,,,0.00,,,,,,1.00,1,,1.00,,0.00,,,,0.00,,0.00,,,,,,0.00,,,5.00,1,,0.00,,,,,,0.00,,,,2,,3,,5-15 yrs,5-15 yrs,2,2,2,2,5,,0,,20228010,171680,V,75.72,5.56,5.56,5.56,5.56,11.46,11.46,11.46,11.46,13.10,13.10,13.10,13.10,0.00
United Kingdom,GBR,England,UK_ENG,STATE_TOTAL,20221111,0.00,,,,,,0.00,,,0.00,,,,,,0.00,,,0.00,,,,,,0.00,,,0.00,,,,,,0.00,,,0.00,,,,,,0.00,,,0.00,,,,,,0.00,,,0.00,,,,,,0.00,,,0.00,,,0.00,,0.00,,,0.00,,,,,,1.00,1,,1.00,,0.00,,,,0.00,,0.00,,,,,,0.00,,,5.00,1,,0.00,,,,,,0.00,,,,2,,3,,5-15 yrs,5-15 yrs,2,2,2,2,5,,0,,20228010,171680,V,75.72,5.56,5.56,5.56,5.56,11.46,11.46,11.46,11.46,13.10,13.10,13.10,13.10,0.00
United Kingdom,GBR,England,UK_ENG,STATE_TOTAL,20221112,0.00,,,,,,0.00,,,0.00,,,,,,0.00,,,0.00,,,,,,0.00,,,0.00,,,,,,0.00,,,0.00,,,,,,0.00,,,0.00,,,,,,0.00,,,0.00,,,,,,0.00,,,0.00,,,0.00,,0.00,,,0.00,,,,,,1.00,1,,1.00,,0.00,,,,0.00,,0.00,,,,,,0.00,,,5.00,1,,0.00,,,,,,0.00,,,,2,,3,,5-15 yrs,5-15 yrs,2,2,2,2,5,,0,,20228010,171680,V,75.73,5.56,5.56,5.56,5.56,11.46,11.46,11.46,11.46,13.10,13.10,13.10,13.10,0.00
United Kingdom,GBR,England,UK_ENG,STATE_TOTAL,20221113,0.00,,,,,,0.00,,,0.00,,,,,,0.00,,,0.00,,,,,,0.00,,,0.00,,,,,,0.00,,,0.00,,,,,,0.00,,,0.00,,,,,,0.00,,,0.00,,,,,,0.00,,,0.00,,,0.00,,0.00,,,0.00,,,,,,1.00,1,,1.00,,0.00,,,,0.00,,0.00,,,,,,0.00,,,5.00,1,,0.00,,,,,,0.00,,,,2,,3,,5-15 yrs,5-15 yrs,2,2,2,2,5,,0,,20228010,171680,V,75.74,5.56,5.56,5.56,5.56,11.46,11.46,11.46,11.46,13.10,13.10,13.10,13.10,0.00
United Kingdom,GBR,England,UK_ENG,STATE_TOTAL,20221114,0.00,,,,,,0.00,,,0.00,,,,,,0.00,,,0.00,,,,,,0.00,,,0.00,,,,,,0.00,,,0.00,,,,,,0.00,,,0.00,,,,,,0.00,,,0.00,,,,,,0.00,,,0.00,,,0.00,,0.00,,,0.00,,,,,,1.00,1,,1.00,,0.00,,,,0.00,,0.00,,,,,,0.00,,,5.00,1,,0.00,,,,,,0.00,,,,2,,3,,5-15 yrs,5-15 yrs,2,2,2,2,5,,0,,20228010,171680,V,75.74,5.56,5.56,5.56,5.56,11.46,11.46,11.46,11.46,13.10,13.10,13.10,13.10,0.00
United Kingdom,GBR,England,UK_ENG,STATE_TOTAL,20221115,0.00,,,,,,0.00,,,0.00,,,,,,0.00,,,0.00,,,,,,0.00,,,0.00,,,,,,0.00,,,0.00,,,,,,0.00,,,0.00,,,,,,0.00,,,0.00,,,,,,0.00,,,0.00,,,0.00,,0.00,,,0.00,,,,,,1.00,1,,1.00,,0.00,,,,0.00,,0.00,,,,,,0.00,,,5.00,1,,0.00,,,,,,0.00,,,,2,,3,,5-15 yrs,5-15 yrs,2,2,2,2,5,,0,,20228010,171680,V,75.74,5.56,5.56,5.56,5.56,11.46,11.46,11.46,11.46,13.10,13.10,13.10,13.10,0.00
United Kingdom,GBR,England,UK_ENG,STATE_TOTAL,20221116,0.00,,,,,,0.00,,,0.00,,,,,,0.00,,,0.00,,,,,,0.00,,,0.00,,,,,,0.00,,,0.00,,,,,,0.00,,,0.00,,,,,,0.00,,,0.00,,,,,,0.00,,,0.00,,,0.00,,0.00,,,0.00,,,,,,1.00,1,,1.00,,0.00,,,,0.00,,0.00,,,,,,0.00,,,5.00,1,,0.00,,,,,,0.00,,,,2,,3,,5-15 yrs,5-15 yrs,2,2,2,2,5,,0,,20228010,171680,V,75.74,5.56,5.56,5.56,5.56,11.46,11.46,11.46,11.46,13.10,13.10,13.10,13.10,0.00
United Kingdom,GBR,England,UK_ENG,STATE_TOTAL,20221117,0.00,,,,,,0.00,,,0.00,,,,,,0.00,,,0.00,,,,,,0.00,,,0.00,,,,,,0.00,,,0.00,,,,,,0.00,,,0.00,,,,,,0.00,,,0.00,,,,,,0.00,,,0.00,,,0.00,,0.00,,,0.00,,,,,,1.00,1,,1.00,,0.00,,,,0.00,,0.00,,,,,,0.00,,,5.00,1,,0.00,,,,,,0.00,,,,2,,3,,5-15 yrs,5-15 yrs,2,2,2,2,5,,0,,20248860,172376,V,75.74,5.56,5.56,5.56,5.56,11.46,11.46,11.46,11.46,13.10,13.10,13.10,13.10,0.00
United Kingdom,GBR,England,UK_ENG,STATE_TOTAL,20221118,0.00,,,,,,0.00,,,0.00,,,,,,0.00,,,0.00,,,,,,0.00,,,0.00,,,,,,0.00,,,0.00,,,,,,0.00,,,0.00,,,,,,0.00,,,0.00,,,,,,0.00,,,0.00,,,0.00,,0.00,,,0.00,,,,,,1.00,1,,1.00,,0.00,,,,0.00,,0.00,,,,,,0.00,,,5.00,1,,0.00,,,,,,0.00,,,,2,,3,,5-15 yrs,5-15 yrs,2,2,2,2,5,,0,,20248860,172376,V,75.75,5.56,5.56,5.56,5.56,11.46,11.46,11.46,11.46,13.10,13.10,13.10,13.10,0.00
United Kingdom,GBR,England,UK_ENG,STATE_TOTAL,20221119,0.00,,,,,,0.00,,,0.00,,,,,,0.00,,,0.00,,,,,,0.00,,,0.00,,,,,,0.00,,,0.00,,,,,,0.00,,,0.00,,,,,,0.00,,,0.00,,,,,,0.00,,,0.00,,,0.00,,0.00,,,0.00,,,,,,1.00,1,,1.00,,0.00,,,,0.00,,0.00,,,,,,0.00,,,5.00,1,,0.00,,,,,,0.00,,,,2,,3,,5-15 yrs,5-15 yrs,2,2,2,2,5,,0,,20248860,172376,V,75.76,5.56,5.56,5.56,5.56,11.46,11.46,11.46,11.46,13.10,13.10,13.10,13.10,0.00
United Kingdom,GBR,England,UK_ENG,STATE_TOTAL,20221120,0.00,,,,,,0.00,,,0.00,,,,,,0.00,,,0.00,,,,,,0.00,,,0.00,,,,,,0.00,,,0.00,,,,,,0.00,,,0.00,,,,,,0.00,,,0.00,,,,,,0.00,,,0.00,,,0.00,,0.00,,,0.00,,,,,,1.00,1,,1.00,,0.00,,,,0.00,,0.00,,,,,,0.00,,,5.00,1,,0.00,,,,,,0.00,,,,2,,3,,5-15 yrs,5-15 yrs,2,2,2,2,5,,0,,20248860,172376,V,75.76,5.56,5.56,5.56,5.56,11.46,11.46,11.46,11.46,13.10,13.10,13.10,13.10,0.00
United Kingdom,GBR,England,UK_ENG,STATE_TOTAL,20221121,0.00,,,,,,0.00,,,0.00,,,,,,0.00,,,0.00,,,,,,0.00,,,0.00,,,,,,0.00,,,0.00,,,,,,0.00,,,0.00,,,,,,0.00,,,0.00,,,,,,0.00,,,0.00,,,0.00,,0.00,,,0.00,,,,,,1.00,1,,1.00,,0.00,,,,0.00,,0.00,,,,,,0.00,,,5.00,1,,0.00,,,,,,0.00,,,,2,,3,,5-15 yrs,5-15 yrs,2,2,2,2,5,,0,,20248860,172376,V,75.76,5.56,5.56,5.56,5.56,11.46,11.46,11.46,11.46,13.10,13.10,13.10,13.10,0.00
United Kingdom,GBR,England,UK_ENG,STATE_TOTAL,20221122,0.00,,,,,,0.00,,,0.00,,,,,,0.00,,,0.00,,,,,,0.00,,,0.00,,,,,,0.00,,,0.00,,,,,,0.00,,,0.00,,,,,,0.00,,,0.00,,,,,,0.00,,,0.00,,,0.00,,0.00,,,0.00,,,,,,1.00,1,,1.00,,0.00,,,,0.00,,0.00,,,,,,0.00,,,5.00,1,,0.00,,,,,,0.00,,,,2,,3,,5-15 yrs,5-15 yrs,2,2,2,2,5,,0,,20248860,172376,V,75.77,5.56,5.56,5.56,5.56,11.46,11.46,11.46,11.46,13.10,13.10,13.10,13.10,0.00
United Kingdom,GBR,England,UK_ENG,STATE_TOTAL,20221123,0.00,,,,,,0.00,,,0.00,,,,,,0.00,,,0.00,,,,,,0.00,,,0.00,,,,,,0.00,,,0.00,,,,,,0.00,,,0.00,,,,,,0.00,,,0.00,,,,,,0.00,,,0.00,,,0.00,,0.00,,,0.00,,,,,,1.00,1,,1.00,,0.00,,,,0.00,,0.00,,,,,,0.00,,,5.00,1,,0.00,,,,,,0.00,,,,2,,3,,5-15 yrs,5-15 yrs,2,2,2,2,5,,0,,20248860,172376,V,75.77,5.56,5.56,5.56,5.56,11.46,11.46,11.46,11.46,13.10,13.10,13.10,13.10,0.00
United Kingdom,GBR,England,UK_ENG,STATE_TOTAL,20221124,0.00,,,,,,0.00,,,0.00,,,,,,0.00,,,0.00,,,,,,0.00,,,0.00,,,,,,0.00,,,0.00,,,,,,0.00,,,0.00,,,,,,0.00,,,0.00,,,,,,0.00,,,0.00,,,0.00,,0.00,,,0.00,,,,,,1.00,1,,1.00,,0.00,,,,0.00,,0.00,,,,,,0.00,,,5.00,1,,0.00,,,,,,0.00,,,,2,,3,,5-15 yrs,5-15 yrs,2,2,2,2,5,,0,,20269112,172941,V,75.77,5.56,5.56,5.56,5.56,11.46,11.46,11.46,11.46,13.10,13.10,13.10,13.10,0.00
United Kingdom,GBR,England,UK_ENG,STATE_TOTAL,20221125,0.00,,,,,,0.00,,,0.00,,,,,,0.00,,,0.00,,,,,,0.00,,,0.00,,,,,,0.00,,,0.00,,,,,,0.00,,,0.00,,,,,,0.00,,,0.00,,,,,,0.00,,,0.00,,,0.00,,0.00,,,0.00,,,,,,1.00,1,,1.00,,0.00,,,,0.00,,0.00,,,,,,0.00,,,5.00,1,,0.00,,,,,,0.00,,,,2,,3,,5-15 yrs,5-15 yrs,2,2,2,2,5,,0,,20269112,172941,V,75.77,5.56,5.56,5.56,5.56,11.46,11.46,11.46,11.46,13.10,13.10,13.10,13.10,0.00
United Kingdom,GBR,England,UK_ENG,STATE_TOTAL,20221126,0.00,,,,,,0.00,,,0.00,,,,,,0.00,,,0.00,,,,,,0.00,,,0.00,,,,,,0.00,,,0.00,,,,,,0.00,,,0.00,,,,,,0.00,,,0.00,,,,,,0.00,,,0.00,,,0.00,,0.00,,,0.00,,,,,,1.00,1,,1.00,,0.00,,,,0.00,,0.00,,,,,,0.00,,,5.00,1,,0.00,,,,,,0.00,,,,2,,3,,5-15 yrs,5-15 yrs,2,2,2,2,5,,0,,20269112,172941,V,75.78,5.56,5.56,5.56,5.56,11.46,11.46,11.46,11.46,13.10,13.10,13.10,13.10,0.00
United Kingdom,GBR,England,UK_ENG,STATE_TOTAL,20221127,0.00,,,,,,0.00,,,0.00,,,,,,0.00,,,0.00,,,,,,0.00,,,0.00,,,,,,0.00,,,0.00,,,,,,0.00,,,0.00,,,,,,0.00,,,0.00,,,,,,0.00,,,0.00,,,0.00,,0.00,,,0.00,,,,,,1.00,1,,1.00,,0.00,,,,0.00,,0.00,,,,,,0.00,,,5.00,1,,0.00,,,,,,0.00,,,,2,,3,,5-15 yrs,5-15 yrs,2,2,2,2,5,,0,,20269112,172941,V,75.78,5.56,5.56,5.56,5.56,11.46,11.46,11.46,11.46,13.10,13.10,13.10,13.10,0.00
United Kingdom,GBR,England,UK_ENG,STATE_TOTAL,20221128,0.00,,,,,,0.00,,,0.00,,,,,,0.00,,,0.00,,,,,,0.00,,,0.00,,,,,,0.00,,,0.00,,,,,,0.00,,,0.00,,,,,,0.00,,,0.00,,,,,,0.00,,,0.00,,,0.00,,0.00,,,0.00,,,,,,1.00,1,,1.00,,0.00,,,,0.00,,0.00,,,,,,0.00,,,5.00,1,,0.00,,,,,,0.00,,,,2,,3,,5-15 yrs,5-15 yrs,2,2,2,2,5,,0,,20269112,172941,V,75.79,5.56,5.56,5.56,5.56,11.46,11.46,11.46,11.46,13.10,13.10,13.10,13.10,0.00
United Kingdom,GBR,England,UK_ENG,STATE_TOTAL,20221129,0.00,,,,,,0.00,,,0.00,,,,,,0.00,,,0.00,,,,,,0.00,,,0.00,,,,,,0.00,,,0.00,,,,,,0.00,,,0.00,,,,,,0.00,,,0.00,,,,,,0.00,,,0.00,,,0.00,,0.00,,,0.00,,,,,,1.00,1,,1.00,,0.00,,,,0.00,,0.00,,,,,,0.00,,,5.00,1,,0.00,,,,,,0.00,,,,2,,3,,5-15 yrs,5-15 yrs,2,2,2,2,5,,0,,20269112,172941,V,75.79,5.56,5.56,5.56,5.56,11.46,11.46,11.46,11.46,13.10,13.10,13.10,13.10,0.00
United Kingdom,GBR,England,UK_ENG,STATE_TOTAL,20221130,0.00,,,,,,0.00,,,0.00,,,,,,0.00,,,0.00,,,,,,0.00,,,0.00,,,,,,0.00,,,0.00,,,,,,0.00,,,0.00,,,,,,0.00,,,0.00,,,,,,0.00,,,0.00,,,0.00,,0.00,,,0.00,,,,,,1.00,1,,1.00,,0.00,,,,0.00,,0.00,,,,,,0.00,,,5.00,1,,0.00,,,,,,0.00,,,,2,,3,,5-15 yrs,5-15 yrs,2,2,2,2,5,,0,,20269112,172941,V,75.79,5.56,5.56,5.56,5.56,11.46,11.46,11.46,11.46,13.10,13.10,13.10,13.10,0.00
United Kingdom,GBR,England,UK_ENG,STATE_TOTAL,20221201,0.00,,,,,,0.00,,,0.00,,,,,,0.00,,,0.00,,,,,,0.00,,,0.00,,,,,,0.00,,,0.00,,,,,,0.00,,,0.00,,,,,,0.00,,,0.00,,,,,,0.00,,,0.00,,,0.00,,0.00,,,0.00,,,,,,1.00,1,,1.00,,0.00,,,,0.00,,0.00,,,,,,0.00,,,5.00,1,,0.00,,,,,,0.00,,,,2,,3,,5-15 yrs,5-15 yrs,2,2,2,2,5,,0,,20291473,173360,V,75.79,5.56,5.56,5.56,5.56,11.46,11.46,11.46,11.46,13.10,13.10,13.10,13.10,0.00
United Kingdom,GBR,England,UK_ENG,STATE_TOTAL,20221202,0.00,,,,,,0.00,,,0.00,,,,,,0.00,,,0.00,,,,,,0.00,,,0.00,,,,,,0.00,,,0.00,,,,,,0.00,,,0.00,,,,,,0.00,,,0.00,,,,,,0.00,,,0.00,,,0.00,,0.00,,,0.00,,,,,,1.00,1,,1.00,,0.00,,,,0.00,,0.00,,,,,,0.00,,,5.00,1,,0.00,,,,,,0.00,,,,2,,3,,5-15 yrs,5-15 yrs,2,2,2,2,5,,0,,20291473,173360,V,75.79,5.56,5.56,5.56,5.56,11.46,11.46,11.46,11.46,13.10,13.10,13.10,13.10,0.00
United Kingdom,GBR,England,UK_ENG,STATE_TOTAL,20221203,0.00,,,,,,0.00,,,0.00,,,,,,0.00,,,0.00,,,,,,0.00,,,0.00,,,,,,0.00,,,0.00,,,,,,0.00,,,0.00,,,,,,0.00,,,0.00,,,,,,0.00,,,0.00,,,0.00,,0.00,,,0.00,,,,,,1.00,1,,1.00,,0.00,,,,0.00,,0.00,,,,,,0.00,,,5.00,1,,0.00,,,,,,0.00,,,,2,,3,,5-15 yrs,5-15 yrs,2,2,2,2,5,,0,,20291473,173360,V,75.80,5.56,5.56,5.56,5.56,11.46,11.46,11.46,11.46,13.10,13.10,13.10,13.10,0.00
United Kingdom,GBR,England,UK_ENG,STATE_TOTAL,20221204,0.00,,,,,,0.00,,,0.00,,,,,,0.00,,,0.00,,,,,,0.00,,,0.00,,,,,,0.00,,,0.00,,,,,,0.00,,,0.00,,,,,,0.00,,,0.00,,,,,,0.00,,,0.00,,,0.00,,0.00,,,0.00,,,,,,1.00,1,,1.00,,0.00,,,,0.00,,0.00,,,,,,0.00,,,5.00,1,,0.00,,,,,,0.00,,,,2,,3,,5-15 yrs,5-15 yrs,2,2,2,2,5,,0,,20291473,173360,V,75.80,5.56,5.56,5.56,5.56,11.46,11.46,11.46,11.46,13.10,13.10,13.10,13.10,0.00
United Kingdom,GBR,England,UK_ENG,STATE_TOTAL,20221205,0.00,,,,,,0.00,,,0.00,,,,,,0.00,,,0.00,,,,,,0.00,,,0.00,,,,,,0.00,,,0.00,,,,,,0.00,,,0.00,,,,,,0.00,,,0.00,,,,,,0.00,,,0.00,,,0.00,,0.00,,,0.00,,,,,,1.00,1,,1.00,,0.00,,,,0.00,,0.00,,,,,,0.00,,,5.00,1,,0.00,,,,,,0.00,,,,2,,3,,5-15 yrs,5-15 yrs,2,2,2,2,5,,0,,20291473,173360,V,75.80,5.56,5.56,5.56,5.56,11.46,11.46,11.46,11.46,13.10,13.10,13.10,13.10,0.00
United Kingdom,GBR,England,UK_ENG,STATE_TOTAL,20221206,0.00,,,,,,0.00,,,0.00,,,,,,0.00,,,0.00,,,,,,0.00,,,0.00,,,,,,0.00,,,0.00,,,,,,0.00,,,0.00,,,,,,0.00,,,0.00,,,,,,0.00,,,0.00,,,0.00,,0.00,,,0.00,,,,,,1.00,1,,1.00,,0.00,,,,0.00,,0.00,,,,,,0.00,,,5.00,1,,0.00,,,,,,0.00,,,,2,,3,,5-15 yrs,5-15 yrs,2,2,2,2,5,,0,,20291473,173360,V,75.80,5.56,5.56,5.56,5.56,11.46,11.46,11.46,11.46,13.10,13.10,13.10,13.10,0.00
United Kingdom,GBR,England,UK_ENG,STATE_TOTAL,20221207,0.00,,,,,,0.00,,,0.00,,,,,,0.00,,,0.00,,,,,,0.00,,,0.00,,,,,,0.00,,,0.00,,,,,,0.00,,,0.00,,,,,,0.00,,,0.00,,,,,,0.00,,,0.00,,,0.00,,0.00,,,0.00,,,,,,1.00,1,,1.00,,0.00,,,,0.00,,0.00,,,,,,0.00,,,5.00,1,,0.00,,,,,,0.00,,,,2,,3,,5-15 yrs,5-15 yrs,2,2,2,2,5,,0,,20291473,173360,V,75.80,5.56,5.56,5.56,5.56,11.46,11.46,11.46,11.46,13.10,13.10,13.10,13.10,0.00
United Kingdom,GBR,England,UK_ENG,STATE_TOTAL,20221208,0.00,,,,,,0.00,,,0.00,,,,,,0.00,,,0.00,,,,,,0.00,,,0.00,,,,,,0.00,,,0.00,,,,,,0.00,,,0.00,,,,,,0.00,,,0.00,,,,,,0.00,,,0.00,,,0.00,,0.00,,,0.00,,,,,,1.00,1,,1.00,,0.00,,,,0.00,,0.00,,,,,,0.00,,,5.00,1,,0.00,,,,,,0.00,,,,2,,3,,5-15 yrs,5-15 yrs,2,2,2,2,5,,0,,20317848,173821,V,75.81,5.56,5.56,5.56,5.56,11.46,11.46,11.46,11.46,13.10,13.10,13.10,13.10,0.00
United Kingdom,GBR,England,UK_ENG,STATE_TOTAL,20221209,0.00,,,,,,0.00,,,0.00,,,,,,0.00,,,0.00,,,,,,0.00,,,0.00,,,,,,0.00,,,0.00,,,,,,0.00,,,0.00,,,,,,0.00,,,0.00,,,,,,0.00,,,0.00,,,0.00,,0.00,,,0.00,,,,,,1.00,1,,1.00,,0.00,,,,0.00,,0.00,,,,,,0.00,,,5.00,1,,0.00,,,,,,0.00,,,,2,,3,,5-15 yrs,5-15 yrs,2,2,2,2,5,,0,,20317848,173821,V,75.81,5.56,5.56,5.56,5.56,11.46,11.46,11.46,11.46,13.10,13.10,13.10,13.10,0.00
United Kingdom,GBR,England,UK_ENG,STATE_TOTAL,20221210,0.00,,,,,,0.00,,,0.00,,,,,,0.00,,,0.00,,,,,,0.00,,,0.00,,,,,,0.00,,,0.00,,,,,,0.00,,,0.00,,,,,,0.00,,,0.00,,,,,,0.00,,,0.00,,,0.00,,0.00,,,0.00,,,,,,1.00,1,,1.00,,0.00,,,,0.00,,0.00,,,,,,0.00,,,5.00,1,,0.00,,,,,,0.00,,,,2,,3,,5-15 yrs,5-15 yrs,2,2,2,2,5,,0,,20317848,173821,V,75.81,5.56,5.56,5.56,5.56,11.46,11.46,11.46,11.46,13.10,13.10,13.10,13.10,0.00
United Kingdom,GBR,England,UK_ENG,STATE_TOTAL,20221211,0.00,,,,,,0.00,,,0.00,,,,,,0.00,,,0.00,,,,,,0.00,,,0.00,,,,,,0.00,,,0.00,,,,,,0.00,,,0.00,,,,,,0.00,,,0.00,,,,,,0.00,,,0.00,,,0.00,,0.00,,,0.00,,,,,,1.00,1,,1.00,,0.00,,,,0.00,,0.00,,,,,,0.00,,,5.00,1,,0.00,,,,,,0.00,,,,2,,3,,5-15 yrs,5-15 yrs,2,2,2,2,5,,0,,20317848,173821,V,75.81,5.56,5.56,5.56,5.56,11.46,11.46,11.46,11.46,13.10,13.10,13.10,13.10,0.00
United Kingdom,GBR,England,UK_ENG,STATE_TOTAL,20221212,0.00,,,,,,0.00,,,0.00,,,,,,0.00,,,0.00,,,,,,0.00,,,0.00,,,,,,0.00,,,0.00,,,,,,0.00,,,0.00,,,,,,0.00,,,0.00,,,,,,0.00,,,0.00,,,0.00,,0.00,,,0.00,,,,,,1.00,1,,1.00,,0.00,,,,0.00,,0.00,,,,,,0.00,,,5.00,1,,0.00,,,,,,0.00,,,,2,,3,,5-15 yrs,5-15 yrs,2,2,2,2,5,,0,,20317848,173821,V,75.81,5.56,5.56,5.56,5.56,11.46,11.46,11.46,11.46,13.10,13.10,13.10,13.10,0.00
United Kingdom,GBR,England,UK_ENG,STATE_TOTAL,20221213,0.00,,,,,,0.00,,,0.00,,,,,,0.00,,,0.00,,,,,,0.00,,,0.00,,,,,,0.00,,,0.00,,,,,,0.00,,,0.00,,,,,,0.00,,,0.00,,,,,,0.00,,,0.00,,,0.00,,0.00,,,0.00,,,,,,1.00,1,,1.00,,0.00,,,,0.00,,0.00,,,,,,0.00,,,5.00,1,,0.00,,,,,,0.00,,,,2,,3,,5-15 yrs,5-15 yrs,2,2,2,2,5,,0,,20317848,173821,V,75.82,5.56,5.56,5.56,5.56,11.46,11.46,11.46,11.46,13.10,13.10,13.10,13.10,0.00
United Kingdom,GBR,England,UK_ENG,STATE_TOTAL,20221214,0.00,,,,,,0.00,,,0.00,,,,,,0.00,,,0.00,,,,,,0.00,,,0.00,,,,,,0.00,,,0.00,,,,,,0.00,,,0.00,,,,,,0.00,,,0.00,,,,,,0.00,,,0.00,,,0.00,,0.00,,,0.00,,,,,,1.00,1,,1.00,,0.00,,,,0.00,,0.00,,,,,,0.00,,,5.00,1,,0.00,,,,,,0.00,,,,2,,3,,5-15 yrs,5-15 yrs,2,2,2,2,5,,0,,20317848,173821,V,75.82,5.56,5.56,5.56,5.56,11.46,11.46,11.46,11.46,13.10,13.10,13.10,13.10,0.00
United Kingdom,GBR,England,UK_ENG,STATE_TOTAL,20221215,0.00,,,,,,0.00,,,0.00,,,,,,0.00,,,0.00,,,,,,0.00,,,0.00,,,,,,0.00,,,0.00,,,,,,0.00,,,0.00,,,,,,0.00,,,0.00,,,,,,0.00,,,0.00,,,0.00,,0.00,,,0.00,,,,,,1.00,1,,1.00,,0.00,,,,0.00,,0.00,,,,,,0.00,,,5.00,1,,0.00,,,,,,0.00,,,,2,,3,,5-15 yrs,5-15 yrs,2,2,2,2,5,,0,,20350226,174356,V,75.82,5.56,5.56,5.56,5.56,11.46,11.46,11.46,11.46,13.10,13.10,13.10,13.10,0.00
United Kingdom,GBR,England,UK_ENG,STATE_TOTAL,20221216,0.00,,,,,,0.00,,,0.00,,,,,,0.00,,,0.00,,,,,,0.00,,,0.00,,,,,,0.00,,,0.00,,,,,,0.00,,,0.00,,,,,,0.00,,,0.00,,,,,,0.00,,,0.00,,,0.00,,0.00,,,0.00,,,,,,1.00,1,,1.00,,0.00,,,,0.00,,0.00,,,,,,0.00,,,5.00,1,,0.00,,,,,,0.00,,,,2,,3,,5-15 yrs,5-15 yrs,2,2,2,2,5,,0,,20350226,174356,V,75.82,5.56,5.56,5.56,5.56,11.46,11.46,11.46,11.46,13.10,13.10,13.10,13.10,0.00
United Kingdom,GBR,England,UK_ENG,STATE_TOTAL,20221217,0.00,,,,,,0.00,,,0.00,,,,,,0.00,,,0.00,,,,,,0.00,,,0.00,,,,,,0.00,,,0.00,,,,,,0.00,,,0.00,,,,,,0.00,,,0.00,,,,,,0.00,,,0.00,,,0.00,,0.00,,,0.00,,,,,,1.00,1,,1.00,,0.00,,,,0.00,,0.00,,,,,,0.00,,,5.00,1,,0.00,,,,,,0.00,,,,2,,3,,5-15 yrs,5-15 yrs,2,2,2,2,5,,0,,20350226,174356,V,75.82,5.56,5.56,5.56,5.56,11.46,11.46,11.46,11.46,13.10,13.10,13.10,13.10,0.00
United Kingdom,GBR,England,UK_ENG,STATE_TOTAL,20221218,0.00,,,,,,0.00,,,0.00,,,,,,0.00,,,0.00,,,,,,0.00,,,0.00,,,,,,0.00,,,0.00,,,,,,0.00,,,0.00,,,,,,0.00,,,0.00,,,,,,0.00,,,0.00,,,0.00,,0.00,,,0.00,,,,,,1.00,1,,1.00,,0.00,,,,0.00,,0.00,,,,,,0.00,,,5.00,1,,0.00,,,,,,0.00,,,,2,,3,,5-15 yrs,5-15 yrs,2,2,2,2,5,,0,,20350226,174356,V,75.82,5.56,5.56,5.56,5.56,11.46,11.46,11.46,11.46,13.10,13.10,13.10,13.10,0.00
United Kingdom,GBR,England,UK_ENG,STATE_TOTAL,20221219,0.00,,,,,,0.00,,,0.00,,,,,,0.00,,,0.00,,,,,,0.00,,,0.00,,,,,,0.00,,,0.00,,,,,,0.00,,,0.00,,,,,,0.00,,,0.00,,,,,,0.00,,,0.00,,,0.00,,0.00,,,0.00,,,,,,1.00,1,,1.00,,0.00,,,,0.00,,0.00,,,,,,0.00,,,5.00,1,,0.00,,,,,,0.00,,,,2,,3,,5-15 yrs,5-15 yrs,2,2,2,2,5,,0,,20350226,174356,V,75.83,5.56,5.56,5.56,5.56,11.46,11.46,11.46,11.46,13.10,13.10,13.10,13.10,0.00
United Kingdom,GBR,England,UK_ENG,STATE_TOTAL,20221220,0.00,,,,,,0.00,,,0.00,,,,,,0.00,,,0.00,,,,,,0.00,,,0.00,,,,,,0.00,,,0.00,,,,,,0.00,,,0.00,,,,,,0.00,,,0.00,,,,,,0.00,,,0.00,,,0.00,,0.00,,,0.00,,,,,,1.00,1,,1.00,,0.00,,,,0.00,,0.00,,,,,,0.00,,,5.00,1,,0.00,,,,,,0.00,,,,2,,3,,5-15 yrs,5-15 yrs,2,2,2,2,5,,0,,20350226,174356,V,75.83,5.56,5.56,5.56,5.56,11.46,11.46,11.46,11.46,13.10,13.10,13.10,13.10,0.00
United Kingdom,GBR,England,UK_ENG,STATE_TOTAL,20221221,0.00,,,,,,0.00,,,0.00,,,,,,0.00,,,0.00,,,,,,0.00,,,0.00,,,,,,0.00,,,0.00,,,,,,0.00,,,0.00,,,,,,0.00,,,0.00,,,,,,0.00,,,0.00,,,0.00,,0.00,,,0.00,,,,,,1.00,1,,1.00,,0.00,,,,0.00,,0.00,,,,,,0.00,,,5.00,1,,0.00,,,,,,0.00,,,,2,,3,,5-15 yrs,5-15 yrs,2,2,2,2,5,,0,,20350226,174356,V,75.83,5.56,5.56,5.56,5.56,11.46,11.46,11.46,11.46,13.10,13.10,13.10,13.10,0.00
United Kingdom,GBR,England,UK_ENG,STATE_TOTAL,20221222,0.00,,,,,,0.00,,,0.00,,,,,,0.00,,,0.00,,,,,,0.00,,,0.00,,,,,,0.00,,,0.00,,,,,,0.00,,,0.00,,,,,,0.00,,,0.00,,,,,,0.00,,,0.00,,,0.00,,0.00,,,0.00,,,,,,1.00,1,,1.00,,0.00,,,,0.00,,0.00,,,,,,0.00,,,5.00,1,,0.00,,,,,,0.00,,,,2,,3,,5-15 yrs,5-15 yrs,2,2,2,2,5,,0,,20392339,175007,V,75.83,5.56,5.56,5.56,5.56,11.46,11.46,11.46,11.46,13.10,13.10,13.10,13.10,0.00
United Kingdom,GBR,England,UK_ENG,STATE_TOTAL,20221223,0.00,,,,,,0.00,,,0.00,,,,,,0.00,,,0.00,,,,,,0.00,,,0.00,,,,,,0.00,,,0.00,,,,,,0.00,,,0.00,,,,,,0.00,,,0.00,,,,,,0.00,,,0.00,,,0.00,,0.00,,,0.00,,,,,,1.00,1,,1.00,,0.00,,,,0.00,,0.00,,,,,,0.00,,,5.00,1,,0.00,,,,,,0.00,,,,2,,3,,5-15 yrs,5-15 yrs,2,2,2,2,5,,0,,20392339,175007,V,75.83,5.56,5.56,5.56,5.56,11.46,11.46,11.46,11.46,13.10,13.10,13.10,13.10,0.00
United Kingdom,GBR,England,UK_ENG,STATE_TOTAL,20221224,0.00,,,,,,0.00,,,0.00,,,,,,0.00,,,0.00,,,,,,0.00,,,0.00,,,,,,0.00,,,0.00,,,,,,0.00,,,0.00,,,,,,0.00,,,0.00,,,,,,0.00,,,0.00,,,0.00,,0.00,,,0.00,,,,,,1.00,1,,1.00,,0.00,,,,0.00,,0.00,,,,,,0.00,,,5.00,1,,0.00,,,,,,0.00,,,,2,,3,,5-15 yrs,5-15 yrs,2,2,2,2,5,,0,,20392339,175007,V,75.83,5.56,5.56,5.56,5.56,11.46,11.46,11.46,11.46,13.10,13.10,13.10,13.10,0.00
United Kingdom,GBR,England,UK_ENG,STATE_TOTAL,20221225,0.00,,,,,,0.00,,,0.00,,,,,,0.00,,,0.00,,,,,,0.00,,,0.00,,,,,,0.00,,,0.00,,,,,,0.00,,,0.00,,,,,,0.00,,,0.00,,,,,,0.00,,,0.00,,,0.00,,0.00,,,0.00,,,,,,1.00,1,,1.00,,0.00,,,,0.00,,0.00,,,,,,0.00,,,5.00,1,,0.00,,,,,,0.00,,,,2,,3,,5-15 yrs,5-15 yrs,2,2,2,2,5,,0,,20392339,175007,V,75.83,5.56,5.56,5.56,5.56,11.46,11.46,11.46,11.46,13.10,13.10,13.10,13.10,0.00
United Kingdom,GBR,England,UK_ENG,STATE_TOTAL,20221226,0.00,,,,,,0.00,,,0.00,,,,,,0.00,,,0.00,,,,,,0.00,,,0.00,,,,,,0.00,,,0.00,,,,,,0.00,,,0.00,,,,,,0.00,,,0.00,,,,,,0.00,,,0.00,,,0.00,,0.00,,,0.00,,,,,,1.00,1,,1.00,,0.00,,,,0.00,,0.00,,,,,,0.00,,,5.00,1,,0.00,,,,,,0.00,,,,2,,3,,5-15 yrs,5-15 yrs,2,2,2,2,5,,0,,20392339,175007,V,75.83,5.56,5.56,5.56,5.56,11.46,11.46,11.46,11.46,13.10,13.10,13.10,13.10,0.00
United Kingdom,GBR,England,UK_ENG,STATE_TOTAL,20221227,0.00,,,,,,0.00,,,0.00,,,,,,0.00,,,0.00,,,,,,0.00,,,0.00,,,,,,0.00,,,0.00,,,,,,0.00,,,0.00,,,,,,0.00,,,0.00,,,,,,0.00,,,0.00,,,0.00,,0.00,,,0.00,,,,,,1.00,1,,1.00,,0.00,,,,0.00,,0.00,,,,,,0.00,,,5.00,1,,0.00,,,,,,0.00,,,,2,,3,,5-15 yrs,5-15 yrs,2,2,2,2,5,,0,,20392339,175007,V,75.83,5.56,5.56,5.56,5.56,11.46,11.46,11.46,11.46,13.10,13.10,13.10,13.10,0.00
United Kingdom,GBR,England,UK_ENG,STATE_TOTAL,20221228,0.00,,,,,,0.00,,,0.00,,,,,,0.00,,,0.00,,,,,,0.00,,,0.00,,,,,,0.00,,,0.00,,,,,,0.00,,,0.00,,,,,,0.00,,,0.00,,,,,,0.00,,,0.00,,,0.00,,0.00,,,0.00,,,,,,1.00,1,,1.00,,0.00,,,,0.00,,0.00,,,,,,0.00,,,5.00,1,,0.00,,,,,,0.00,,,,2,,3,,5-15 yrs,5-15 yrs,2,2,2,2,5,,0,,20392339,175007,V,75.84,5.56,5.56,5.56,5.56,11.46,11.46,11.46,11.46,13.10,13.10,13.10,13.10,0.00
United Kingdom,GBR,England,UK_ENG,STATE_TOTAL,20221229,0.00,,,,,,0.00,,,0.00,,,,,,0.00,,,0.00,,,,,,0.00,,,0.00,,,,,,0.00,,,0.00,,,,,,0.00,,,0.00,,,,,,0.00,,,0.00,,,,,,0.00,,,0.00,,,0.00,,0.00,,,0.00,,,,,,1.00,1,,1.00,,0.00,,,,0.00,,0.00,,,,,,0.00,,,5.00,1,,0.00,,,,,,0.00,,,,2,,3,,5-15 yrs,5-15 yrs,2,2,2,2,5,,0,,20429062,175007,V,75.84,5.56,5.56,5.56,5.56,11.46,11.46,11.46,11.46,13.10,13.10,13.10,13.10,0.00
United Kingdom,GBR,England,UK_ENG,STATE_TOTAL,20221230,0.00,,,,,,0.00,,,0.00,,,,,,0.00,,,0.00,,,,,,0.00,,,0.00,,,,,,0.00,,,0.00,,,,,,0.00,,,0.00,,,,,,0.00,,,0.00,,,,,,0.00,,,0.00,,,0.00,,0.00,,,0.00,,,,,,1.00,1,,1.00,,0.00,,,,0.00,,0.00,,,,,,0.00,,,5.00,1,,0.00,,,,,,0.00,,,,2,,3,,5-15 yrs,5-15 yrs,2,2,2,2,5,,0,,20429062,175007,V,75.84,5.56,5.56,5.56,5.56,11.46,11.46,11.46,11.46,13.10,13.10,13.10,13.10,0.00
United Kingdom,GBR,England,UK_ENG,STATE_TOTAL,20221231,0.00,,,,,,0.00,,,0.00,,,,,,0.00,,,0.00,,,,,,0.00,,,0.00,,,,,,0.00,,,0.00,,,,,,0.00,,,0.00,,,,,,0.00,,,0.00,,,,,,0.00,,,0.00,,,0.00,,0.00,,,0.00,,,,,,1.00,1,,1.00,,0.00,,,,0.00,,0.00,,,,,,0.00,,,5.00,1,,0.00,,,,,,0.00,,,,2,,3,,5-15 yrs,5-15 yrs,2,2,2,2,5,,0,,20429062,175007,V,75.84,5.56,5.56,5.56,5.56,11.46,11.46,11.46,11.46,13.10,13.10,13.10,13.10,0.00
United Kingdom,GBR,Northern Ireland,UK_NIR,STATE_TOTAL,20220101,1.00,1,,,,,1.00,1,,,,2.00,1,1.00,1,1.00,1,,2.00,1,,,,,2.00,1,,3.00,1,,,,,3.00,1,,1.00,1,,,,,1.00,1,,0.00,,,,,,0.00,,,0.00,,,,,,0.00,,,,2.00,1.00,1.00,,0.00,,,1.00,,,,,,2.00,1,,2.00,,1.00,,,,0.00,,2.00,1,,,,,2.00,1,,5.00,1,,2.00,1,,,,,2.00,1,,,2,,3,,5-15 yrs,5-15 yrs,2,2,2,2,5,,1,,402069,2980,V,68.39,52.78,46.30,49.54,48.35,53.65,50.00,51.83,51.15,57.74,53.57,55.65,54.89,25.00
United Kingdom,GBR,Northern Ireland,UK_NIR,STATE_TOTAL,20220102,1.00,1,,,,,1.00,1,,,,2.00,1,1.00,1,1.00,1,,2.00,1,,,,,2.00,1,,3.00,1,,,,,3.00,1,,1.00,1,,,,,1.00,1,,0.00,,,,,,0.00,,,0.00,,,,,,0.00,,,,2.00,1.00,1.00,,0.00,,,1.00,,,,,,2.00,1,,2.00,,1.00,,,,0.00,,2.00,1,,,,,2.00,1,,5.00,1,,2.00,1,,,,,2.00,1,,,2,,3,,5-15 yrs,5-15 yrs,2,2,2,2,5,,1,,402069,2980,V,68.40,52.78,46.30,49.54,48.35,53.65,50.00,51.83,51.15,57.74,53.57,55.65,54.89,25.00
United Kingdom,GBR,Northern Ireland,UK_NIR,STATE_TOTAL,20220103,1.00,1,,,,,1.00,1,,,,2.00,1,1.00,1,1.00,1,,2.00,1,,,,,2.00,1,,3.00,1,,,,,3.00,1,,1.00,1,,,,,1.00,1,,0.00,,,,,,0.00,,,0.00,,,,,,0.00,,,,2.00,1.00,1.00,,0.00,,,1.00,,,,,,2.00,1,,2.00,,1.00,,,,0.00,,2.00,1,,,,,2.00,1,,5.00,1,,3.00,0,,,,,3.00,0,"3 January- As Omicron cases rise, the Western Trust has suspended visits to its care homes and hospitals. There has been a surge in cases of the Omicron variant in Northern Ireland.    Last Thursday, Stormont ministers were told that it now accounts for about 90% of cases in Northern Ireland.    http://web.archive.org/web/*/https://www.bbc.com/news/uk-northern-ireland-59858912",,2,,3,,5-15 yrs,5-15 yrs,2,2,2,2,5,,1,,402069,2980,V,68.42,52.78,46.30,49.54,48.35,54.69,51.04,52.86,52.19,58.93,54.76,56.85,56.08,25.00
United Kingdom,GBR,Northern Ireland,UK_NIR,STATE_TOTAL,20220104,1.00,1,,,,,1.00,1,,,,2.00,1,1.00,1,1.00,1,,2.00,1,,,,,2.00,1,,3.00,1,,,,,3.00,1,,1.00,1,,,,,1.00,1,,0.00,,,,,,0.00,,,0.00,,,,,,0.00,,,,2.00,1.00,1.00,,0.00,,,1.00,,,,,,2.00,1,,2.00,,1.00,,,,0.00,,2.00,1,,,,,2.00,1,,5.00,1,,3.00,0,,,,,3.00,0,,,2,,3,,5-15 yrs,5-15 yrs,2,2,2,2,5,,1,,432492,2995,V,68.46,52.78,46.30,49.54,48.34,54.69,51.04,52.86,52.19,58.93,54.76,56.85,56.08,25.00
United Kingdom,GBR,Northern Ireland,UK_NIR,STATE_TOTAL,20220105,1.00,1,,,,,1.00,1,,,,2.00,1,1.00,1,1.00,1,,2.00,1,,,,,2.00,1,,3.00,1,,,,,3.00,1,,1.00,1,,,,,1.00,1,,0.00,,,,,,0.00,,,0.00,,,,,,0.00,,,,2.00,1.00,1.00,,0.00,,,1.00,,,,,,2.00,1,,2.00,,1.00,,,,0.00,,2.00,1,,,,,2.00,1,,5.00,1,,3.00,0,,,,,3.00,0,,,2,,3,,5-15 yrs,5-15 yrs,2,2,2,2,5,,1,,439625,2998,V,68.55,52.78,46.30,49.54,48.34,54.69,51.04,52.86,52.19,58.93,54.76,56.85,56.07,25.00
United Kingdom,GBR,Northern Ireland,UK_NIR,STATE_TOTAL,20220106,1.00,1,,,,,1.00,1,,,,2.00,1,1.00,1,1.00,1,,2.00,1,,,,,2.00,1,,3.00,1,,,,,3.00,1,,1.00,1,,,,,1.00,1,,0.00,,,,,,0.00,,,0.00,,,,,,0.00,,,,2.00,1.00,1.00,,0.00,,,1.00,,,,,,2.00,1,,2.00,,1.00,,,,0.00,,2.00,1,,,,,2.00,1,,5.00,1,,3.00,0,,,,,3.00,0,,,2,,3,,5-15 yrs,5-15 yrs,2,2,2,2,5,,1,,446502,3002,V,68.58,52.78,46.30,49.54,48.34,54.69,51.04,52.86,52.19,58.93,54.76,56.85,56.07,25.00
United Kingdom,GBR,Northern Ireland,UK_NIR,STATE_TOTAL,20220107,1.00,1,,,,,1.00,1,,,,2.00,1,1.00,1,1.00,1,,2.00,1,,,,,2.00,1,,3.00,1,,,,,3.00,1,,1.00,1,,,,,1.00,1,,0.00,,,,,,0.00,,,0.00,,,,,,0.00,,,,2.00,1.00,1.00,,0.00,,,1.00,,,,,,2.00,1,,2.00,,1.00,,,,0.00,,2.00,1,,,,,2.00,1,,5.00,1,,3.00,0,,,,,3.00,0,,,2,,3,,5-15 yrs,5-15 yrs,2,2,2,2,5,,1,,452946,3002,V,68.61,52.78,46.30,49.54,48.33,54.69,51.04,52.86,52.19,58.93,54.76,56.85,56.07,25.00
United Kingdom,GBR,Northern Ireland,UK_NIR,STATE_TOTAL,20220108,1.00,1,,,,,1.00,1,,,,2.00,1,1.00,1,1.00,1,,2.00,1,,,,,2.00,1,,3.00,1,,,,,3.00,1,,1.00,1,,,,,1.00,1,,0.00,,,,,,0.00,,,0.00,,,,,,0.00,,,,2.00,1.00,1.00,,0.00,,,1.00,,,,,,2.00,1,,2.00,,1.00,,,,0.00,,2.00,1,,,,,2.00,1,,5.00,1,,3.00,0,,,,,3.00,0,,,2,,3,,5-15 yrs,5-15 yrs,2,2,2,2,5,,1,,456404,3007,V,68.61,52.78,46.30,49.54,48.33,54.69,51.04,52.86,52.19,58.93,54.76,56.85,56.07,25.00
United Kingdom,GBR,Northern Ireland,UK_NIR,STATE_TOTAL,20220109,1.00,1,,,,,1.00,1,,,,2.00,1,1.00,1,1.00,1,,2.00,1,,,,,2.00,1,,3.00,1,,,,,3.00,1,,1.00,1,,,,,1.00,1,,0.00,,,,,,0.00,,,0.00,,,,,,0.00,,,,2.00,1.00,1.00,,0.00,,,1.00,,,,,,2.00,1,,2.00,,1.00,,,,0.00,,2.00,1,,,,,2.00,1,,5.00,1,,3.00,0,,,,,3.00,0,,,2,,3,,5-15 yrs,5-15 yrs,2,2,2,2,5,,1,,460164,3009,V,68.64,52.78,46.30,49.54,48.33,54.69,51.04,52.86,52.18,58.93,54.76,56.85,56.07,25.00
United Kingdom,GBR,Northern Ireland,UK_NIR,STATE_TOTAL,20220110,1.00,1,,,,,1.00,1,,,,2.00,1,1.00,1,1.00,1,,2.00,1,,,,,2.00,1,,3.00,1,,,,,3.00,1,,1.00,1,,,,,1.00,1,,0.00,,,,,,0.00,,,0.00,,,,,,0.00,,,,2.00,1.00,1.00,,0.00,,,1.00,,,,,,2.00,1,,2.00,,1.00,,,,0.00,,2.00,1,,,,,2.00,1,,5.00,1,,3.00,0,,,,,3.00,0,,,2,,3,,5-15 yrs,5-15 yrs,2,2,2,2,5,,1,,462870,3014,V,68.66,52.78,46.30,49.54,48.33,54.69,51.04,52.86,52.18,58.93,54.76,56.85,56.07,25.00
United Kingdom,GBR,Northern Ireland,UK_NIR,STATE_TOTAL,20220111,1.00,1,,,,,1.00,1,,,,2.00,1,1.00,1,1.00,1,,2.00,1,,,,,2.00,1,,3.00,1,,,,,3.00,1,,1.00,1,,,,,1.00,1,,0.00,,,,,,0.00,,,0.00,,,,,,0.00,,,,2.00,1.00,1.00,,0.00,,,1.00,,,,,,2.00,1,,2.00,,1.00,,,,0.00,,2.00,1,,,,,2.00,1,,5.00,1,,3.00,0,,,,,3.00,0,,,2,,3,,5-15 yrs,5-15 yrs,2,2,2,2,5,,1,,466290,3015,V,68.69,52.78,46.30,49.54,48.33,54.69,51.04,52.86,52.18,58.93,54.76,56.85,56.07,25.00
United Kingdom,GBR,Northern Ireland,UK_NIR,STATE_TOTAL,20220112,1.00,1,,,,,1.00,1,,,,2.00,1,1.00,1,1.00,1,,2.00,1,,,,,2.00,1,,3.00,1,,,,,3.00,1,,1.00,1,,,,,1.00,1,,0.00,,,,,,0.00,,,0.00,,,,,,0.00,,,,2.00,1.00,1.00,,0.00,,,1.00,,,,,,2.00,1,,2.00,,1.00,,,,0.00,,2.00,1,,,,,2.00,1,,5.00,1,,3.00,0,,,,,3.00,0,,,2,,3,,5-15 yrs,5-15 yrs,2,2,2,2,5,,1,,469212,3017,V,68.71,52.78,46.30,49.54,48.33,54.69,51.04,52.86,52.18,58.93,54.76,56.85,56.06,25.00
United Kingdom,GBR,Northern Ireland,UK_NIR,STATE_TOTAL,20220113,1.00,1,,,,,1.00,1,,,,2.00,1,1.00,1,1.00,1,,2.00,1,,,,,2.00,1,,3.00,1,,,,,3.00,1,,1.00,1,,,,,1.00,1,,0.00,,,,,,0.00,,,0.00,,,,,,0.00,,,,2.00,1.00,1.00,,0.00,,,1.00,,,,,,2.00,1,,2.00,,1.00,,,,0.00,,2.00,1,,,,,2.00,1,,5.00,1,,3.00,0,,,,,3.00,0,,,2,,3,,5-15 yrs,5-15 yrs,2,2,2,2,5,,1,,472192,3031,V,68.74,52.78,46.30,49.54,48.33,54.69,51.04,52.86,52.18,58.93,54.76,56.85,56.06,25.00
United Kingdom,GBR,Northern Ireland,UK_NIR,STATE_TOTAL,20220114,1.00,1,,,,,1.00,1,,,,2.00,1,1.00,1,1.00,1,,2.00,1,,,,,2.00,1,,3.00,1,,,,,3.00,1,,1.00,1,,,,,1.00,1,,0.00,,,,,,0.00,,,0.00,,,,,,0.00,,,,2.00,1.00,1.00,,0.00,,,1.00,,,,,,2.00,1,,2.00,,1.00,,,,0.00,,2.00,1,,,,,2.00,1,,5.00,1,,3.00,0,,,,,3.00,0,,,2,,3,,5-15 yrs,5-15 yrs,2,2,2,2,5,,1,,475146,3035,V,68.77,52.78,46.30,49.54,48.32,54.69,51.04,52.86,52.18,58.93,54.76,56.85,56.06,25.00
United Kingdom,GBR,Northern Ireland,UK_NIR,STATE_TOTAL,20220115,1.00,1,,,,,1.00,1,,,,2.00,1,1.00,1,1.00,1,,2.00,1,,,,,2.00,1,,3.00,1,,,,,3.00,1,,1.00,1,,,,,1.00,1,,0.00,,,,,,0.00,,,0.00,,,,,,0.00,,,,2.00,1.00,1.00,,0.00,,,1.00,,,,,,2.00,1,,2.00,,1.00,,,,0.00,,2.00,1,,,,,2.00,1,,5.00,1,,3.00,0,,,,,3.00,0,,,2,,3,,5-15 yrs,5-15 yrs,2,2,2,2,5,,1,,477814,3035,V,68.80,52.78,46.30,49.54,48.32,54.69,51.04,52.86,52.18,58.93,54.76,56.85,56.06,25.00
United Kingdom,GBR,Northern Ireland,UK_NIR,STATE_TOTAL,20220116,1.00,1,,,,,1.00,1,,,,2.00,1,1.00,1,1.00,1,,2.00,1,,,,,2.00,1,,3.00,1,,,,,3.00,1,,1.00,1,,,,,1.00,1,,0.00,,,,,,0.00,,,0.00,,,,,,0.00,,,,2.00,1.00,1.00,,0.00,,,1.00,,,,,,2.00,1,,2.00,,1.00,,,,0.00,,2.00,1,,,,,2.00,1,,5.00,1,,3.00,0,,,,,3.00,0,,,2,,3,,5-15 yrs,5-15 yrs,2,2,2,2,5,,1,,480332,3038,V,68.83,52.78,46.30,49.54,48.32,54.69,51.04,52.86,52.18,58.93,54.76,56.85,56.06,25.00
United Kingdom,GBR,Northern Ireland,UK_NIR,STATE_TOTAL,20220117,1.00,1,,,,,1.00,1,,,,2.00,1,1.00,1,1.00,1,,2.00,1,,,,,2.00,1,,3.00,1,,,,,3.00,1,,1.00,1,,,,,1.00,1,,0.00,,,,,,0.00,,,0.00,,,,,,0.00,,,,2.00,1.00,1.00,,0.00,,,1.00,,,,,,2.00,1,,2.00,,1.00,,,,0.00,,2.00,1,,,,,2.00,1,,5.00,1,,3.00,0,,,,,3.00,0,,,2,,3,,5-15 yrs,5-15 yrs,2,2,2,2,5,,1,,483627,3042,V,68.85,52.78,46.30,49.54,48.32,54.69,51.04,52.86,52.18,58.93,54.76,56.85,56.06,25.00
United Kingdom,GBR,Northern Ireland,UK_NIR,STATE_TOTAL,20220118,1.00,1,,,,,1.00,1,,,,2.00,1,1.00,1,1.00,1,,2.00,1,,,,,2.00,1,,3.00,1,,,,,3.00,1,,1.00,1,,,,,1.00,1,,0.00,,,,,,0.00,,,0.00,,,,,,0.00,,,,2.00,1.00,1.00,,0.00,,,1.00,,,,,,2.00,1,,2.00,,1.00,,,,0.00,,2.00,1,,,,,2.00,1,,5.00,1,,3.00,0,,,,,3.00,0,,,2,,3,,5-15 yrs,5-15 yrs,2,2,2,2,5,,1,,487708,3048,V,68.88,52.78,46.30,49.54,48.32,54.69,51.04,52.86,52.18,58.93,54.76,56.85,56.06,25.00
United Kingdom,GBR,Northern Ireland,UK_NIR,STATE_TOTAL,20220119,1.00,1,,,,,1.00,1,,,,2.00,1,1.00,1,1.00,1,,2.00,1,,,,,2.00,1,,3.00,1,,,,,3.00,1,,1.00,1,,,,,1.00,1,,0.00,,,,,,0.00,,,0.00,,,,,,0.00,,,,2.00,1.00,1.00,,0.00,,,1.00,,,,,,2.00,1,,2.00,,1.00,,,,0.00,,2.00,1,,,,,2.00,1,,5.00,1,,3.00,0,,,,,3.00,0,,,2,,3,,5-15 yrs,5-15 yrs,2,2,2,2,5,,1,,492159,3054,V,68.91,52.78,46.30,49.54,48.31,54.69,51.04,52.86,52.17,58.93,54.76,56.85,56.06,25.00
United Kingdom,GBR,Northern Ireland,UK_NIR,STATE_TOTAL,20220120,1.00,1,,,,,1.00,1,,,,2.00,1,1.00,1,1.00,1,"Stormont leaders lifted a number of Covid-19 restrictions on Thursday 20 January.     The easing of Covid-19 restrictions included:    - From Friday, the removal of table service and the requirement to be seated in hospitality venues,  - Guidance regarding the number of households meeting indoors was scrapped,  - The requirement to provide proof of face mask exemption is no longer necessary and guidance on working from home was changed to “working from home where you can”,  - The self-isolation period was also reduced to five days, depending on negative lateral flow test results,  - From Wednesday, nightclubs can reopen, and dancing and indoor events can resume,  - Nightclubs and events with more than 500 people must continue to check for Covid-status certificates, but it is no longer necessary in pubs and restaurants; and  - Offices no longer need to implement two-metre social distancing    Due to requirement to present certificates in nightclubs and events, coding remains at 2G    http://web.archive.org/web/20220121163049/https://www.belfasttelegraph.co.uk/news/northern-ireland/all-covid-19-rules-may-be-ended-in-northern-ireland-in-20-days-41262573.html",,,2.00,1,1.00,1,1.00,1,"Stormont leaders lifted a number of Covid-19 restrictions on Thursday 20 January.     The easing of Covid-19 restrictions included:    - From Friday, the removal of table service and the requirement to be seated in hospitality venues,  - Guidance regarding the number of households meeting indoors was scrapped,  - The requirement to provide proof of face mask exemption is no longer necessary and guidance on working from home was changed to “working from home where you can”,  - The self-isolation period was also reduced to five days, depending on negative lateral flow test results,  - From Wednesday, nightclubs can reopen, and dancing and indoor events can resume,  - Nightclubs and events with more than 500 people must continue to check for Covid-status certificates, but it is no longer necessary in pubs and restaurants; and  - Offices no longer need to implement two-metre social distancing    Due to requirement to present certificates in nightclubs and events, coding remains at 2G    http://web.archive.org/web/20220121163049/https://www.belfasttelegraph.co.uk/news/northern-ireland/all-covid-19-rules-may-be-ended-in-northern-ireland-in-20-days-41262573.html",3.00,1,,,,,3.00,1,,1.00,1,,,,,1.00,1,,0.00,,,,,,0.00,,,0.00,,,,,,0.00,,,,2.00,1.00,1.00,,0.00,,,1.00,,,,,,2.00,1,,2.00,,1.00,,,,0.00,,2.00,1,,,,,2.00,1,,5.00,1,,3.00,0,,,,,3.00,0,,,2,,3,,5-15 yrs,5-15 yrs,2,2,2,2,5,,1,,496038,3056,V,68.94,52.78,40.74,46.76,44.48,54.69,47.92,51.31,50.02,58.93,51.19,55.06,53.59,25.00
United Kingdom,GBR,Northern Ireland,UK_NIR,STATE_TOTAL,20220121,1.00,1,,,,,1.00,1,,,,2.00,1,1.00,1,1.00,1,,,,2.00,1,1.00,1,1.00,1,,3.00,1,,,,,3.00,1,"The guidance limit of three households allowed to meet indoors in a home is also to be removed from 21 January.    A maximum number of 30 people permitted to gather will be retained in regulation.    http://web.archive.org/web/20220204110533/https://www.bbc.com/news/uk-northern-ireland-58090977",1.00,1,,,,,1.00,1,,0.00,,,,,,0.00,,,0.00,,,,,,0.00,,,,2.00,1.00,1.00,,0.00,,,1.00,,,,,,2.00,1,,2.00,,1.00,,,,0.00,,2.00,1,,,,,2.00,1,,5.00,1,,3.00,0,,,,,3.00,0,,,2,,3,,5-15 yrs,5-15 yrs,2,2,2,2,5,,1,,499606,3062,V,68.98,52.78,40.74,46.76,44.47,54.69,47.92,51.31,50.02,58.93,51.19,55.06,53.59,25.00
United Kingdom,GBR,Northern Ireland,UK_NIR,STATE_TOTAL,20220122,1.00,1,,,,,1.00,1,,,,2.00,1,1.00,1,1.00,1,,,,2.00,1,1.00,1,1.00,1,,3.00,1,,,,,3.00,1,,1.00,1,,,,,1.00,1,,0.00,,,,,,0.00,,,0.00,,,,,,0.00,,,,2.00,1.00,1.00,,0.00,,,1.00,,,,,,2.00,1,,2.00,,1.00,,,,0.00,,2.00,1,,,,,2.00,1,"In Northern Ireland, post-primary pupils must wear face coverings inside school buildings, as must staff if they can't socially distance.    Masks must also be worn on public transport, in shops and hospitality venues unless you're sitting down to eat or drink.    However, people no longer have to show proof of exemption if they're not wearing a mask.    Under-13s don't have to wear masks in public indoor places, and primary school pupils are exempt from the rules on public transport.    http://web.archive.org/web/20220204111314/https://www.bbc.com/news/health-51205344",5.00,1,,3.00,0,,,,,3.00,0,,,2,,3,,5-15 yrs,5-15 yrs,2,2,2,2,5,,1,,503082,3067,V,69.01,52.78,40.74,46.76,44.47,54.69,47.92,51.31,50.02,58.93,51.19,55.06,53.59,25.00
United Kingdom,GBR,Northern Ireland,UK_NIR,STATE_TOTAL,20220123,1.00,1,,,,,1.00,1,,,,2.00,1,1.00,1,1.00,1,,,,2.00,1,1.00,1,1.00,1,,3.00,1,,,,,3.00,1,,1.00,1,,,,,1.00,1,,0.00,,,,,,0.00,,,0.00,,,,,,0.00,,,,2.00,1.00,1.00,,0.00,,,1.00,,,,,,2.00,1,,2.00,,1.00,,,,0.00,,2.00,1,,,,,2.00,1,,5.00,1,,3.00,0,,,,,3.00,0,,,2,,3,,5-15 yrs,5-15 yrs,2,2,2,2,5,,1,,506141,3072,V,69.05,52.78,40.74,46.76,44.47,54.69,47.92,51.31,50.02,58.93,51.19,55.06,53.59,25.00
United Kingdom,GBR,Northern Ireland,UK_NIR,STATE_TOTAL,20220124,1.00,1,,,,,1.00,1,,,,2.00,1,1.00,1,1.00,1,,,,2.00,1,1.00,1,1.00,1,,3.00,1,,,,,3.00,1,,1.00,1,,,,,1.00,1,,0.00,,,,,,0.00,,,0.00,,,,,,0.00,,,,2.00,1.00,1.00,,0.00,,,1.00,,,,,,2.00,1,,2.00,,1.00,,,,0.00,,2.00,1,,,,,2.00,1,,5.00,1,,3.00,0,,,,,3.00,0,,,2,,3,,5-15 yrs,5-15 yrs,2,2,2,2,5,,1,,510073,3072,V,69.07,52.78,40.74,46.76,44.46,54.69,47.92,51.31,50.01,58.93,51.19,55.06,53.58,25.00
United Kingdom,GBR,Northern Ireland,UK_NIR,STATE_TOTAL,20220125,1.00,1,,,,,1.00,1,,,,2.00,1,1.00,1,1.00,1,,,,2.00,1,1.00,1,1.00,1,,3.00,1,,,,,3.00,1,,1.00,1,,,,,1.00,1,,0.00,,,,,,0.00,,,0.00,,,,,,0.00,,,,2.00,1.00,1.00,,0.00,,,1.00,,,,,,2.00,1,,2.00,,1.00,,,,0.00,,2.00,1,,,,,2.00,1,,5.00,1,,3.00,0,,,,,3.00,0,,,2,,3,,5-15 yrs,5-15 yrs,2,2,2,2,5,,1,,515096,3077,V,69.09,52.78,40.74,46.76,44.46,54.69,47.92,51.31,50.01,58.93,51.19,55.06,53.58,25.00
United Kingdom,GBR,Northern Ireland,UK_NIR,STATE_TOTAL,20220126,1.00,1,,,,,1.00,1,,,,2.00,1,1.00,1,1.00,1,"Nightclubs - which were forced to closed on 26 December - will be allowed to reopen from 26 January, with dancing and indoor events at which people are not seated being permitted again.    So-called Covid passports will remain in use for access to nightclubs, as well as for indoor unseated and partially-seated events with 500 or more people in attendance.    http://web.archive.org/web/20220204110533/https://www.bbc.com/news/uk-northern-ireland-58090977",,,2.00,1,1.00,1,1.00,1,"26 January-    So-called Covid passports will remain in use for access to nightclubs, as well as for indoor unseated and partially-seated events with 500 or more people in attendance.    http://web.archive.org/web/20220204110533/https://www.bbc.com/news/uk-northern-ireland-58090977",3.00,1,,,,,3.00,1,,1.00,1,,,,,1.00,1,,0.00,,,,,,0.00,,,0.00,,,,,,0.00,,,,2.00,1.00,1.00,,0.00,,,1.00,,,,,,2.00,1,,2.00,,1.00,,,,0.00,,2.00,1,,,,,2.00,1,,5.00,1,,3.00,0,,,,,3.00,0,,,2,,3,,5-15 yrs,5-15 yrs,2,2,2,2,5,,1,,519479,3086,V,69.12,52.78,40.74,46.76,44.46,54.69,47.92,51.31,50.01,58.93,51.19,55.06,53.58,25.00
United Kingdom,GBR,Northern Ireland,UK_NIR,STATE_TOTAL,20220127,1.00,1,,,,,1.00,1,,,,2.00,1,1.00,1,1.00,1,,,,2.00,1,1.00,1,1.00,1,,3.00,1,,,,,3.00,1,,1.00,1,,,,,1.00,1,,0.00,,,,,,0.00,,,0.00,,,,,,0.00,,,,2.00,1.00,1.00,,0.00,,,1.00,,,,,,2.00,1,,2.00,,1.00,,,,0.00,,2.00,1,,,,,2.00,1,,5.00,1,,3.00,0,,,,,3.00,0,,,2,,3,,5-15 yrs,5-15 yrs,2,2,2,2,5,,1,,523722,3092,V,69.16,52.78,40.74,46.76,44.45,54.69,47.92,51.31,50.01,58.93,51.19,55.06,53.58,25.00
United Kingdom,GBR,Northern Ireland,UK_NIR,STATE_TOTAL,20220128,1.00,1,,,,,1.00,1,,,,2.00,1,1.00,1,1.00,1,,,,2.00,1,1.00,1,1.00,1,,3.00,1,,,,,3.00,1,,1.00,1,,,,,1.00,1,,0.00,,,,,,0.00,,,0.00,,,,,,0.00,,,,2.00,1.00,1.00,,0.00,,,1.00,,,,,,2.00,1,,2.00,,1.00,,,,0.00,,2.00,1,,,,,2.00,1,,5.00,1,,3.00,0,,,,,3.00,0,,,2,,3,,5-15 yrs,5-15 yrs,2,2,2,2,5,,1,,527460,3100,V,69.18,52.78,40.74,46.76,44.45,54.69,47.92,51.31,50.01,58.93,51.19,55.06,53.58,25.00
United Kingdom,GBR,Northern Ireland,UK_NIR,STATE_TOTAL,20220129,1.00,1,,,,,1.00,1,,,,2.00,1,1.00,1,1.00,1,,,,2.00,1,1.00,1,1.00,1,,3.00,1,,,,,3.00,1,,1.00,1,,,,,1.00,1,,0.00,,,,,,0.00,,,0.00,,,,,,0.00,,,,2.00,1.00,1.00,,0.00,,,1.00,,,,,,2.00,1,,2.00,,1.00,,,,0.00,,2.00,1,,,,,2.00,1,,5.00,1,,3.00,0,,,,,3.00,0,,,2,,3,,5-15 yrs,5-15 yrs,2,2,2,2,5,,1,,531050,3103,V,69.22,52.78,40.74,46.76,44.45,54.69,47.92,51.31,50.00,58.93,51.19,55.06,53.57,25.00
United Kingdom,GBR,Northern Ireland,UK_NIR,STATE_TOTAL,20220130,1.00,1,,,,,1.00,1,,,,2.00,1,1.00,1,1.00,1,,,,2.00,1,1.00,1,1.00,1,,3.00,1,,,,,3.00,1,,1.00,1,,,,,1.00,1,,0.00,,,,,,0.00,,,0.00,,,,,,0.00,,,,2.00,1.00,1.00,,0.00,,,1.00,,,,,,2.00,1,,2.00,,1.00,,,,0.00,,2.00,1,,,,,2.00,1,,5.00,1,,3.00,0,,,,,3.00,0,,,2,,3,,5-15 yrs,5-15 yrs,2,2,2,2,5,,1,,534119,3109,V,69.24,52.78,40.74,46.76,44.44,54.69,47.92,51.31,50.00,58.93,51.19,55.06,53.57,25.00
United Kingdom,GBR,Northern Ireland,UK_NIR,STATE_TOTAL,20220131,1.00,1,,,,,1.00,1,,,,2.00,1,1.00,1,1.00,1,,,,2.00,1,1.00,1,1.00,1,,3.00,1,,,,,3.00,1,,1.00,1,,,,,1.00,1,,0.00,,,,,,0.00,,,0.00,,,,,,0.00,,,,2.00,1.00,1.00,,0.00,,,1.00,,,,,,2.00,1,,2.00,,1.00,,,,0.00,,2.00,1,,,,,2.00,1,,5.00,1,,3.00,0,,,,,3.00,0,,,2,,3,"31 January 2022    Since 11 November 2021, all care home workers, and anyone entering a care home, have needed to be fully vaccinated, unless they are exempt under the regulations.    As announced by the Secretary of State for Health and Social Care on 31 January 2022, the government has stated that its intention is to revoke the regulations making vaccines a condition of deployment for health and social care staff, subject to parliamentary process.    Legal requirement for health and social care staff to be double jabbed to be removed, subject to consultation and Parliamentary approval    http://web.archive.org/web/20220209045009/https://www.gov.uk/government/publications/vaccination-of-people-working-or-deployed-in-care-homes-operational-guidance/coronavirus-covid-19-vaccination-of-people-working-or-deployed-in-care-homes-operational-guidance    http://web.archive.org/web/20220208144510/https://www.gov.uk/government/news/consultation-on-removing-vaccination-as-a-condition-of-deployment-for-health-and-social-care-staff    http://web.archive.org/web/20220210124238/https://www.nursingtimes.net/news/coronavirus/government-confirms-u-turn-on-mandatory-vaccination-policy-31-01-2022/  ",5-15 yrs,5-15 yrs,2,2,2,2,5,"Free",0,"31 January 2022    Since 11 November 2021, all care home workers, and anyone entering a care home, have needed to be fully vaccinated, unless they are exempt under the regulations.    As announced by the Secretary of State for Health and Social Care on 31 January 2022, the government has stated that its intention is to revoke the regulations making vaccines a condition of deployment for health and social care staff, subject to parliamentary process.    Legal requirement for health and social care staff to be double jabbed to be removed, subject to consultation and Parliamentary approval    http://web.archive.org/web/20220209045009/https://www.gov.uk/government/publications/vaccination-of-people-working-or-deployed-in-care-homes-operational-guidance/coronavirus-covid-19-vaccination-of-people-working-or-deployed-in-care-homes-operational-guidance    http://web.archive.org/web/20220208144510/https://www.gov.uk/government/news/consultation-on-removing-vaccination-as-a-condition-of-deployment-for-health-and-social-care-staff    http://web.archive.org/web/20220210124238/https://www.nursingtimes.net/news/coronavirus/government-confirms-u-turn-on-mandatory-vaccination-policy-31-01-2022/  ",542855,3111,V,69.25,52.78,40.74,46.76,44.44,54.69,47.92,51.31,50.00,58.93,51.19,55.06,53.57,25.00
United Kingdom,GBR,Northern Ireland,UK_NIR,STATE_TOTAL,20220201,1.00,1,,,,,1.00,1,,,,2.00,1,1.00,1,1.00,1,,,,2.00,1,1.00,1,1.00,1,,3.00,1,,,,,3.00,1,,1.00,1,,,,,1.00,1,,0.00,,,,,,0.00,,,0.00,,,,,,0.00,,,,2.00,1.00,1.00,,0.00,,,1.00,,,,,,2.00,1,,2.00,,1.00,,,,0.00,,2.00,1,,,,,2.00,1,,5.00,1,,3.00,0,,,,,3.00,0,,,2,,3,,5-15 yrs,5-15 yrs,2,2,2,2,5,,0,,547477,3115,V,69.27,52.78,40.74,46.76,44.44,54.69,47.92,51.31,50.00,58.93,51.19,55.06,53.57,25.00
United Kingdom,GBR,Northern Ireland,UK_NIR,STATE_TOTAL,20220202,1.00,1,,,,,1.00,1,,,,2.00,1,1.00,1,1.00,1,,,,2.00,1,1.00,1,1.00,1,,3.00,1,,,,,3.00,1,,1.00,1,,,,,1.00,1,,0.00,,,,,,0.00,,,0.00,,,,,,0.00,,,,2.00,1.00,1.00,,0.00,,,1.00,,,,,,2.00,1,,2.00,,1.00,,,,0.00,,2.00,1,,,,,2.00,1,,5.00,1,,3.00,0,,,,,3.00,0,,,2,,3,,5-15 yrs,5-15 yrs,2,2,2,2,5,,0,,552246,3120,V,69.29,52.78,40.74,46.76,44.44,54.69,47.92,51.31,50.00,58.93,51.19,55.06,53.57,25.00
United Kingdom,GBR,Northern Ireland,UK_NIR,STATE_TOTAL,20220203,1.00,1,,,,,1.00,1,,,,2.00,1,1.00,1,1.00,1,,,,2.00,1,1.00,1,1.00,1,,3.00,1,,,,,3.00,1,,1.00,1,,,,,1.00,1,,0.00,,,,,,0.00,,,0.00,,,,,,0.00,,,,2.00,1.00,1.00,,0.00,,,1.00,,,,,,2.00,1,,2.00,,1.00,,,,0.00,,2.00,1,,,,,2.00,1,,5.00,1,,3.00,0,,,,,3.00,0,,,2,,3,,5-15 yrs,5-15 yrs,2,2,2,2,5,,0,,556449,3123,V,69.31,52.78,40.74,46.76,44.44,54.69,47.92,51.31,50.00,58.93,51.19,55.06,53.57,25.00
United Kingdom,GBR,Northern Ireland,UK_NIR,STATE_TOTAL,20220204,1.00,1,,,,,1.00,1,,,,2.00,1,1.00,1,1.00,1,,,,2.00,1,1.00,1,1.00,1,,3.00,1,,,,,3.00,1,,1.00,1,,,,,1.00,1,,0.00,,,,,,0.00,,,0.00,,,,,,0.00,,,,2.00,1.00,1.00,,0.00,,,1.00,,,,,,2.00,1,,2.00,,1.00,,,,0.00,,2.00,1,,,,,2.00,1,,5.00,1,,3.00,0,,,,,3.00,0,,,2,,3,,5-15 yrs,5-15 yrs,2,2,2,2,5,,0,,560282,3124,V,69.33,52.78,40.74,46.76,44.43,54.69,47.92,51.31,50.00,58.93,51.19,55.06,53.56,25.00
United Kingdom,GBR,Northern Ireland,UK_NIR,STATE_TOTAL,20220205,1.00,1,,,,,1.00,1,,,,2.00,1,1.00,1,1.00,1,"From 26 January, the COVID certification scheme covers fewer venues. They are:    • Nightclubs    • Indoor unseated events    • Partially-seated events with 500 people or more    A COVID pass in Northern Ireland requires proof of two doses of a vaccine or a negative LFT test within the past 48 hours.    http://web.archive.org/web/20220202142252/https://news.sky.com/story/covid-19-what-are-the-coronavirus-rules-across-the-uk-and-how-do-they-differ-in-england-scotland-wales-and-northern-ireland-12519865",,,2.00,1,1.00,1,1.00,1,"From 26 January, the COVID certification scheme covers fewer venues. They are:    • Nightclubs    • Indoor unseated events    • Partially-seated events with 500 people or more    A COVID pass in Northern Ireland requires proof of two doses of a vaccine or a negative LFT test within the past 48 hours.    http://web.archive.org/web/20220202142252/https://news.sky.com/story/covid-19-what-are-the-coronavirus-rules-across-the-uk-and-how-do-they-differ-in-england-scotland-wales-and-northern-ireland-12519865",3.00,1,,,,,3.00,1,,1.00,1,,,,,1.00,1,,0.00,,,,,,0.00,,,0.00,,,,,,0.00,,,,2.00,1.00,1.00,,0.00,,,1.00,,,,,,2.00,1,,2.00,,1.00,,,,0.00,,2.00,1,,,,,2.00,1,,5.00,1,,3.00,0,,,,,3.00,0,,,2,,3,,5-15 yrs,5-15 yrs,2,2,2,2,5,,0,,563483,3127,V,69.36,52.78,40.74,46.76,44.43,54.69,47.92,51.31,49.99,58.93,51.19,55.06,53.56,25.00
United Kingdom,GBR,Northern Ireland,UK_NIR,STATE_TOTAL,20220206,1.00,1,,,,,1.00,1,,,,2.00,1,1.00,1,1.00,1,,,,2.00,1,1.00,1,1.00,1,,3.00,1,,,,,3.00,1,,1.00,1,,,,,1.00,1,,0.00,,,,,,0.00,,,0.00,,,,,,0.00,,,,2.00,1.00,1.00,,0.00,,,1.00,,,,,,2.00,1,,2.00,,1.00,,,,0.00,,2.00,1,,,,,2.00,1,,5.00,1,,3.00,0,,,,,3.00,0,,,2,,3,,5-15 yrs,5-15 yrs,2,2,2,2,5,,0,,566177,3128,V,69.39,52.78,40.74,46.76,44.43,54.69,47.92,51.31,49.99,58.93,51.19,55.06,53.56,25.00
United Kingdom,GBR,Northern Ireland,UK_NIR,STATE_TOTAL,20220207,1.00,1,,,,,1.00,1,,,,2.00,1,1.00,1,1.00,1,,,,2.00,1,1.00,1,1.00,1,,3.00,1,,,,,3.00,1,,1.00,1,,,,,1.00,1,,0.00,,,,,,0.00,,,0.00,,,,,,0.00,,,,2.00,1.00,1.00,,0.00,,,1.00,,,,,,2.00,1,,2.00,,1.00,,,,0.00,,2.00,1,,,,,2.00,1,,5.00,1,,3.00,0,,,,,3.00,0,,,2,,3,,5-15 yrs,5-15 yrs,2,2,2,2,5,,0,,569282,3130,V,69.40,52.78,40.74,46.76,44.42,54.69,47.92,51.31,49.99,58.93,51.19,55.06,53.56,25.00
United Kingdom,GBR,Northern Ireland,UK_NIR,STATE_TOTAL,20220208,1.00,1,,,,,1.00,1,,,,2.00,1,1.00,1,1.00,1,,,,2.00,1,1.00,1,1.00,1,,3.00,1,,,,,3.00,1,,1.00,1,,,,,1.00,1,,0.00,,,,,,0.00,,,0.00,,,,,,0.00,,,,2.00,1.00,1.00,,0.00,,,1.00,,,,,,2.00,1,,2.00,,1.00,,,,0.00,,2.00,1,,,,,2.00,1,,5.00,1,,3.00,0,,,,,3.00,0,,,2,,3,,5-15 yrs,5-15 yrs,2,2,2,2,5,,0,,573241,3136,V,69.41,52.78,40.74,46.76,44.42,54.69,47.92,51.31,49.99,58.93,51.19,55.06,53.56,25.00
United Kingdom,GBR,Northern Ireland,UK_NIR,STATE_TOTAL,20220209,1.00,1,,,,,1.00,1,,,,2.00,1,1.00,1,1.00,1,,,,2.00,1,1.00,1,1.00,1,,3.00,1,,,,,3.00,1,,1.00,1,,,,,1.00,1,,0.00,,,,,,0.00,,,0.00,,,,,,0.00,,,,2.00,1.00,1.00,,0.00,,,1.00,,,,,,2.00,1,,2.00,,1.00,,,,0.00,,2.00,1,,,,,2.00,1,,5.00,1,,3.00,0,,,,,3.00,0,,,2,,3,,5-15 yrs,5-15 yrs,2,2,2,2,5,,0,,577078,3138,V,69.42,52.78,40.74,46.76,44.42,54.69,47.92,51.31,49.99,58.93,51.19,55.06,53.56,25.00
United Kingdom,GBR,Northern Ireland,UK_NIR,STATE_TOTAL,20220210,1.00,1,,,,,1.00,1,,,,2.00,1,1.00,1,1.00,1,,,,2.00,1,1.00,1,1.00,1,,3.00,1,,,,,3.00,1,,1.00,1,,,,,1.00,1,,0.00,,,,,,0.00,,,0.00,,,,,,0.00,,,,2.00,1.00,1.00,,0.00,,,1.00,,,,,,2.00,1,,2.00,,1.00,,,,0.00,,2.00,1,,,,,2.00,1,,5.00,1,,3.00,0,,,,,3.00,0,,,2,,3,,5-15 yrs,5-15 yrs,2,2,2,2,5,,0,,580687,3145,V,69.45,52.78,40.74,46.76,44.42,54.69,47.92,51.31,49.99,58.93,51.19,55.06,53.55,25.00
United Kingdom,GBR,Northern Ireland,UK_NIR,STATE_TOTAL,20220211,1.00,1,,,,,1.00,1,,,,2.00,1,1.00,1,1.00,1,,,,2.00,1,1.00,1,1.00,1,,3.00,1,,,,,3.00,1,,1.00,1,,,,,1.00,1,,0.00,,,,,,0.00,,,0.00,,,,,,0.00,,,,1.00,1.00,1.00,"11 February , this guidance applies toNORTHERN IRELAND  If you’re fully vaccinated, you no longer need to take a COVID-19 test either before or after arrival in Northern Ireland. You still need to complete a passenger locator form.    If you are not fully vaccinated, you need to take a pre-departure test 2 days before arrival and a PCR test on day 2 after arrival in Northern Ireland. You do not need to quarantine unless the result of the day 2 PCR test is positive. You still need to complete a passenger locator form.    https://archive.vn/QGsHE    (Archived page shows England but text refers to 'N. Ireland' selection)",0.00,,,1.00,,,,,,2.00,1,,2.00,,1.00,,,,0.00,,2.00,1,,,,,2.00,1,,5.00,1,,3.00,0,,,,,3.00,0,,,2,,3,,5-15 yrs,5-15 yrs,2,2,2,2,5,,0,,583610,3149,V,69.48,50.00,40.74,45.37,43.57,53.12,47.92,50.52,49.51,57.14,51.19,54.17,53.01,25.00
United Kingdom,GBR,Northern Ireland,UK_NIR,STATE_TOTAL,20220212,1.00,1,,,,,1.00,1,,,,2.00,1,1.00,1,1.00,1,,,,2.00,1,1.00,1,1.00,1,,3.00,1,,,,,3.00,1,,1.00,1,,,,,1.00,1,,0.00,,,,,,0.00,,,0.00,,,,,,0.00,,,,1.00,1.00,1.00,,0.00,,,1.00,,,,,,2.00,1,,2.00,,1.00,,,,0.00,,2.00,1,,,,,2.00,1,,5.00,1,,3.00,0,,,,,3.00,0,,,2,,3,,5-15 yrs,5-15 yrs,2,2,2,2,5,,0,,586243,3153,V,69.51,50.00,40.74,45.37,43.56,53.12,47.92,50.52,49.51,57.14,51.19,54.17,53.00,25.00
United Kingdom,GBR,Northern Ireland,UK_NIR,STATE_TOTAL,20220213,1.00,1,,,,,1.00,1,,,,2.00,1,1.00,1,1.00,1,,,,2.00,1,1.00,1,1.00,1,,3.00,1,,,,,3.00,1,,1.00,1,,,,,1.00,1,,0.00,,,,,,0.00,,,0.00,,,,,,0.00,,,,1.00,1.00,1.00,,0.00,,,1.00,,,,,,2.00,1,,2.00,,1.00,,,,0.00,,2.00,1,,,,,2.00,1,,5.00,1,,3.00,0,,,,,3.00,0,,,2,,3,,5-15 yrs,5-15 yrs,2,2,2,2,5,,0,,588401,3154,V,69.53,50.00,40.74,45.37,43.56,53.12,47.92,50.52,49.50,57.14,51.19,54.17,53.00,25.00
United Kingdom,GBR,Northern Ireland,UK_NIR,STATE_TOTAL,20220214,1.00,1,,,,,1.00,1,,,,2.00,1,1.00,1,1.00,1,,,,2.00,1,1.00,1,1.00,1,,3.00,1,,,,,3.00,1,,1.00,1,,,,,1.00,1,,0.00,,,,,,0.00,,,0.00,,,,,,0.00,,,,1.00,1.00,1.00,,0.00,,,1.00,,,,,,2.00,1,,2.00,,1.00,,,,0.00,,2.00,1,,,,,2.00,1,,5.00,1,,3.00,0,,,,,3.00,0,,,2,,3,,5-15 yrs,5-15 yrs,2,2,2,2,5,,0,,590866,3156,V,69.55,50.00,40.74,45.37,43.56,53.12,47.92,50.52,49.50,57.14,51.19,54.17,53.00,25.00
United Kingdom,GBR,Northern Ireland,UK_NIR,STATE_TOTAL,20220215,1.00,1,,,,,1.00,1,,0.00,,,,,,0.00,,"15 February , this guidance applies toNORTHERN IRELAND  You’re no longer legally required to wear face coverings in public places and there is no limit on the number of people who can meet indoors in private homes. You’re no longer legally required to show your COVID-19 certificate at nightclubs and large indoor events.      https://archive.vn/QGsHE    (Archived page shows England but text refers to 'Northern Ireland' selection)",0.00,,,,,,0.00,,"15 February , this guidance applies toNORTHERN IRELAND  You’re no longer legally required to wear face coverings in public places and there is no limit on the number of people who can meet indoors in private homes. You’re no longer legally required to show your COVID-19 certificate at nightclubs and large indoor events.      https://archive.vn/QGsHE    (Archived page shows England but text refers to 'Northern Ireland' selection)",0.00,,,,,,0.00,,"15 February , this guidance applies toNORTHERN IRELAND  You’re no longer legally required to wear face coverings in public places and there is no limit on the number of people who can meet indoors in private homes. Recommendations in place to limit gathering sizes.        https://archive.vn/QGsHE    (Archived page shows England but text refers to 'Northern Ireland' selection)    http://web.archive.org/web/20220225171600/https://www.nidirect.gov.uk/articles/coronavirus-covid-19-how-stay-safe-and-help-prevent-spread  ",0.00,,,,,,0.00,,"No substantial recommendations not to use public transport or significant operational changes    http://web.archive.org/web/20220225171600/https://www.nidirect.gov.uk/articles/coronavirus-covid-19-how-stay-safe-and-help-prevent-spread",0.00,,,,,,0.00,,,0.00,,,,,,0.00,,,,1.00,1.00,1.00,,0.00,,,0.00,"There is no longer any obligation to self isolate even if infected with COVID-19",,,,,2.00,1,,2.00,,1.00,,,,0.00,,1.00,1,,,,,1.00,1,"Use of face masks no longer legally enforceable from 15 February but is still strongly recommended    Media:    http://web.archive.org/web/20220302094832/https://www.bbc.com/news/health-51205344    http://web.archive.org/web/20220302095003/https://www.belfasttelegraph.co.uk/news/northern-ireland/coronavirus-northern-ireland-do-i-have-to-wear-a-mask-41349010.html    Policy: http://web.archive.org/web/20220302094840/https://www.nidirect.gov.uk/articles/coronavirus-covid-19-face-coverings-guidance",5.00,1,,3.00,0,,,,,3.00,0,,,2,,3,,5-15 yrs,5-15 yrs,2,2,2,2,5,,0,,593853,3160,V,69.57,17.59,17.59,17.59,17.59,30.21,30.21,30.21,30.21,34.52,34.52,34.52,34.52,0.00
United Kingdom,GBR,Northern Ireland,UK_NIR,STATE_TOTAL,20220216,1.00,1,,,,,1.00,1,,0.00,,,,,,0.00,,,0.00,,,,,,0.00,,,0.00,,,,,,0.00,,,0.00,,,,,,0.00,,,0.00,,,,,,0.00,,,0.00,,,,,,0.00,,,,1.00,1.00,1.00,,0.00,,,0.00,,,,,,2.00,1,,2.00,,1.00,,,,0.00,,1.00,1,,,,,1.00,1,,5.00,1,,3.00,0,,,,,3.00,0,,,2,,3,,5-15 yrs,5-15 yrs,2,2,2,2,5,,0,,596742,3165,V,69.59,17.59,17.59,17.59,17.59,30.21,30.21,30.21,30.21,34.52,34.52,34.52,34.52,0.00
United Kingdom,GBR,Northern Ireland,UK_NIR,STATE_TOTAL,20220217,1.00,1,,,,,1.00,1,,0.00,,,,,,0.00,,,0.00,,,,,,0.00,,,0.00,,,,,,0.00,,,0.00,,,,,,0.00,,,0.00,,,,,,0.00,,,0.00,,,,,,0.00,,,,1.00,1.00,1.00,,0.00,,,0.00,,,,,,2.00,1,,2.00,,1.00,,,,0.00,,1.00,1,,,,,1.00,1,,5.00,1,,3.00,0,,,,,3.00,0,,,2,,3,,5-15 yrs,5-15 yrs,2,2,2,2,5,,0,,599769,3166,V,69.61,17.59,17.59,17.59,17.59,30.21,30.21,30.21,30.21,34.52,34.52,34.52,34.52,0.00
United Kingdom,GBR,Northern Ireland,UK_NIR,STATE_TOTAL,20220218,1.00,1,,,,,1.00,1,,0.00,,,,,,0.00,,,0.00,,,,,,0.00,,,0.00,,,,,,0.00,,,0.00,,,,,,0.00,,,0.00,,,,,,0.00,,,0.00,,,,,,0.00,,,,1.00,1.00,1.00,,0.00,,,0.00,,,,,,2.00,1,,2.00,,1.00,,,,0.00,,1.00,1,,,,,1.00,1,,5.00,1,,3.00,0,,,,,3.00,0,,,2,,3,,5-15 yrs,5-15 yrs,2,2,2,2,5,,0,,602238,3170,V,69.64,17.59,17.59,17.59,17.59,30.21,30.21,30.21,30.21,34.52,34.52,34.52,34.52,0.00
United Kingdom,GBR,Northern Ireland,UK_NIR,STATE_TOTAL,20220219,1.00,1,,,,,1.00,1,,0.00,,,,,,0.00,,,0.00,,,,,,0.00,,,0.00,,,,,,0.00,,,0.00,,,,,,0.00,,,0.00,,,,,,0.00,,,0.00,,,,,,0.00,,,,1.00,1.00,1.00,,0.00,,,0.00,,,,,,2.00,1,,2.00,,1.00,,,,0.00,,1.00,1,,,,,1.00,1,,5.00,1,,3.00,0,,,,,3.00,0,,,2,,3,,5-15 yrs,5-15 yrs,2,2,2,2,5,,0,,604385,3175,V,69.66,17.59,17.59,17.59,17.59,30.21,30.21,30.21,30.21,34.52,34.52,34.52,34.52,0.00
United Kingdom,GBR,Northern Ireland,UK_NIR,STATE_TOTAL,20220220,1.00,1,,,,,1.00,1,,0.00,,,,,,0.00,,,0.00,,,,,,0.00,,,0.00,,,,,,0.00,,,0.00,,,,,,0.00,,,0.00,,,,,,0.00,,,0.00,,,,,,0.00,,,,1.00,1.00,1.00,,0.00,,,0.00,,,,,,2.00,1,,2.00,,1.00,,,,0.00,,1.00,1,,,,,1.00,1,,5.00,1,,3.00,0,,,,,3.00,0,,,2,,3,,5-15 yrs,5-15 yrs,2,2,2,2,5,,0,,606250,3180,V,69.68,17.59,17.59,17.59,17.59,30.21,30.21,30.21,30.21,34.52,34.52,34.52,34.52,0.00
United Kingdom,GBR,Northern Ireland,UK_NIR,STATE_TOTAL,20220221,1.00,1,,,,,1.00,1,,0.00,,,,,,0.00,,,0.00,,,,,,0.00,,,0.00,,,,,,0.00,,,0.00,,,,,,0.00,,,0.00,,,,,,0.00,,,0.00,,,,,,0.00,,,,1.00,1.00,1.00,,0.00,,,0.00,,,,,,2.00,1,,2.00,,1.00,,,,0.00,,1.00,1,,,,,1.00,1,,5.00,1,,2.00,0,,,,,2.00,0,"Following ban on visitation to elderly care homes-     Important information on visiting any Western Trust hospital (from Monday 21 February 2022):  One Visitor (from 2 nominees) is permitted to visit for one hour, once per day.    http://web.archive.org/web/20220302094440/https://westerntrust.hscni.net/western-trust-covid-19-information-updates/western-trust-covid19-visiting-guidance/",,2,,3,,5-15 yrs,5-15 yrs,2,2,2,2,5,,0,,608485,3184,V,69.69,17.59,17.59,17.59,17.59,28.12,28.12,28.12,28.12,32.14,32.14,32.14,32.14,0.00
United Kingdom,GBR,Northern Ireland,UK_NIR,STATE_TOTAL,20220222,1.00,1,,,,,1.00,1,,0.00,,,,,,0.00,,,0.00,,,,,,0.00,,,0.00,,,,,,0.00,,,0.00,,,,,,0.00,,,0.00,,,,,,0.00,,,0.00,,,,,,0.00,,,,1.00,1.00,1.00,,0.00,,,0.00,,,,,,2.00,1,,2.00,,1.00,,,,0.00,,1.00,1,,,,,1.00,1,,5.00,1,,2.00,0,,,,,2.00,0,,,2,,3,,5-15 yrs,5-15 yrs,2,2,2,2,5,,0,,611437,3189,V,69.70,17.59,17.59,17.59,17.59,28.12,28.12,28.12,28.12,32.14,32.14,32.14,32.14,0.00
United Kingdom,GBR,Northern Ireland,UK_NIR,STATE_TOTAL,20220223,1.00,1,,,,,1.00,1,,0.00,,,,,,0.00,,,0.00,,,,,,0.00,,,0.00,,,,,,0.00,,,0.00,,,,,,0.00,,,0.00,,,,,,0.00,,,0.00,,,,,,0.00,,,,1.00,1.00,1.00,,0.00,,,0.00,,,,,,2.00,1,,2.00,,1.00,,,,0.00,,1.00,1,,,,,1.00,1,,5.00,1,,2.00,0,,,,,2.00,0,,,2,,3,,5-15 yrs,5-15 yrs,2,2,2,2,5,,0,,613731,3193,V,69.72,17.59,17.59,17.59,17.59,28.12,28.12,28.12,28.12,32.14,32.14,32.14,32.14,0.00
United Kingdom,GBR,Northern Ireland,UK_NIR,STATE_TOTAL,20220224,1.00,1,,,,,1.00,1,,0.00,,,,,,0.00,,,0.00,,,,,,0.00,,,0.00,,,,,,0.00,,,0.00,,,,,,0.00,,,0.00,,,,,,0.00,,,0.00,,,,,,0.00,,,,1.00,1.00,1.00,,0.00,,,0.00,,,,,,2.00,1,,2.00,,1.00,,,,0.00,,1.00,1,,,,,1.00,1,,5.00,1,,2.00,0,,,,,2.00,0,,,2,,3,,5-15 yrs,5-15 yrs,2,2,2,2,5,,0,,616217,3195,V,69.73,17.59,17.59,17.59,17.59,28.12,28.12,28.12,28.12,32.14,32.14,32.14,32.14,0.00
United Kingdom,GBR,Northern Ireland,UK_NIR,STATE_TOTAL,20220225,1.00,1,,,,,1.00,1,"In Northern Ireland, schools reopened with the same measures as last term. If a primary or post-primary class has multiple Covid cases, all pupils should take an LFT. The guidance that pupils in post-primary schools should wear face coverings still applies.    http://web.archive.org/web/20220225131929/https://www.bbc.com/news/education-51643556",0.00,,,,,,0.00,,,0.00,,,,,,0.00,,,0.00,,,,,,0.00,,,0.00,,,,,,0.00,,,0.00,,,,,,0.00,,,0.00,,,,,,0.00,,,,1.00,1.00,1.00,,0.00,,,0.00,,,,,,2.00,1,,2.00,,1.00,,,,0.00,,1.00,1,,,,,1.00,1,,5.00,1,,2.00,0,,,,,2.00,0,,,2,,3,,5-15 yrs,5-15 yrs,2,2,2,2,5,,0,,618285,3197,V,69.74,17.59,17.59,17.59,17.59,28.12,28.12,28.12,28.12,32.14,32.14,32.14,32.14,0.00
United Kingdom,GBR,Northern Ireland,UK_NIR,STATE_TOTAL,20220226,1.00,1,,,,,1.00,1,,0.00,,,,,,0.00,,,0.00,,,,,,0.00,,,0.00,,,,,,0.00,,,0.00,,,,,,0.00,,,0.00,,,,,,0.00,,,0.00,,,,,,0.00,,,,1.00,1.00,1.00,,0.00,,,0.00,,,,,,2.00,1,,2.00,,1.00,,,,0.00,,1.00,1,,,,,1.00,1,,5.00,1,,2.00,0,,,,,2.00,0,,,2,,3,,5-15 yrs,5-15 yrs,2,2,2,2,5,,0,,618285,3197,V,69.77,17.59,17.59,17.59,17.59,28.12,28.12,28.12,28.12,32.14,32.14,32.14,32.14,0.00
United Kingdom,GBR,Northern Ireland,UK_NIR,STATE_TOTAL,20220227,1.00,1,,,,,1.00,1,,0.00,,,,,,0.00,,,0.00,,,,,,0.00,,,0.00,,,,,,0.00,,,0.00,,,,,,0.00,,,0.00,,,,,,0.00,,,0.00,,,,,,0.00,,,,1.00,1.00,1.00,,0.00,,,0.00,,,,,,2.00,1,,2.00,,1.00,,,,0.00,,1.00,1,,,,,1.00,1,,5.00,1,,2.00,0,,,,,2.00,0,,,2,,3,,5-15 yrs,5-15 yrs,2,2,2,2,5,,0,,618285,3197,V,69.79,17.59,17.59,17.59,17.59,28.12,28.12,28.12,28.12,32.14,32.14,32.14,32.14,0.00
United Kingdom,GBR,Northern Ireland,UK_NIR,STATE_TOTAL,20220228,1.00,1,,,,,1.00,1,,0.00,,,,,,0.00,,,0.00,,,,,,0.00,,,0.00,,,,,,0.00,,,0.00,,,,,,0.00,,,0.00,,,,,,0.00,,,0.00,,,,,,0.00,,,,1.00,1.00,1.00,,0.00,,,0.00,,,,,,2.00,1,,2.00,,1.00,,,,0.00,,1.00,1,,,,,1.00,1,,5.00,1,,2.00,0,,,,,2.00,0,,,2,,3,,5-15 yrs,5-15 yrs,2,2,2,2,5,,0,,623453,3208,V,69.80,17.59,17.59,17.59,17.59,28.12,28.12,28.12,28.12,32.14,32.14,32.14,32.14,0.00
United Kingdom,GBR,Northern Ireland,UK_NIR,STATE_TOTAL,20220301,1.00,1,,,,,1.00,1,,0.00,,,,,,0.00,,,0.00,,,,,,0.00,,,0.00,,,,,,0.00,,,0.00,,,,,,0.00,,,0.00,,,,,,0.00,,,0.00,,,,,,0.00,,,,1.00,1.00,1.00,,0.00,,,0.00,,,,,,2.00,1,,2.00,,1.00,,,,0.00,,1.00,1,,,,,1.00,1,,5.00,1,,2.00,0,,,,,2.00,0,,,2,,3,,5-15 yrs,5-15 yrs,2,2,2,2,5,,0,,626020,3213,V,69.82,17.59,17.59,17.59,17.59,28.12,28.12,28.12,28.12,32.14,32.14,32.14,32.14,0.00
United Kingdom,GBR,Northern Ireland,UK_NIR,STATE_TOTAL,20220302,1.00,1,,,,,1.00,1,,0.00,,,,,,0.00,,,0.00,,,,,,0.00,,,0.00,,,,,,0.00,,,0.00,,,,,,0.00,,,0.00,,,,,,0.00,,,0.00,,,,,,0.00,,,,1.00,1.00,1.00,,0.00,,,0.00,,,,,,2.00,1,,2.00,,1.00,,,,0.00,,1.00,1,,,,,1.00,1,,5.00,1,,2.00,0,,,,,2.00,0,,,2,,3,,5-15 yrs,5-15 yrs,2,2,2,2,5,,0,,628427,3217,V,69.83,17.59,17.59,17.59,17.59,28.12,28.12,28.12,28.12,32.14,32.14,32.14,32.14,0.00
United Kingdom,GBR,Northern Ireland,UK_NIR,STATE_TOTAL,20220303,1.00,1,,,,,1.00,1,,0.00,,,,,,0.00,,,0.00,,,,,,0.00,,,0.00,,,,,,0.00,,,0.00,,,,,,0.00,,,0.00,,,,,,0.00,,,0.00,,,,,,0.00,,,,1.00,1.00,1.00,,0.00,,,0.00,,,,,,2.00,1,,2.00,,1.00,,,,0.00,,1.00,1,,,,,1.00,1,,5.00,1,,2.00,0,,,,,2.00,0,,,2,,3,,5-15 yrs,5-15 yrs,2,2,2,2,5,,0,,630835,3220,V,69.83,17.59,17.59,17.59,17.59,28.12,28.12,28.12,28.12,32.14,32.14,32.14,32.14,0.00
United Kingdom,GBR,Northern Ireland,UK_NIR,STATE_TOTAL,20220304,1.00,1,,,,,1.00,1,,0.00,,,,,,0.00,,,0.00,,,,,,0.00,,,0.00,,,,,,0.00,,,0.00,,,,,,0.00,,,0.00,,,,,,0.00,,,0.00,,,,,,0.00,,,,1.00,1.00,1.00,,0.00,,,0.00,,,,,,2.00,1,,2.00,,1.00,,,,0.00,,1.00,1,,,,,1.00,1,,5.00,1,,2.00,0,,,,,2.00,0,,,2,,3,,5-15 yrs,5-15 yrs,2,2,2,2,5,,0,,633071,3223,V,69.86,17.59,17.59,17.59,17.59,28.12,28.12,28.12,28.12,32.14,32.14,32.14,32.14,0.00
United Kingdom,GBR,Northern Ireland,UK_NIR,STATE_TOTAL,20220305,1.00,1,,,,,1.00,1,,0.00,,,,,,0.00,,,0.00,,,,,,0.00,,,0.00,,,,,,0.00,,,0.00,,,,,,0.00,,,0.00,,,,,,0.00,,,0.00,,,,,,0.00,,,,1.00,1.00,1.00,,0.00,,,0.00,,,,,,2.00,1,,2.00,,1.00,,,,0.00,,1.00,1,,,,,1.00,1,,5.00,1,,2.00,0,,,,,2.00,0,,,2,,3,,5-15 yrs,5-15 yrs,2,2,2,2,5,,0,,633071,3223,V,69.87,17.59,17.59,17.59,17.59,28.12,28.12,28.12,28.12,32.14,32.14,32.14,32.14,0.00
United Kingdom,GBR,Northern Ireland,UK_NIR,STATE_TOTAL,20220306,1.00,1,,,,,1.00,1,,0.00,,,,,,0.00,,,0.00,,,,,,0.00,,,0.00,,,,,,0.00,,,0.00,,,,,,0.00,,,0.00,,,,,,0.00,,,0.00,,,,,,0.00,,,,1.00,1.00,1.00,,0.00,,,0.00,,,,,,2.00,1,,2.00,,1.00,,,,0.00,,1.00,1,,,,,1.00,1,,5.00,1,,2.00,0,,,,,2.00,0,,,2,,3,,5-15 yrs,5-15 yrs,2,2,2,2,5,,0,,633071,3223,V,69.89,17.59,17.59,17.59,17.59,28.12,28.12,28.12,28.12,32.14,32.14,32.14,32.14,0.00
United Kingdom,GBR,Northern Ireland,UK_NIR,STATE_TOTAL,20220307,1.00,1,,,,,1.00,1,,0.00,,,,,,0.00,,,0.00,,,,,,0.00,,,0.00,,,,,,0.00,,,0.00,,,,,,0.00,,,0.00,,,,,,0.00,,,0.00,,,,,,0.00,,,,1.00,1.00,1.00,,0.00,,,0.00,,,,,,2.00,1,,2.00,,1.00,,,,0.00,,1.00,1,,,,,1.00,1,,5.00,1,,2.00,0,,,,,2.00,0,,,2,,3,,5-15 yrs,5-15 yrs,2,2,2,2,5,,0,,638840,3232,V,69.90,17.59,17.59,17.59,17.59,28.12,28.12,28.12,28.12,32.14,32.14,32.14,32.14,0.00
United Kingdom,GBR,Northern Ireland,UK_NIR,STATE_TOTAL,20220308,1.00,1,,,,,1.00,1,,0.00,,,,,,0.00,,,0.00,,,,,,0.00,,,0.00,,,,,,0.00,,,0.00,,,,,,0.00,,,0.00,,,,,,0.00,,,0.00,,,,,,0.00,,,,1.00,1.00,1.00,,0.00,,,0.00,,,,,,2.00,1,,2.00,,1.00,,,,0.00,,1.00,1,,,,,1.00,1,,5.00,1,,2.00,0,,,,,2.00,0,,,2,,3,,5-15 yrs,5-15 yrs,2,2,2,2,5,,0,,641509,3237,V,69.91,17.59,17.59,17.59,17.59,28.12,28.12,28.12,28.12,32.14,32.14,32.14,32.14,0.00
United Kingdom,GBR,Northern Ireland,UK_NIR,STATE_TOTAL,20220309,1.00,1,,,,,1.00,1,,0.00,,,,,,0.00,,,0.00,,,,,,0.00,,,0.00,,,,,,0.00,,,0.00,,,,,,0.00,,,0.00,,,,,,0.00,,,0.00,,,,,,0.00,,,,1.00,1.00,1.00,,0.00,,,0.00,,,,,,2.00,1,,2.00,,1.00,,,,0.00,,1.00,1,,,,,1.00,1,,5.00,1,,2.00,0,,,,,2.00,0,,,2,,3,,5-15 yrs,5-15 yrs,2,2,2,2,5,,0,,644192,3241,V,69.92,17.59,17.59,17.59,17.59,28.12,28.12,28.12,28.12,32.14,32.14,32.14,32.14,0.00
United Kingdom,GBR,Northern Ireland,UK_NIR,STATE_TOTAL,20220310,1.00,1,,,,,1.00,1,,0.00,,,,,,0.00,,,0.00,,,,,,0.00,,,0.00,,,,,,0.00,,,0.00,,,,,,0.00,,,0.00,,,,,,0.00,,,0.00,,,,,,0.00,,,,1.00,1.00,1.00,,0.00,,,0.00,,,,,,2.00,1,,2.00,,1.00,,,,0.00,,1.00,1,,,,,1.00,1,,5.00,1,,2.00,0,,,,,2.00,0,,,2,,3,,5-15 yrs,5-15 yrs,2,2,2,2,5,,0,,646794,3245,V,69.94,17.59,17.59,17.59,17.59,28.12,28.12,28.12,28.12,32.14,32.14,32.14,32.14,0.00
United Kingdom,GBR,Northern Ireland,UK_NIR,STATE_TOTAL,20220311,1.00,1,,,,,1.00,1,,0.00,,,,,,0.00,,,0.00,,,,,,0.00,,,0.00,,,,,,0.00,,,0.00,,,,,,0.00,,,0.00,,,,,,0.00,,,0.00,,,,,,0.00,,,,1.00,1.00,1.00,,0.00,,,0.00,,,,,,2.00,1,,2.00,,1.00,,,,0.00,,1.00,1,,,,,1.00,1,,5.00,1,,2.00,0,,,,,2.00,0,,,2,,3,,5-15 yrs,5-15 yrs,2,2,2,2,5,,0,,649064,3246,V,69.95,17.59,17.59,17.59,17.59,28.12,28.12,28.12,28.12,32.14,32.14,32.14,32.14,0.00
United Kingdom,GBR,Northern Ireland,UK_NIR,STATE_TOTAL,20220312,1.00,1,,,,,1.00,1,,0.00,,,,,,0.00,,,0.00,,,,,,0.00,,,0.00,,,,,,0.00,,,0.00,,,,,,0.00,,,0.00,,,,,,0.00,,,0.00,,,,,,0.00,,,,1.00,1.00,1.00,,0.00,,,0.00,,,,,,2.00,1,,2.00,,1.00,,,,0.00,,1.00,1,,,,,1.00,1,,5.00,1,,2.00,0,,,,,2.00,0,,,2,,3,,5-15 yrs,5-15 yrs,2,2,2,2,5,,0,,649064,3246,V,69.97,17.59,17.59,17.59,17.59,28.12,28.12,28.12,28.12,32.14,32.14,32.14,32.14,0.00
United Kingdom,GBR,Northern Ireland,UK_NIR,STATE_TOTAL,20220313,1.00,1,,,,,1.00,1,,0.00,,,,,,0.00,,,0.00,,,,,,0.00,,,0.00,,,,,,0.00,,,0.00,,,,,,0.00,,,0.00,,,,,,0.00,,,0.00,,,,,,0.00,,,,1.00,1.00,1.00,,0.00,,,0.00,,,,,,2.00,1,,2.00,,1.00,,,,0.00,,1.00,1,,,,,1.00,1,,5.00,1,,2.00,0,,,,,2.00,0,,,2,,3,,5-15 yrs,5-15 yrs,2,2,2,2,5,,0,,649064,3246,V,69.99,17.59,17.59,17.59,17.59,28.12,28.12,28.12,28.12,32.14,32.14,32.14,32.14,0.00
United Kingdom,GBR,Northern Ireland,UK_NIR,STATE_TOTAL,20220314,1.00,1,,,,,1.00,1,,0.00,,,,,,0.00,,,0.00,,,,,,0.00,,,0.00,,,,,,0.00,,,0.00,,,,,,0.00,,,0.00,,,,,,0.00,,,0.00,,,,,,0.00,,,,1.00,1.00,1.00,,0.00,,,0.00,,,,,,2.00,1,,2.00,,1.00,,,,0.00,,1.00,1,,,,,1.00,1,,5.00,1,,2.00,0,,,,,2.00,0,,,2,,3,,5-15 yrs,5-15 yrs,2,2,2,2,5,,0,,654592,3253,V,70.00,17.59,17.59,17.59,17.59,28.12,28.12,28.12,28.12,32.14,32.14,32.14,32.14,0.00
United Kingdom,GBR,Northern Ireland,UK_NIR,STATE_TOTAL,20220315,1.00,1,,,,,1.00,1,,0.00,,,,,,0.00,,,0.00,,,,,,0.00,,,0.00,,,,,,0.00,,,0.00,,,,,,0.00,,,0.00,,,,,,0.00,,,0.00,,,,,,0.00,,,,1.00,1.00,1.00,,0.00,,,0.00,,,,,,2.00,1,,2.00,,1.00,,,,0.00,,1.00,1,,,,,1.00,1,,5.00,1,,2.00,0,,,,,2.00,0,,,2,,3,,5-15 yrs,5-15 yrs,2,2,2,2,5,,0,,657197,3258,V,70.01,17.59,17.59,17.59,17.59,28.12,28.12,28.12,28.12,32.14,32.14,32.14,32.14,0.00
United Kingdom,GBR,Northern Ireland,UK_NIR,STATE_TOTAL,20220316,1.00,1,,,,,1.00,1,,0.00,,,,,,0.00,,,0.00,,,,,,0.00,,,0.00,,,,,,0.00,,,0.00,,,,,,0.00,,,0.00,,,,,,0.00,,,0.00,,,,,,0.00,,,,1.00,1.00,1.00,,0.00,,,0.00,,,,,,2.00,1,,2.00,,1.00,,,,0.00,,1.00,1,,,,,1.00,1,,5.00,1,,2.00,0,,,,,2.00,0,,,2,,3,,5-15 yrs,5-15 yrs,2,2,2,2,5,,0,,659588,3263,V,70.02,17.59,17.59,17.59,17.59,28.12,28.12,28.12,28.12,32.14,32.14,32.14,32.14,0.00
United Kingdom,GBR,Northern Ireland,UK_NIR,STATE_TOTAL,20220317,1.00,1,,,,,1.00,1,,0.00,,,,,,0.00,,,0.00,,,,,,0.00,,,0.00,,,,,,0.00,,,0.00,,,,,,0.00,,,0.00,,,,,,0.00,,,0.00,,,,,,0.00,,,,1.00,1.00,1.00,,0.00,,,0.00,,,,,,2.00,1,,2.00,,1.00,,,,0.00,,1.00,1,,,,,1.00,1,,5.00,1,,2.00,0,,,,,2.00,0,,,2,,3,,5-15 yrs,5-15 yrs,2,2,2,2,5,,0,,661642,3266,V,70.03,17.59,17.59,17.59,17.59,28.12,28.12,28.12,28.12,32.14,32.14,32.14,32.14,0.00
United Kingdom,GBR,Northern Ireland,UK_NIR,STATE_TOTAL,20220318,1.00,1,,,,,1.00,1,"Post-primary pupils in Northern Ireland will no longer need to wear face coverings in classrooms from 21 March.    The requirement for them to wear masks in class had been in place since the start of term in August 2021.    Education Minister Michelle McIlveen said she was now removing that requirement.    The move brings guidance for schools in Northern Ireland into line with the UK and the Republic of Ireland.    http://web.archive.org/web/20220318120029/https://www.bbc.com/news/uk-northern-ireland-60712993",0.00,,,,,,0.00,,,0.00,,,,,,0.00,,,0.00,,,,,,0.00,,,0.00,,,,,,0.00,,,0.00,,,,,,0.00,,,0.00,,,,,,0.00,,,0.00,,,0.00,"UK lifts all restrictions on entry for international arrivals. Specific Northern Ireland report in source    http://web.archive.org/web/20220318115627/https://www.itv.com/news/utv/2022-03-15/holidays-to-become-easier-as-travel-restrictions-ease-in-northern-ireland",0.00,,,0.00,,,,,,2.00,1,,2.00,,1.00,,,,0.00,,1.00,1,,,,,1.00,1,,5.00,1,,2.00,0,,,,,2.00,0,,,2,,3,,5-15 yrs,5-15 yrs,2,2,2,2,5,,0,,663440,3265,V,70.05,14.81,14.81,14.81,14.81,26.56,26.56,26.56,26.56,30.36,30.36,30.36,30.36,0.00
United Kingdom,GBR,Northern Ireland,UK_NIR,STATE_TOTAL,20220319,1.00,1,,,,,1.00,1,,0.00,,,,,,0.00,,,0.00,,,,,,0.00,,,0.00,,,,,,0.00,,,0.00,,,,,,0.00,,,0.00,,,,,,0.00,,,0.00,,,,,,0.00,,,0.00,,,0.00,,0.00,,,0.00,,,,,,2.00,1,,2.00,,1.00,,,,0.00,,1.00,1,,,,,1.00,1,,5.00,1,,2.00,0,,,,,2.00,0,,,2,,3,,5-15 yrs,5-15 yrs,2,2,2,2,5,,0,,663440,3265,V,70.06,14.81,14.81,14.81,14.81,26.56,26.56,26.56,26.56,30.36,30.36,30.36,30.36,0.00
United Kingdom,GBR,Northern Ireland,UK_NIR,STATE_TOTAL,20220320,1.00,1,,,,,1.00,1,,0.00,,,,,,0.00,,,0.00,,,,,,0.00,,,0.00,,,,,,0.00,,,0.00,,,,,,0.00,,,0.00,,,,,,0.00,,,0.00,,,,,,0.00,,,0.00,,,0.00,,0.00,,,0.00,,,,,,2.00,1,,2.00,,1.00,,,,0.00,,1.00,1,,,,,1.00,1,,5.00,1,,2.00,0,,,,,2.00,0,,,2,,3,,5-15 yrs,5-15 yrs,2,2,2,2,5,,0,,663440,3265,V,70.08,14.81,14.81,14.81,14.81,26.56,26.56,26.56,26.56,30.36,30.36,30.36,30.36,0.00
United Kingdom,GBR,Northern Ireland,UK_NIR,STATE_TOTAL,20220321,0.00,,,,,,0.00,," Post-primary pupils in Northern Ireland will no longer need to wear face coverings in classrooms from 21 March, and other operational changes removed  The move brings guidance for schools in Northern Ireland into line with the UK and the Republic of Ireland.  http://web.archive.org/web/20220318120029/https://www.bbc.com/news/uk-northern-ireland-60712993",0.00,,,,,,0.00,,,0.00,,,,,,0.00,,,0.00,,,,,,0.00,,,0.00,,,,,,0.00,,,0.00,,,,,,0.00,,,0.00,,,,,,0.00,,,0.00,,,0.00,,0.00,,,0.00,,,,,,2.00,1,,2.00,,1.00,,,,0.00,,1.00,1,,,,,1.00,1,,5.00,1,,2.00,0,,,,,2.00,0,,,2,,3,,5-15 yrs,5-15 yrs,2,2,2,2,5,,0,,668795,3274,V,70.09,11.11,11.11,11.11,11.11,24.48,24.48,24.48,24.48,27.98,27.98,27.98,27.98,0.00
United Kingdom,GBR,Northern Ireland,UK_NIR,STATE_TOTAL,20220322,0.00,,,,,,0.00,,,0.00,,,,,,0.00,,,0.00,,,,,,0.00,,,0.00,,,,,,0.00,,,0.00,,,,,,0.00,,,0.00,,,,,,0.00,,,0.00,,,,,,0.00,,,0.00,,,0.00,,0.00,,,0.00,,,,,,2.00,1,,2.00,,1.00,,,,0.00,,1.00,1,,,,,1.00,1,,5.00,1,,2.00,0,,,,,2.00,0,,,2,,3,,5-15 yrs,5-15 yrs,2,2,2,2,5,,0,,671694,3282,V,70.10,11.11,11.11,11.11,11.11,24.48,24.48,24.48,24.48,27.98,27.98,27.98,27.98,0.00
United Kingdom,GBR,Northern Ireland,UK_NIR,STATE_TOTAL,20220323,0.00,,,,,,0.00,,,0.00,,,,,,0.00,,,0.00,,,,,,0.00,,,0.00,,,,,,0.00,,,0.00,,,,,,0.00,,,0.00,,,,,,0.00,,,0.00,,,,,,0.00,,,0.00,,,0.00,,0.00,,,0.00,,,,,,2.00,1,,2.00,,1.00,,,,0.00,,1.00,1,,,,,1.00,1,,5.00,1,,2.00,0,,,,,2.00,0,,,2,,3,,5-15 yrs,5-15 yrs,2,2,2,2,5,,0,,673963,3285,V,70.11,11.11,11.11,11.11,11.11,24.48,24.48,24.48,24.48,27.98,27.98,27.98,27.98,0.00
United Kingdom,GBR,Northern Ireland,UK_NIR,STATE_TOTAL,20220324,0.00,,,,,,0.00,,,0.00,,,,,,0.00,,,0.00,,,,,,0.00,,,0.00,,,,,,0.00,,,0.00,,,,,,0.00,,,0.00,,,,,,0.00,,,0.00,,,,,,0.00,,,0.00,,,0.00,,0.00,,,0.00,,,,,,2.00,1,,2.00,,1.00,,,,0.00,,1.00,1,,,,,1.00,1,,5.00,1,,2.00,0,,,,,2.00,0,,,2,,3,,5-15 yrs,5-15 yrs,2,2,2,2,5,,0,,676487,3287,V,70.12,11.11,11.11,11.11,11.11,24.48,24.48,24.48,24.48,27.98,27.98,27.98,27.98,0.00
United Kingdom,GBR,Northern Ireland,UK_NIR,STATE_TOTAL,20220325,0.00,,,,,,0.00,,,0.00,,,,,,0.00,,,0.00,,,,,,0.00,,,0.00,,,,,,0.00,,,0.00,,,,,,0.00,,,0.00,,,,,,0.00,,,0.00,,,,,,0.00,,,0.00,,,0.00,,0.00,,,0.00,,,,,,2.00,1,,2.00,,1.00,,,,0.00,,1.00,1,,,,,1.00,1,,5.00,1,,2.00,0,,,,,2.00,0,,,2,,3,,5-15 yrs,5-15 yrs,2,2,2,2,5,,0,,678397,3292,V,70.13,11.11,11.11,11.11,11.11,24.48,24.48,24.48,24.48,27.98,27.98,27.98,27.98,0.00
United Kingdom,GBR,Northern Ireland,UK_NIR,STATE_TOTAL,20220326,0.00,,,,,,0.00,,,0.00,,,,,,0.00,,,0.00,,,,,,0.00,,,0.00,,,,,,0.00,,,0.00,,,,,,0.00,,,0.00,,,,,,0.00,,,0.00,,,,,,0.00,,,0.00,,,0.00,,0.00,,,0.00,,,,,,2.00,1,,2.00,,1.00,,,,0.00,,1.00,1,,,,,1.00,1,,5.00,1,,2.00,0,,,,,2.00,0,,,2,,3,,5-15 yrs,5-15 yrs,2,2,2,2,5,,0,,678397,3292,V,70.16,11.11,11.11,11.11,11.11,24.48,24.48,24.48,24.48,27.98,27.98,27.98,27.98,0.00
United Kingdom,GBR,Northern Ireland,UK_NIR,STATE_TOTAL,20220327,0.00,,,,,,0.00,,,0.00,,,,,,0.00,,,0.00,,,,,,0.00,,,0.00,,,,,,0.00,,,0.00,,,,,,0.00,,,0.00,,,,,,0.00,,,0.00,,,,,,0.00,,,0.00,,,0.00,,0.00,,,0.00,,,,,,2.00,1,,2.00,,1.00,,,,0.00,,1.00,1,,,,,1.00,1,,5.00,1,,2.00,0,,,,,2.00,0,,,2,,3,,5-15 yrs,5-15 yrs,2,2,2,2,5,,0,,678397,3292,V,70.17,11.11,11.11,11.11,11.11,24.48,24.48,24.48,24.48,27.98,27.98,27.98,27.98,0.00
United Kingdom,GBR,Northern Ireland,UK_NIR,STATE_TOTAL,20220328,0.00,,,,,,0.00,,,0.00,,,,,,0.00,,,0.00,,,,,,0.00,,,0.00,,,,,,0.00,,,0.00,,,,,,0.00,,,0.00,,,,,,0.00,,,0.00,,,,,,0.00,,,0.00,,,0.00,,0.00,,,0.00,,,,,,2.00,1,,2.00,,1.00,,,,0.00,,1.00,1,,,,,1.00,1,,5.00,1,,2.00,0,,,,,2.00,0,,,2,,3,,5-15 yrs,5-15 yrs,2,2,2,2,5,,0,,682238,3306,V,70.18,11.11,11.11,11.11,11.11,24.48,24.48,24.48,24.48,27.98,27.98,27.98,27.98,0.00
United Kingdom,GBR,Northern Ireland,UK_NIR,STATE_TOTAL,20220329,0.00,,,,,,0.00,,,0.00,,,,,,0.00,,,0.00,,,,,,0.00,,,0.00,,,,,,0.00,,,0.00,,,,,,0.00,,,0.00,,,,,,0.00,,,0.00,,,,,,0.00,,,0.00,,,0.00,,0.00,,,0.00,,,,,,2.00,1,,2.00,,1.00,,,,0.00,,1.00,1,,,,,1.00,1,,5.00,1,,2.00,0,,,,,2.00,0,,,2,,3,,5-15 yrs,5-15 yrs,2,2,2,2,5,,0,,683969,3315,V,70.19,11.11,11.11,11.11,11.11,24.48,24.48,24.48,24.48,27.98,27.98,27.98,27.98,0.00
United Kingdom,GBR,Northern Ireland,UK_NIR,STATE_TOTAL,20220330,0.00,,,,,,0.00,,,0.00,,,,,,0.00,,,0.00,,,,,,0.00,,,0.00,,,,,,0.00,,,0.00,,,,,,0.00,,,0.00,,,,,,0.00,,,0.00,,,,,,0.00,,,0.00,,,0.00,,0.00,,,0.00,,,,,,2.00,1,,2.00,,1.00,,,,0.00,,1.00,1,,,,,1.00,1,,5.00,1,,2.00,0,,,,,2.00,0,"Restrictions remain- 1 hour visit per day, review next 18 April 2022  http://web.archive.org/web/20220408114118/https://westerntrust.hscni.net/western-trust-covid-19-information-updates/western-trust-covid19-visiting-guidance/",,2,,3,,5-15 yrs,5-15 yrs,2,2,2,2,5,,0,,685383,3320,V,70.20,11.11,11.11,11.11,11.11,24.48,24.48,24.48,24.48,27.98,27.98,27.98,27.98,0.00
United Kingdom,GBR,Northern Ireland,UK_NIR,STATE_TOTAL,20220331,0.00,,,,,,0.00,,,0.00,,,,,,0.00,,,0.00,,,,,,0.00,,,0.00,,,,,,0.00,,,0.00,,,,,,0.00,,,0.00,,,,,,0.00,,,0.00,,,,,,0.00,,,0.00,,,0.00,,0.00,,,0.00,,,,,,2.00,1,,2.00,,1.00,,,,0.00,,1.00,1,,,,,1.00,1,,5.00,1,,2.00,0,,,,,2.00,0,,,2,,3,,5-15 yrs,5-15 yrs,2,2,2,2,5,,0,,686844,3323,V,70.22,11.11,11.11,11.11,11.11,24.48,24.48,24.48,24.48,27.98,27.98,27.98,27.98,0.00
United Kingdom,GBR,Northern Ireland,UK_NIR,STATE_TOTAL,20220401,0.00,,,,,,0.00,,,0.00,,,,,,0.00,,,0.00,,,,,,0.00,,,0.00,,,,,,0.00,,,0.00,,,,,,0.00,,,0.00,,,,,,0.00,,,0.00,,,,,,0.00,,,0.00,,,0.00,,0.00,,,0.00,,,,,,2.00,1,,2.00,,1.00,,,,0.00,,1.00,1,,,,,1.00,1,,5.00,1,,2.00,0,,,,,2.00,0,,,2,,3,,5-15 yrs,5-15 yrs,2,2,2,2,5,,0,,688062,3329,V,70.23,11.11,11.11,11.11,11.11,24.48,24.48,24.48,24.48,27.98,27.98,27.98,27.98,0.00
United Kingdom,GBR,Northern Ireland,UK_NIR,STATE_TOTAL,20220402,0.00,,,,,,0.00,,,0.00,,,,,,0.00,,,0.00,,,,,,0.00,,,0.00,,,,,,0.00,,,0.00,,,,,,0.00,,,0.00,,,,,,0.00,,,0.00,,,,,,0.00,,,0.00,,,0.00,,0.00,,,0.00,,,,,,2.00,1,,2.00,,1.00,,,,0.00,,1.00,1,,,,,1.00,1,,5.00,1,,2.00,0,,,,,2.00,0,,,2,,3,,5-15 yrs,5-15 yrs,2,2,2,2,5,,0,,688062,3329,V,70.26,11.11,11.11,11.11,11.11,24.48,24.48,24.48,24.48,27.98,27.98,27.98,27.98,0.00
United Kingdom,GBR,Northern Ireland,UK_NIR,STATE_TOTAL,20220403,0.00,,,,,,0.00,,,0.00,,,,,,0.00,,,0.00,,,,,,0.00,,,0.00,,,,,,0.00,,,0.00,,,,,,0.00,,,0.00,,,,,,0.00,,,0.00,,,,,,0.00,,,0.00,,,0.00,,0.00,,,0.00,,,,,,2.00,1,,2.00,,1.00,,,,0.00,,1.00,1,,,,,1.00,1,,5.00,1,,2.00,0,,,,,2.00,0,,,2,,3,,5-15 yrs,5-15 yrs,2,2,2,2,5,,0,,688062,3329,V,70.28,11.11,11.11,11.11,11.11,24.48,24.48,24.48,24.48,27.98,27.98,27.98,27.98,0.00
United Kingdom,GBR,Northern Ireland,UK_NIR,STATE_TOTAL,20220404,0.00,,,,,,0.00,,,0.00,,,,,,0.00,,,0.00,,,,,,0.00,,,0.00,,,,,,0.00,,,0.00,,,,,,0.00,,,0.00,,,,,,0.00,,,0.00,,,,,,0.00,,,0.00,,,0.00,,0.00,,,0.00,,,,,,2.00,1,,2.00,,1.00,,,,0.00,,1.00,1,,,,,1.00,1,,5.00,1,,2.00,0,,,,,2.00,0,,,2,,3,,5-15 yrs,5-15 yrs,2,2,2,2,5,,0,,690750,3342,V,70.28,11.11,11.11,11.11,11.11,24.48,24.48,24.48,24.48,27.98,27.98,27.98,27.98,0.00
United Kingdom,GBR,Northern Ireland,UK_NIR,STATE_TOTAL,20220405,0.00,,,,,,0.00,,,0.00,,,,,,0.00,,,0.00,,,,,,0.00,,,0.00,,,,,,0.00,,,0.00,,,,,,0.00,,,0.00,,,,,,0.00,,,0.00,,,,,,0.00,,,0.00,,,0.00,,0.00,,,0.00,,,,,,2.00,1,,2.00,,1.00,,,,0.00,,1.00,1,,,,,1.00,1,,5.00,1,,2.00,0,,,,,2.00,0,,,2,,3,,5-15 yrs,5-15 yrs,2,2,2,2,5,,0,,692137,3346,V,70.29,11.11,11.11,11.11,11.11,24.48,24.48,24.48,24.48,27.98,27.98,27.98,27.98,0.00
United Kingdom,GBR,Northern Ireland,UK_NIR,STATE_TOTAL,20220406,0.00,,,,,,0.00,,,0.00,,,,,,0.00,,,0.00,,,,,,0.00,,,0.00,,,,,,0.00,,,0.00,,,,,,0.00,,,0.00,,,,,,0.00,,,0.00,,,,,,0.00,,,0.00,,,0.00,,0.00,,,0.00,,,,,,2.00,1,,2.00,,1.00,,,,0.00,,1.00,1,,,,,1.00,1,,5.00,1,,2.00,0,,,,,2.00,0,,,2,,3,,5-15 yrs,5-15 yrs,2,2,2,2,5,,0,,693292,3348,V,70.30,11.11,11.11,11.11,11.11,24.48,24.48,24.48,24.48,27.98,27.98,27.98,27.98,0.00
United Kingdom,GBR,Northern Ireland,UK_NIR,STATE_TOTAL,20220407,0.00,,,,,,0.00,,,0.00,,,,,,0.00,,,0.00,,,,,,0.00,,,0.00,,,,,,0.00,,,0.00,,,,,,0.00,,,0.00,,,,,,0.00,,,0.00,,,,,,0.00,,,0.00,,,0.00,,0.00,,,0.00,,,,,,2.00,1,,2.00,,1.00,,,,0.00,,1.00,1,,,,,1.00,1,,5.00,1,,2.00,0,,,,,2.00,0,,,2,,3,,5-15 yrs,5-15 yrs,2,2,2,2,5,,0,,694425,3353,V,70.32,11.11,11.11,11.11,11.11,24.48,24.48,24.48,24.48,27.98,27.98,27.98,27.98,0.00
United Kingdom,GBR,Northern Ireland,UK_NIR,STATE_TOTAL,20220408,0.00,,,,,,0.00,,,0.00,,,,,,0.00,,,0.00,,,,,,0.00,,,0.00,,,,,,0.00,,,0.00,,,,,,0.00,,,0.00,,,,,,0.00,,,0.00,,,,,,0.00,,,0.00,,,0.00,,0.00,,,0.00,,,,,,2.00,1,,2.00,,1.00,,,,0.00,,1.00,1,,,,,1.00,1,,5.00,1,,2.00,0,,,,,2.00,0,,,2,,3,,5-15 yrs,5-15 yrs,2,2,2,2,5,,0,,695408,3358,V,70.33,11.11,11.11,11.11,11.11,24.48,24.48,24.48,24.48,27.98,27.98,27.98,27.98,0.00
United Kingdom,GBR,Northern Ireland,UK_NIR,STATE_TOTAL,20220409,0.00,,,,,,0.00,,,0.00,,,,,,0.00,,,0.00,,,,,,0.00,,,0.00,,,,,,0.00,,,0.00,,,,,,0.00,,,0.00,,,,,,0.00,,,0.00,,,,,,0.00,,,0.00,,,0.00,,0.00,,,0.00,,,,,,2.00,1,,2.00,,1.00,,,,0.00,,1.00,1,,,,,1.00,1,,5.00,1,,2.00,0,,,,,2.00,0,"The Western Trust will continue with visiting to hospital sites allowing for one visit, for one hour per day per patient. Exceptions will also continue to apply in some areas. All temporary visiting restrictions will be reviewed again on Monday 25 April 2022 and an update will follow as the Trust plan to implement a phased return to full visiting arrangements across all health care facilities in the months ahead.    http://web.archive.org/web/20220420093557/https://westerntrust.hscni.net/western-trust-covid-19-information-updates/western-trust-covid19-visiting-guidance/",,2,,3,,5-15 yrs,5-15 yrs,2,2,2,2,5,,0,,695408,3358,V,70.34,11.11,11.11,11.11,11.11,24.48,24.48,24.48,24.48,27.98,27.98,27.98,27.98,0.00
United Kingdom,GBR,Northern Ireland,UK_NIR,STATE_TOTAL,20220410,0.00,,,,,,0.00,,,0.00,,,,,,0.00,,,0.00,,,,,,0.00,,,0.00,,,,,,0.00,,,0.00,,,,,,0.00,,,0.00,,,,,,0.00,,,0.00,,,,,,0.00,,,0.00,,,0.00,,0.00,,,0.00,,,,,,2.00,1,,2.00,,1.00,,,,0.00,,1.00,1,,,,,1.00,1,,5.00,1,,2.00,0,,,,,2.00,0,,,2,,3,,5-15 yrs,5-15 yrs,2,2,2,2,5,,0,,695408,3358,V,70.36,11.11,11.11,11.11,11.11,24.48,24.48,24.48,24.48,27.98,27.98,27.98,27.98,0.00
United Kingdom,GBR,Northern Ireland,UK_NIR,STATE_TOTAL,20220411,0.00,,,,,,0.00,,,0.00,,,,,,0.00,,,0.00,,,,,,0.00,,,0.00,,,,,,0.00,,,0.00,,,,,,0.00,,,0.00,,,,,,0.00,,,0.00,,,,,,0.00,,,0.00,,,0.00,,0.00,,,0.00,,,,,,2.00,1,,2.00,,1.00,,,,0.00,,1.00,1,,,,,1.00,1,,5.00,1,,2.00,0,,,,,2.00,0,,,2,,3,,5-15 yrs,5-15 yrs,2,2,2,2,5,,0,,697281,3367,V,70.37,11.11,11.11,11.11,11.11,24.48,24.48,24.48,24.48,27.98,27.98,27.98,27.98,0.00
United Kingdom,GBR,Northern Ireland,UK_NIR,STATE_TOTAL,20220412,0.00,,,,,,0.00,,,0.00,,,,,,0.00,,,0.00,,,,,,0.00,,,0.00,,,,,,0.00,,,0.00,,,,,,0.00,,,0.00,,,,,,0.00,,,0.00,,,,,,0.00,,,0.00,,,0.00,,0.00,,,0.00,,,,,,2.00,1,,2.00,,1.00,,,,0.00,,1.00,1,,,,,1.00,1,,5.00,1,,2.00,0,,,,,2.00,0,,,2,,3,,5-15 yrs,5-15 yrs,2,2,2,2,5,,0,,698208,3369,V,70.38,11.11,11.11,11.11,11.11,24.48,24.48,24.48,24.48,27.98,27.98,27.98,27.98,0.00
United Kingdom,GBR,Northern Ireland,UK_NIR,STATE_TOTAL,20220413,0.00,,,,,,0.00,,,0.00,,,,,,0.00,,,0.00,,,,,,0.00,,,0.00,,,,,,0.00,,,0.00,,,,,,0.00,,,0.00,,,,,,0.00,,,0.00,,,,,,0.00,,,0.00,,,0.00,,0.00,,,0.00,,,,,,2.00,1,,2.00,,1.00,,,,0.00,,1.00,1,,,,,1.00,1,,5.00,1,,2.00,0,,,,,2.00,0,,,2,,3,,5-15 yrs,5-15 yrs,2,2,2,2,5,,0,,698978,3372,V,70.39,11.11,11.11,11.11,11.11,24.48,24.48,24.48,24.48,27.98,27.98,27.98,27.98,0.00
United Kingdom,GBR,Northern Ireland,UK_NIR,STATE_TOTAL,20220414,0.00,,,,,,0.00,,,0.00,,,,,,0.00,,,0.00,,,,,,0.00,,,0.00,,,,,,0.00,,,0.00,,,,,,0.00,,,0.00,,,,,,0.00,,,0.00,,,,,,0.00,,,0.00,,,0.00,,0.00,,,0.00,,,,,,2.00,1,,2.00,,1.00,,,,0.00,,1.00,1,,,,,1.00,1,,5.00,1,,2.00,0,,,,,2.00,0,,,2,,3,,5-15 yrs,5-15 yrs,2,2,2,2,5,,0,,699769,3377,V,70.41,11.11,11.11,11.11,11.11,24.48,24.48,24.48,24.48,27.98,27.98,27.98,27.98,0.00
United Kingdom,GBR,Northern Ireland,UK_NIR,STATE_TOTAL,20220415,0.00,,,,,,0.00,,,0.00,,,,,,0.00,,,0.00,,,,,,0.00,,,0.00,,,,,,0.00,,,0.00,,,,,,0.00,,,0.00,,,,,,0.00,,,0.00,,,,,,0.00,,,0.00,,,0.00,,0.00,,,0.00,,,,,,2.00,1,,2.00,,1.00,,,,0.00,,1.00,1,,,,,1.00,1,,5.00,1,,2.00,0,,,,,2.00,0,,,2,,3,,5-15 yrs,5-15 yrs,2,2,2,2,5,,0,,699769,3377,V,70.42,11.11,11.11,11.11,11.11,24.48,24.48,24.48,24.48,27.98,27.98,27.98,27.98,0.00
United Kingdom,GBR,Northern Ireland,UK_NIR,STATE_TOTAL,20220416,0.00,,,,,,0.00,,,0.00,,,,,,0.00,,,0.00,,,,,,0.00,,,0.00,,,,,,0.00,,,0.00,,,,,,0.00,,,0.00,,,,,,0.00,,,0.00,,,,,,0.00,,,0.00,,,0.00,,0.00,,,0.00,,,,,,2.00,1,,2.00,,1.00,,,,0.00,,1.00,1,,,,,1.00,1,,5.00,1,,2.00,0,,,,,2.00,0,,,2,,3,,5-15 yrs,5-15 yrs,2,2,2,2,5,,0,,699769,3377,V,70.44,11.11,11.11,11.11,11.11,24.48,24.48,24.48,24.48,27.98,27.98,27.98,27.98,0.00
United Kingdom,GBR,Northern Ireland,UK_NIR,STATE_TOTAL,20220417,0.00,,,,,,0.00,,,0.00,,,,,,0.00,,,0.00,,,,,,0.00,,,0.00,,,,,,0.00,,,0.00,,,,,,0.00,,,0.00,,,,,,0.00,,,0.00,,,,,,0.00,,,0.00,,,0.00,,0.00,,,0.00,,,,,,2.00,1,,2.00,,1.00,,,,0.00,,1.00,1,,,,,1.00,1,,5.00,1,,2.00,0,,,,,2.00,0,,,2,,3,,5-15 yrs,5-15 yrs,2,2,2,2,5,,0,,699769,3377,V,70.44,11.11,11.11,11.11,11.11,24.48,24.48,24.48,24.48,27.98,27.98,27.98,27.98,0.00
United Kingdom,GBR,Northern Ireland,UK_NIR,STATE_TOTAL,20220418,0.00,,,,,,0.00,,,0.00,,,,,,0.00,,,0.00,,,,,,0.00,,,0.00,,,,,,0.00,,,0.00,,,,,,0.00,,,0.00,,,,,,0.00,,,0.00,,,,,,0.00,,,0.00,,,0.00,,0.00,,,0.00,,,,,,2.00,1,,2.00,,1.00,,,,0.00,,1.00,1,,,,,1.00,1,,5.00,1,,2.00,0,,,,,2.00,0,,,2,,3,,5-15 yrs,5-15 yrs,2,2,2,2,5,,0,,699769,3377,V,70.44,11.11,11.11,11.11,11.11,24.48,24.48,24.48,24.48,27.98,27.98,27.98,27.98,0.00
United Kingdom,GBR,Northern Ireland,UK_NIR,STATE_TOTAL,20220419,0.00,,,,,,0.00,,,0.00,,,,,,0.00,,,0.00,,,,,,0.00,,,0.00,,,,,,0.00,,,0.00,,,,,,0.00,,,0.00,,,,,,0.00,,,0.00,,,,,,0.00,,,0.00,,,0.00,,0.00,,,0.00,,,,,,2.00,1,,2.00,,1.00,,,,0.00,,1.00,1,,,,,1.00,1,,5.00,1,,2.00,0,,,,,2.00,0,,,2,,3,,5-15 yrs,5-15 yrs,2,2,2,2,5,,0,,702464,3391,V,70.45,11.11,11.11,11.11,11.11,24.48,24.48,24.48,24.48,27.98,27.98,27.98,27.98,0.00
United Kingdom,GBR,Northern Ireland,UK_NIR,STATE_TOTAL,20220420,0.00,,,,,,0.00,,,0.00,,,,,,0.00,,,0.00,,,,,,0.00,,,0.00,,,,,,0.00,,,0.00,,,,,,0.00,,,0.00,,,,,,0.00,,,0.00,,,,,,0.00,,,0.00,,,0.00,,0.00,,,0.00,"Self isolation grants no longer available. Isolation is not required under law.    https://archive.ph/HBoTl",,,,,2.00,1,,2.00,,1.00,,,,0.00,,1.00,1,,,,,1.00,1,"The use of face coverings is strongly recommended in all indoor settings accessible to the public across Northern Ireland. Wearing a face covering helps keep you and others safe from COVID-19.   http://web.archive.org/web/20220420093816/https://www.nidirect.gov.uk/articles/coronavirus-covid-19-face-coverings-guidance",5.00,1,,2.00,0,,,,,2.00,0,,,2,,3,,5-15 yrs,5-15 yrs,2,2,2,2,5,,0,,703052,3393,V,70.47,11.11,11.11,11.11,11.11,24.48,24.48,24.48,24.48,27.98,27.98,27.98,27.98,0.00
United Kingdom,GBR,Northern Ireland,UK_NIR,STATE_TOTAL,20220421,0.00,,,,,,0.00,,,0.00,,,,,,0.00,,,0.00,,,,,,0.00,,,0.00,,,,,,0.00,,,0.00,,,,,,0.00,,,0.00,,,,,,0.00,,,0.00,,,,,,0.00,,,0.00,,,0.00,,0.00,,,0.00,,,,,,2.00,1,,2.00,,1.00,,,,0.00,,1.00,1,,,,,1.00,1,,5.00,1,,2.00,0,,,,,2.00,0,,,2,,3,,5-15 yrs,5-15 yrs,2,2,2,2,5,,0,,703804,3402,V,70.48,11.11,11.11,11.11,11.11,24.48,24.48,24.48,24.48,27.98,27.98,27.98,27.98,0.00
United Kingdom,GBR,Northern Ireland,UK_NIR,STATE_TOTAL,20220422,0.00,,,,,,0.00,,,0.00,,,,,,0.00,,,0.00,,,,,,0.00,,,0.00,,,,,,0.00,,,0.00,,,,,,0.00,,,0.00,,,,,,0.00,,,0.00,,,,,,0.00,,,0.00,,,0.00,,0.00,,,0.00,,,,,,2.00,1,,2.00,,1.00,,,,0.00,,1.00,1,,,,,1.00,1,,5.00,1,,2.00,0,,,,,2.00,0,,,2,,3,,5-15 yrs,5-15 yrs,2,2,2,2,5,,0,,704511,3405,V,70.50,11.11,11.11,11.11,11.11,24.48,24.48,24.48,24.48,27.98,27.98,27.98,27.98,0.00
United Kingdom,GBR,Northern Ireland,UK_NIR,STATE_TOTAL,20220423,0.00,,,,,,0.00,,,0.00,,,,,,0.00,,,0.00,,,,,,0.00,,,0.00,,,,,,0.00,,,0.00,,,,,,0.00,,,0.00,,,,,,0.00,,,0.00,,,,,,0.00,,,0.00,,,0.00,,0.00,,,0.00,,,,,,2.00,1,,2.00,,1.00,,,,0.00,,1.00,1,,,,,1.00,1,,5.00,1,,2.00,0,,,,,2.00,0,,,2,,3,,5-15 yrs,5-15 yrs,2,2,2,2,5,,0,,704511,3405,V,70.53,11.11,11.11,11.11,11.11,24.48,24.48,24.48,24.48,27.98,27.98,27.98,27.98,0.00
United Kingdom,GBR,Northern Ireland,UK_NIR,STATE_TOTAL,20220424,0.00,,,,,,0.00,,,0.00,,,,,,0.00,,,0.00,,,,,,0.00,,,0.00,,,,,,0.00,,,0.00,,,,,,0.00,,,0.00,,,,,,0.00,,,0.00,,,,,,0.00,,,0.00,,,0.00,,0.00,,,0.00,,,,,,2.00,1,,2.00,,1.00,,,,0.00,,1.00,1,,,,,1.00,1,,5.00,1,,2.00,0,,,,,2.00,0,,,2,,3,,5-15 yrs,5-15 yrs,2,2,2,2,5,,0,,704511,3405,V,70.55,11.11,11.11,11.11,11.11,24.48,24.48,24.48,24.48,27.98,27.98,27.98,27.98,0.00
United Kingdom,GBR,Northern Ireland,UK_NIR,STATE_TOTAL,20220425,0.00,,,,,,0.00,,,0.00,,,,,,0.00,,,0.00,,,,,,0.00,,,0.00,,,,,,0.00,,,0.00,,,,,,0.00,,,0.00,,,,,,0.00,,,0.00,,,,,,0.00,,,0.00,,,0.00,,0.00,,,0.00,,,,,,2.00,1,,2.00,,1.00,,,,0.00,,1.00,1,,,,,1.00,1,,5.00,1,,2.00,0,,,,,2.00,0,,,2,,3,,5-15 yrs,5-15 yrs,2,2,2,2,5,,0,,705790,3409,V,70.55,11.11,11.11,11.11,11.11,24.48,24.48,24.48,24.48,27.98,27.98,27.98,27.98,0.00
United Kingdom,GBR,Northern Ireland,UK_NIR,STATE_TOTAL,20220426,0.00,,,,,,0.00,,,0.00,,,,,,0.00,,,0.00,,,,,,0.00,,,0.00,,,,,,0.00,,,0.00,,,,,,0.00,,,0.00,,,,,,0.00,,,0.00,,,,,,0.00,,,0.00,,,0.00,,0.00,,,0.00,,,,,,2.00,1,,2.00,,1.00,,,,0.00,,1.00,1,,,,,1.00,1,,5.00,1,,2.00,0,,,,,2.00,0,,,2,,3,,5-15 yrs,5-15 yrs,2,2,2,2,5,,0,,706270,3413,V,70.56,11.11,11.11,11.11,11.11,24.48,24.48,24.48,24.48,27.98,27.98,27.98,27.98,0.00
United Kingdom,GBR,Northern Ireland,UK_NIR,STATE_TOTAL,20220427,0.00,,,,,,0.00,,,0.00,,,,,,0.00,,,0.00,,,,,,0.00,,,0.00,,,,,,0.00,,,0.00,,,,,,0.00,,,0.00,,,,,,0.00,,,0.00,,,,,,0.00,,,0.00,,,0.00,,0.00,,,0.00,,,,,,2.00,1,,2.00,,1.00,,,,0.00,,1.00,1,,,,,1.00,1,,5.00,1,,2.00,0,,,,,2.00,0,,,2,,3,,5-15 yrs,5-15 yrs,2,2,2,2,5,,0,,706635,3414,V,70.57,11.11,11.11,11.11,11.11,24.48,24.48,24.48,24.48,27.98,27.98,27.98,27.98,0.00
United Kingdom,GBR,Northern Ireland,UK_NIR,STATE_TOTAL,20220428,0.00,,,,,,0.00,,,0.00,,,,,,0.00,,,0.00,,,,,,0.00,,,0.00,,,,,,0.00,,,0.00,,,,,,0.00,,,0.00,,,,,,0.00,,,0.00,,,,,,0.00,,,0.00,,,0.00,,0.00,,,0.00,,,,,,2.00,1,,2.00,,1.00,,,,0.00,,1.00,1,,,,,1.00,1,,5.00,1,,2.00,0,,,,,2.00,0,,,2,,3,,5-15 yrs,5-15 yrs,2,2,2,2,5,,0,,706990,3416,V,70.59,11.11,11.11,11.11,11.11,24.48,24.48,24.48,24.48,27.98,27.98,27.98,27.98,0.00
United Kingdom,GBR,Northern Ireland,UK_NIR,STATE_TOTAL,20220429,0.00,,,,,,0.00,,,0.00,,,,,,0.00,,,0.00,,,,,,0.00,,,0.00,,,,,,0.00,,,0.00,,,,,,0.00,,,0.00,,,,,,0.00,,,0.00,,,,,,0.00,,,0.00,,,0.00,,0.00,,,0.00,,,,,,2.00,1,,2.00,,1.00,,,,0.00,,1.00,1,,,,,1.00,1,,5.00,1,,2.00,0,,,,,2.00,0,,,2,,3,,5-15 yrs,5-15 yrs,2,2,2,2,5,,0,,707319,3417,V,70.60,11.11,11.11,11.11,11.11,24.48,24.48,24.48,24.48,27.98,27.98,27.98,27.98,0.00
United Kingdom,GBR,Northern Ireland,UK_NIR,STATE_TOTAL,20220430,0.00,,,,,,0.00,,,0.00,,,,,,0.00,,,0.00,,,,,,0.00,,,0.00,,,,,,0.00,,,0.00,,,,,,0.00,,,0.00,,,,,,0.00,,,0.00,,,,,,0.00,,,0.00,,,0.00,,0.00,,,0.00,,,,,,2.00,1,,2.00,,1.00,,,,0.00,,1.00,1,,,,,1.00,1,,5.00,1,,2.00,0,,,,,2.00,0,,,2,,3,,5-15 yrs,5-15 yrs,2,2,2,2,5,,0,,707319,3417,V,70.63,11.11,11.11,11.11,11.11,24.48,24.48,24.48,24.48,27.98,27.98,27.98,27.98,0.00
United Kingdom,GBR,Northern Ireland,UK_NIR,STATE_TOTAL,20220501,0.00,,,,,,0.00,,,0.00,,,,,,0.00,,,0.00,,,,,,0.00,,,0.00,,,,,,0.00,,,0.00,,,,,,0.00,,,0.00,,,,,,0.00,,,0.00,,,,,,0.00,,,0.00,,,0.00,,0.00,,,0.00,,,,,,2.00,1,,2.00,,1.00,,,,0.00,,1.00,1,,,,,1.00,1,,5.00,1,,2.00,0,,,,,2.00,0,,,2,,3,,5-15 yrs,5-15 yrs,2,2,2,2,5,,0,,707319,3417,V,70.64,11.11,11.11,11.11,11.11,24.48,24.48,24.48,24.48,27.98,27.98,27.98,27.98,0.00
United Kingdom,GBR,Northern Ireland,UK_NIR,STATE_TOTAL,20220502,0.00,,,,,,0.00,,,0.00,,,,,,0.00,,,0.00,,,,,,0.00,,,0.00,,,,,,0.00,,,0.00,,,,,,0.00,,,0.00,,,,,,0.00,,,0.00,,,,,,0.00,,,0.00,,,0.00,,0.00,,,0.00,,,,,,2.00,1,,2.00,,1.00,,,,0.00,,1.00,1,,,,,1.00,1,,5.00,1,,2.00,0,,,,,2.00,0,,,2,,3,,5-15 yrs,5-15 yrs,2,2,2,2,5,,0,,707319,3417,V,70.65,11.11,11.11,11.11,11.11,24.48,24.48,24.48,24.48,27.98,27.98,27.98,27.98,0.00
United Kingdom,GBR,Northern Ireland,UK_NIR,STATE_TOTAL,20220503,0.00,,,,,,0.00,,,0.00,,,,,,0.00,,,0.00,,,,,,0.00,,,0.00,,,,,,0.00,,,0.00,,,,,,0.00,,,0.00,,,,,,0.00,,,0.00,,,,,,0.00,,,0.00,,,0.00,,0.00,,,0.00,,,,,,2.00,1,,2.00,,1.00,,,,0.00,,1.00,1,,,,,1.00,1,,5.00,1,,2.00,0,,,,,2.00,0,,,2,,3,,5-15 yrs,5-15 yrs,2,2,2,2,5,,0,,708321,3423,V,70.65,11.11,11.11,11.11,11.11,24.48,24.48,24.48,24.48,27.98,27.98,27.98,27.98,0.00
United Kingdom,GBR,Northern Ireland,UK_NIR,STATE_TOTAL,20220504,0.00,,,,,,0.00,,,0.00,,,,,,0.00,,,0.00,,,,,,0.00,,,0.00,,,,,,0.00,,,0.00,,,,,,0.00,,,0.00,,,,,,0.00,,,0.00,,,,,,0.00,,,0.00,,,0.00,,0.00,,,0.00,,,,,,2.00,1,,2.00,,1.00,,,,0.00,,1.00,1,,,,,1.00,1,,5.00,1,,2.00,0,,,,,2.00,0,,,2,,3,,5-15 yrs,5-15 yrs,2,2,2,2,5,,0,,708699,3424,V,70.66,11.11,11.11,11.11,11.11,24.48,24.48,24.48,24.48,27.98,27.98,27.98,27.98,0.00
United Kingdom,GBR,Northern Ireland,UK_NIR,STATE_TOTAL,20220505,0.00,,,,,,0.00,,,0.00,,,,,,0.00,,,0.00,,,,,,0.00,,,0.00,,,,,,0.00,,,0.00,,,,,,0.00,,,0.00,,,,,,0.00,,,0.00,,,,,,0.00,,,0.00,,,0.00,,0.00,,,0.00,,,,,,2.00,1,,2.00,,1.00,,,,0.00,,1.00,1,,,,,1.00,1,,5.00,1,,2.00,0,,,,,2.00,0,,,2,,3,,5-15 yrs,5-15 yrs,2,2,2,2,5,,0,,709061,3425,V,70.68,11.11,11.11,11.11,11.11,24.48,24.48,24.48,24.48,27.98,27.98,27.98,27.98,0.00
United Kingdom,GBR,Northern Ireland,UK_NIR,STATE_TOTAL,20220506,0.00,,,,,,0.00,,,0.00,,,,,,0.00,,,0.00,,,,,,0.00,,,0.00,,,,,,0.00,,,0.00,,,,,,0.00,,,0.00,,,,,,0.00,,,0.00,,,,,,0.00,,,0.00,,,0.00,,0.00,,,0.00,,,,,,2.00,1,,2.00,,1.00,,,,0.00,,1.00,1,,,,,1.00,1,,5.00,1,,2.00,0,,,,,2.00,0,,,2,,3,,5-15 yrs,5-15 yrs,2,2,2,2,5,,0,,709377,3426,V,70.69,11.11,11.11,11.11,11.11,24.48,24.48,24.48,24.48,27.98,27.98,27.98,27.98,0.00
United Kingdom,GBR,Northern Ireland,UK_NIR,STATE_TOTAL,20220507,0.00,,,,,,0.00,,,0.00,,,,,,0.00,,,0.00,,,,,,0.00,,,0.00,,,,,,0.00,,,0.00,,,,,,0.00,,,0.00,,,,,,0.00,,,0.00,,,,,,0.00,,,0.00,,,0.00,,0.00,,,0.00,,,,,,2.00,1,,2.00,,1.00,,,,0.00,,1.00,1,,,,,1.00,1,,5.00,1,,2.00,0,,,,,2.00,0,,,2,,3,,5-15 yrs,5-15 yrs,2,2,2,2,5,,0,,709377,3426,V,70.71,11.11,11.11,11.11,11.11,24.48,24.48,24.48,24.48,27.98,27.98,27.98,27.98,0.00
United Kingdom,GBR,Northern Ireland,UK_NIR,STATE_TOTAL,20220508,0.00,,,,,,0.00,,,0.00,,,,,,0.00,,,0.00,,,,,,0.00,,,0.00,,,,,,0.00,,,0.00,,,,,,0.00,,,0.00,,,,,,0.00,,,0.00,,,,,,0.00,,,0.00,,,0.00,,0.00,,,0.00,,,,,,2.00,1,,2.00,,1.00,,,,0.00,,1.00,1,,,,,1.00,1,,5.00,1,,2.00,0,,,,,2.00,0,,,2,,3,,5-15 yrs,5-15 yrs,2,2,2,2,5,,0,,709377,3426,V,70.72,11.11,11.11,11.11,11.11,24.48,24.48,24.48,24.48,27.98,27.98,27.98,27.98,0.00
United Kingdom,GBR,Northern Ireland,UK_NIR,STATE_TOTAL,20220509,0.00,,,,,,0.00,,,0.00,,,,,,0.00,,,0.00,,,,,,0.00,,,0.00,,,,,,0.00,,,0.00,,,,,,0.00,,,0.00,,,,,,0.00,,,0.00,,,,,,0.00,,,0.00,,,0.00,,0.00,,,0.00,,,,,,2.00,1,,2.00,,1.00,,,,0.00,,1.00,1,,,,,1.00,1,,5.00,1,,2.00,0,,,,,2.00,0,,,2,,3,,5-15 yrs,5-15 yrs,2,2,2,2,5,,0,,710173,3429,V,70.73,11.11,11.11,11.11,11.11,24.48,24.48,24.48,24.48,27.98,27.98,27.98,27.98,0.00
United Kingdom,GBR,Northern Ireland,UK_NIR,STATE_TOTAL,20220510,0.00,,,,,,0.00,,,0.00,,,,,,0.00,,,0.00,,,,,,0.00,,,0.00,,,,,,0.00,,,0.00,,,,,,0.00,,,0.00,,,,,,0.00,,,0.00,,,,,,0.00,,,0.00,,,0.00,,0.00,,,0.00,,,,,,2.00,1,,2.00,,1.00,,,,0.00,,1.00,1,,,,,1.00,1,,5.00,1,,2.00,0,,,,,2.00,0,,,2,,3,,5-15 yrs,5-15 yrs,2,2,2,2,5,,0,,710567,3432,V,70.74,11.11,11.11,11.11,11.11,24.48,24.48,24.48,24.48,27.98,27.98,27.98,27.98,0.00
United Kingdom,GBR,Northern Ireland,UK_NIR,STATE_TOTAL,20220511,0.00,,,,,,0.00,,,0.00,,,,,,0.00,,,0.00,,,,,,0.00,,,0.00,,,,,,0.00,,,0.00,,,,,,0.00,,,0.00,,,,,,0.00,,,0.00,,,,,,0.00,,,0.00,,,0.00,,0.00,,,0.00,,,,,,2.00,1,,2.00,,1.00,,,,0.00,,1.00,1,,,,,1.00,1,,5.00,1,,2.00,0,,,,,2.00,0,,,2,,3,,5-15 yrs,5-15 yrs,2,2,2,2,5,,0,,710567,3432,V,70.75,11.11,11.11,11.11,11.11,24.48,24.48,24.48,24.48,27.98,27.98,27.98,27.98,0.00
United Kingdom,GBR,Northern Ireland,UK_NIR,STATE_TOTAL,20220512,0.00,,,,,,0.00,,,0.00,,,,,,0.00,,,0.00,,,,,,0.00,,,0.00,,,,,,0.00,,,0.00,,,,,,0.00,,,0.00,,,,,,0.00,,,0.00,,,,,,0.00,,,0.00,,,0.00,,0.00,,,0.00,,,,,,2.00,1,,2.00,,1.00,,,,0.00,,1.00,1,,,,,1.00,1,,5.00,1,,2.00,0,,,,,2.00,0,,,2,,3,,5-15 yrs,5-15 yrs,2,2,2,2,5,,0,,710567,3432,V,70.76,11.11,11.11,11.11,11.11,24.48,24.48,24.48,24.48,27.98,27.98,27.98,27.98,0.00
United Kingdom,GBR,Northern Ireland,UK_NIR,STATE_TOTAL,20220513,0.00,,,,,,0.00,,,0.00,,,,,,0.00,,,0.00,,,,,,0.00,,,0.00,,,,,,0.00,,,0.00,,,,,,0.00,,,0.00,,,,,,0.00,,,0.00,,,,,,0.00,,,0.00,,,0.00,,0.00,,,0.00,,,,,,2.00,1,,2.00,,1.00,,,,0.00,,1.00,1,,,,,1.00,1,,5.00,1,,2.00,0,,,,,2.00,0,,,2,,3,,5-15 yrs,5-15 yrs,2,2,2,2,5,,0,,710567,3432,V,70.77,11.11,11.11,11.11,11.11,24.48,24.48,24.48,24.48,27.98,27.98,27.98,27.98,0.00
United Kingdom,GBR,Northern Ireland,UK_NIR,STATE_TOTAL,20220514,0.00,,,,,,0.00,,,0.00,,,,,,0.00,,,0.00,,,,,,0.00,,,0.00,,,,,,0.00,,,0.00,,,,,,0.00,,,0.00,,,,,,0.00,,,0.00,,,,,,0.00,,,0.00,,,0.00,,0.00,,,0.00,,,,,,2.00,1,,2.00,,1.00,,,,0.00,,1.00,1,,,,,1.00,1,,5.00,1,,2.00,0,,,,,2.00,0,,,2,,3,,5-15 yrs,5-15 yrs,2,2,2,2,5,,0,,711649,3437,V,70.77,11.11,11.11,11.11,11.11,24.48,24.48,24.48,24.48,27.98,27.98,27.98,27.98,0.00
United Kingdom,GBR,Northern Ireland,UK_NIR,STATE_TOTAL,20220515,0.00,,,,,,0.00,,,0.00,,,,,,0.00,,,0.00,,,,,,0.00,,,0.00,,,,,,0.00,,,0.00,,,,,,0.00,,,0.00,,,,,,0.00,,,0.00,,,,,,0.00,,,0.00,,,0.00,,0.00,,,0.00,,,,,,2.00,1,,2.00,,1.00,,,,0.00,,1.00,1,,,,,1.00,1,,5.00,1,,2.00,0,,,,,2.00,0,,,2,,3,,5-15 yrs,5-15 yrs,2,2,2,2,5,,0,,711822,3437,V,70.77,11.11,11.11,11.11,11.11,24.48,24.48,24.48,24.48,27.98,27.98,27.98,27.98,0.00
United Kingdom,GBR,Northern Ireland,UK_NIR,STATE_TOTAL,20220516,0.00,,,,,,0.00,,,0.00,,,,,,0.00,,,0.00,,,,,,0.00,,,0.00,,,,,,0.00,,,0.00,,,,,,0.00,,,0.00,,,,,,0.00,,,0.00,,,,,,0.00,,,0.00,,,0.00,,0.00,,,0.00,,,,,,2.00,1,,2.00,,1.00,,,,0.00,,1.00,1,,,,,1.00,1,,5.00,1,,2.00,0,,,,,2.00,0,,,2,,3,,5-15 yrs,5-15 yrs,2,2,2,2,5,,0,,712074,3438,V,70.77,11.11,11.11,11.11,11.11,24.48,24.48,24.48,24.48,27.98,27.98,27.98,27.98,0.00
United Kingdom,GBR,Northern Ireland,UK_NIR,STATE_TOTAL,20220517,0.00,,,,,,0.00,,,0.00,,,,,,0.00,,,0.00,,,,,,0.00,,,0.00,,,,,,0.00,,,0.00,,,,,,0.00,,,0.00,,,,,,0.00,,,0.00,,,,,,0.00,,,0.00,,,0.00,,0.00,,,0.00,,,,,,2.00,1,,2.00,,1.00,,,,0.00,,1.00,1,,,,,1.00,1,,5.00,1,,2.00,0,,,,,2.00,0,,,2,,3,,5-15 yrs,5-15 yrs,2,2,2,2,5,,0,,712437,3440,V,70.77,11.11,11.11,11.11,11.11,24.48,24.48,24.48,24.48,27.98,27.98,27.98,27.98,0.00
United Kingdom,GBR,Northern Ireland,UK_NIR,STATE_TOTAL,20220518,0.00,,,,,,0.00,,,0.00,,,,,,0.00,,,0.00,,,,,,0.00,,,0.00,,,,,,0.00,,,0.00,,,,,,0.00,,,0.00,,,,,,0.00,,,0.00,,,,,,0.00,,,0.00,,,0.00,,0.00,,,0.00,,,,,,2.00,1,,2.00,,1.00,,,,0.00,,1.00,1,,,,,1.00,1,,5.00,1,,2.00,0,,,,,2.00,0,,,2,,3,,5-15 yrs,5-15 yrs,2,2,2,2,5,,0,,712769,3441,V,70.77,11.11,11.11,11.11,11.11,24.48,24.48,24.48,24.48,27.98,27.98,27.98,27.98,0.00
United Kingdom,GBR,Northern Ireland,UK_NIR,STATE_TOTAL,20220519,0.00,,,,,,0.00,,,0.00,,,,,,0.00,,,0.00,,,,,,0.00,,,0.00,,,,,,0.00,,,0.00,,,,,,0.00,,,0.00,,,,,,0.00,,,0.00,,,,,,0.00,,,0.00,,,0.00,,0.00,,,0.00,,,,,,2.00,1,,2.00,,1.00,,,,0.00,,1.00,1,,,,,1.00,1,,5.00,1,,2.00,0,,,,,2.00,0,,,2,,3,,5-15 yrs,5-15 yrs,2,2,2,2,5,,0,,713032,3445,V,70.77,11.11,11.11,11.11,11.11,24.48,24.48,24.48,24.48,27.98,27.98,27.98,27.98,0.00
United Kingdom,GBR,Northern Ireland,UK_NIR,STATE_TOTAL,20220520,0.00,,,,,,0.00,,,0.00,,,,,,0.00,,,0.00,,,,,,0.00,,,0.00,,,,,,0.00,,,0.00,,,,,,0.00,,,0.00,,,,,,0.00,,,0.00,,,,,,0.00,,,0.00,,,0.00,,0.00,,,0.00,,,,,,2.00,1,,2.00,,1.00,,,,0.00,,1.00,1,,,,,1.00,1,,5.00,1,,2.00,0,,,,,2.00,0,,,2,,3,,5-15 yrs,5-15 yrs,2,2,2,2,5,,0,,713294,3445,V,70.77,11.11,11.11,11.11,11.11,24.48,24.48,24.48,24.48,27.98,27.98,27.98,27.98,0.00
United Kingdom,GBR,Northern Ireland,UK_NIR,STATE_TOTAL,20220521,0.00,,,,,,0.00,,,0.00,,,,,,0.00,,,0.00,,,,,,0.00,,,0.00,,,,,,0.00,,,0.00,,,,,,0.00,,,0.00,,,,,,0.00,,,0.00,,,,,,0.00,,,0.00,,,0.00,,0.00,,,0.00,,,,,,2.00,1,,2.00,,1.00,,,,0.00,,1.00,1,,,,,1.00,1,,5.00,1,,2.00,0,,,,,2.00,0,,,2,,3,,5-15 yrs,5-15 yrs,2,2,2,2,5,,0,,,,V,70.77,11.11,11.11,11.11,11.11,24.48,24.48,24.48,24.48,27.98,27.98,27.98,27.98,0.00
United Kingdom,GBR,Northern Ireland,UK_NIR,STATE_TOTAL,20220522,0.00,,,,,,0.00,,,0.00,,,,,,0.00,,,0.00,,,,,,0.00,,,0.00,,,,,,0.00,,,0.00,,,,,,0.00,,,0.00,,,,,,0.00,,,0.00,,,,,,0.00,,,0.00,,,0.00,,0.00,,,0.00,,,,,,2.00,1,,2.00,,1.00,,,,0.00,,1.00,1,,,,,1.00,1,,5.00,1,,2.00,0,,,,,2.00,0,,,2,,3,,5-15 yrs,5-15 yrs,2,2,2,2,5,,0,,,,V,70.77,11.11,11.11,11.11,11.11,24.48,24.48,24.48,24.48,27.98,27.98,27.98,27.98,0.00
United Kingdom,GBR,Northern Ireland,UK_NIR,STATE_TOTAL,20220523,0.00,,,,,,0.00,,,0.00,,,,,,0.00,,,0.00,,,,,,0.00,,,0.00,,,,,,0.00,,,0.00,,,,,,0.00,,,0.00,,,,,,0.00,,,0.00,,,,,,0.00,,,0.00,,,0.00,,0.00,,,0.00,,,,,,2.00,1,,2.00,,1.00,,,,0.00,,1.00,1,,,,,1.00,1,,5.00,1,,2.00,0,,,,,2.00,0,,,2,,3,,5-15 yrs,5-15 yrs,2,2,2,2,5,,0,,,,V,70.77,11.11,11.11,11.11,11.11,24.48,24.48,24.48,24.48,27.98,27.98,27.98,27.98,0.00
United Kingdom,GBR,Northern Ireland,UK_NIR,STATE_TOTAL,20220524,0.00,,,,,,0.00,,,0.00,,,,,,0.00,,,0.00,,,,,,0.00,,,0.00,,,,,,0.00,,,0.00,,,,,,0.00,,,0.00,,,,,,0.00,,,0.00,,,,,,0.00,,,0.00,,,0.00,,0.00,,,0.00,,,,,,2.00,1,,2.00,,1.00,,,,0.00,,1.00,1,,,,,1.00,1,,5.00,1,,2.00,0,,,,,2.00,0,,,2,,3,,5-15 yrs,5-15 yrs,2,2,2,2,5,,0,,,,V,70.77,11.11,11.11,11.11,11.11,24.48,24.48,24.48,24.48,27.98,27.98,27.98,27.98,0.00
United Kingdom,GBR,Northern Ireland,UK_NIR,STATE_TOTAL,20220525,0.00,,,,,,0.00,,,0.00,,,,,,0.00,,,0.00,,,,,,0.00,,,0.00,,,,,,0.00,,,0.00,,,,,,0.00,,,0.00,,,,,,0.00,,,0.00,,,,,,0.00,,,0.00,,,0.00,,0.00,,,0.00,,,,,,2.00,1,,2.00,,1.00,,,,0.00,,1.00,1,,,,,1.00,1,,5.00,1,,2.00,0,,,,,2.00,0,,,2,,3,,5-15 yrs,5-15 yrs,2,2,2,2,5,,0,,,,V,70.78,11.11,11.11,11.11,11.11,24.48,24.48,24.48,24.48,27.98,27.98,27.98,27.98,0.00
United Kingdom,GBR,Northern Ireland,UK_NIR,STATE_TOTAL,20220526,0.00,,,,,,0.00,,,0.00,,,,,,0.00,,,0.00,,,,,,0.00,,,0.00,,,,,,0.00,,,0.00,,,,,,0.00,,,0.00,,,,,,0.00,,,0.00,,,,,,0.00,,,0.00,,,0.00,,0.00,,,0.00,,,,,,2.00,1,,2.00,,1.00,,,,0.00,,1.00,1,,,,,1.00,1,,5.00,1,,2.00,0,,,,,2.00,0,,,2,,3,,5-15 yrs,5-15 yrs,2,2,2,2,5,,0,,,,V,70.79,11.11,11.11,11.11,11.11,24.48,24.48,24.48,24.48,27.98,27.98,27.98,27.98,0.00
United Kingdom,GBR,Northern Ireland,UK_NIR,STATE_TOTAL,20220527,0.00,,,,,,0.00,,,0.00,,,,,,0.00,,,0.00,,,,,,0.00,,,0.00,,,,,,0.00,,,0.00,,,,,,0.00,,,0.00,,,,,,0.00,,,0.00,,,,,,0.00,,,0.00,,,0.00,,0.00,,,0.00,,,,,,2.00,1,,2.00,,1.00,,,,0.00,,1.00,1,,,,,1.00,1,,5.00,1,,2.00,0,,,,,2.00,0,,,2,,3,,5-15 yrs,5-15 yrs,2,2,2,2,5,,0,,,,V,70.80,11.11,11.11,11.11,11.11,24.48,24.48,24.48,24.48,27.98,27.98,27.98,27.98,0.00
United Kingdom,GBR,Northern Ireland,UK_NIR,STATE_TOTAL,20220528,0.00,,,,,,0.00,,,0.00,,,,,,0.00,,,0.00,,,,,,0.00,,,0.00,,,,,,0.00,,,0.00,,,,,,0.00,,,0.00,,,,,,0.00,,,0.00,,,,,,0.00,,,0.00,,,0.00,,0.00,,,0.00,,,,,,2.00,1,,2.00,,1.00,,,,0.00,,1.00,1,,,,,1.00,1,,5.00,1,,2.00,0,,,,,2.00,0,,,2,,3,,5-15 yrs,5-15 yrs,2,2,2,2,5,,0,,,,V,70.83,11.11,11.11,11.11,11.11,24.48,24.48,24.48,24.48,27.98,27.98,27.98,27.98,0.00
United Kingdom,GBR,Northern Ireland,UK_NIR,STATE_TOTAL,20220529,0.00,,,,,,0.00,,,0.00,,,,,,0.00,,,0.00,,,,,,0.00,,,0.00,,,,,,0.00,,,0.00,,,,,,0.00,,,0.00,,,,,,0.00,,,0.00,,,,,,0.00,,,0.00,,,0.00,,0.00,,,0.00,,,,,,2.00,1,,2.00,,1.00,,,,0.00,,1.00,1,,,,,1.00,1,,5.00,1,,2.00,0,,,,,2.00,0,,,2,,3,,5-15 yrs,5-15 yrs,2,2,2,2,5,,0,,,,V,70.84,11.11,11.11,11.11,11.11,24.48,24.48,24.48,24.48,27.98,27.98,27.98,27.98,0.00
United Kingdom,GBR,Northern Ireland,UK_NIR,STATE_TOTAL,20220530,0.00,,,,,,0.00,,,0.00,,,,,,0.00,,,0.00,,,,,,0.00,,,0.00,,,,,,0.00,,,0.00,,,,,,0.00,,,0.00,,,,,,0.00,,,0.00,,,,,,0.00,,,0.00,,,0.00,,0.00,,,0.00,,,,,,2.00,1,,2.00,,1.00,,,,0.00,,1.00,1,,,,,1.00,1,,5.00,1,,2.00,0,,,,,2.00,0,,,2,,3,,5-15 yrs,5-15 yrs,2,2,2,2,5,,0,,,,V,70.85,11.11,11.11,11.11,11.11,24.48,24.48,24.48,24.48,27.98,27.98,27.98,27.98,0.00
United Kingdom,GBR,Northern Ireland,UK_NIR,STATE_TOTAL,20220531,0.00,,,,,,0.00,,,0.00,,,,,,0.00,,,0.00,,,,,,0.00,,,0.00,,,,,,0.00,,,0.00,,,,,,0.00,,,0.00,,,,,,0.00,,,0.00,,,,,,0.00,,,0.00,,,0.00,,0.00,,,0.00,,,,,,2.00,1,,2.00,,1.00,,,,0.00,,1.00,1,,,,,1.00,1,,5.00,1,,2.00,0,,,,,2.00,0,,,2,,3,,5-15 yrs,5-15 yrs,2,2,2,2,5,,0,,,,V,70.85,11.11,11.11,11.11,11.11,24.48,24.48,24.48,24.48,27.98,27.98,27.98,27.98,0.00
United Kingdom,GBR,Northern Ireland,UK_NIR,STATE_TOTAL,20220601,0.00,,,,,,0.00,,,0.00,,,,,,0.00,,,0.00,,,,,,0.00,,,0.00,,,,,,0.00,,,0.00,,,,,,0.00,,,0.00,,,,,,0.00,,,0.00,,,,,,0.00,,,0.00,,,0.00,,0.00,,,0.00,,,,,,2.00,1,,2.00,,1.00,,,,0.00,,1.00,1,,,,,1.00,1,,5.00,1,,2.00,0,,,,,2.00,0,,,2,,3,,5-15 yrs,5-15 yrs,2,2,2,2,5,,0,,,,V,70.87,11.11,11.11,11.11,11.11,24.48,24.48,24.48,24.48,27.98,27.98,27.98,27.98,0.00
United Kingdom,GBR,Northern Ireland,UK_NIR,STATE_TOTAL,20220602,0.00,,,,,,0.00,,,0.00,,,,,,0.00,,,0.00,,,,,,0.00,,,0.00,,,,,,0.00,,,0.00,,,,,,0.00,,,0.00,,,,,,0.00,,,0.00,,,,,,0.00,,,0.00,,,0.00,,0.00,,,0.00,,,,,,2.00,1,,2.00,,1.00,,,,0.00,,1.00,1,,,,,1.00,1,,5.00,1,,2.00,0,,,,,2.00,0,,,2,,3,,5-15 yrs,5-15 yrs,2,2,2,2,5,,0,,,,V,70.87,11.11,11.11,11.11,11.11,24.48,24.48,24.48,24.48,27.98,27.98,27.98,27.98,0.00
United Kingdom,GBR,Northern Ireland,UK_NIR,STATE_TOTAL,20220603,0.00,,,,,,0.00,,,0.00,,,,,,0.00,,,0.00,,,,,,0.00,,,0.00,,,,,,0.00,,,0.00,,,,,,0.00,,,0.00,,,,,,0.00,,,0.00,,,,,,0.00,,,0.00,,,0.00,,0.00,,,0.00,,,,,,2.00,1,,2.00,,1.00,,,,0.00,,1.00,1,,,,,1.00,1,,5.00,1,,2.00,0,,,,,2.00,0,,,2,,3,,5-15 yrs,5-15 yrs,2,2,2,2,5,,0,,,,V,70.88,11.11,11.11,11.11,11.11,24.48,24.48,24.48,24.48,27.98,27.98,27.98,27.98,0.00
United Kingdom,GBR,Northern Ireland,UK_NIR,STATE_TOTAL,20220604,0.00,,,,,,0.00,,,0.00,,,,,,0.00,,,0.00,,,,,,0.00,,,0.00,,,,,,0.00,,,0.00,,,,,,0.00,,,0.00,,,,,,0.00,,,0.00,,,,,,0.00,,,0.00,,,0.00,,0.00,,,0.00,,,,,,2.00,1,,2.00,,1.00,,,,0.00,,1.00,1,,,,,1.00,1,,5.00,1,,2.00,0,,,,,2.00,0,,,2,,3,,5-15 yrs,5-15 yrs,2,2,2,2,5,,0,,,,V,70.89,11.11,11.11,11.11,11.11,24.48,24.48,24.48,24.48,27.98,27.98,27.98,27.98,0.00
United Kingdom,GBR,Northern Ireland,UK_NIR,STATE_TOTAL,20220605,0.00,,,,,,0.00,,,0.00,,,,,,0.00,,,0.00,,,,,,0.00,,,0.00,,,,,,0.00,,,0.00,,,,,,0.00,,,0.00,,,,,,0.00,,,0.00,,,,,,0.00,,,0.00,,,0.00,,0.00,,,0.00,,,,,,2.00,1,,2.00,,1.00,,,,0.00,,1.00,1,,,,,1.00,1,,5.00,1,,2.00,0,,,,,2.00,0,,,2,,3,,5-15 yrs,5-15 yrs,2,2,2,2,5,,0,,,,V,70.90,11.11,11.11,11.11,11.11,24.48,24.48,24.48,24.48,27.98,27.98,27.98,27.98,0.00
United Kingdom,GBR,Northern Ireland,UK_NIR,STATE_TOTAL,20220606,0.00,,,,,,0.00,,,0.00,,,,,,0.00,,,0.00,,,,,,0.00,,,0.00,,,,,,0.00,,,0.00,,,,,,0.00,,,0.00,,,,,,0.00,,,0.00,,,,,,0.00,,,0.00,,,0.00,,0.00,,,0.00,,,,,,2.00,1,,2.00,,1.00,,,,0.00,,1.00,1,,,,,1.00,1,,5.00,1,,2.00,0,,,,,2.00,0,"Restrictions remain:    As COVID-19 transmission rates remain low in the community, the Western Trust is continuing it’s eased visiting restrictions to allow for one visit, for one hour per day per patient from THREE nominated visitors. Exceptions will also continue to apply in some areas. All temporary visiting restrictions will be reviewed again on Monday 20 June 2022.    Maternity Services allow one visit, one hour per day from TWO nominated adults at the same agreed time, however consideration will be given outside this in exceptional or individual circumstances. This will also need to be agreed with midwife in charge.    The Trust treats the safety of our patients, staff and everyone attending our facilities with the utmost importance and therefore visitors to healthcare facilities are encouraged to please continue with adherence to infection prevention and control measures in our efforts to reduce the risk of transmission of COVID-19 into high risk and vulnerable settings. Whilst testing using Lateral Flow Devices (LFD) is optional it is encouraged as a valuable, additional mitigation to enhance safety. We would also ask that visitors please wear a face mask when inside our healthcare facilities, even when in the presence of a patient.    http://web.archive.org/web/20220606145531/https://westerntrust.hscni.net/western-trust-covid-19-information-updates/western-trust-covid19-visiting-guidance/",,2,,3,,5-15 yrs,5-15 yrs,2,2,2,2,5,,0,,,,V,70.91,11.11,11.11,11.11,11.11,24.48,24.48,24.48,24.48,27.98,27.98,27.98,27.98,0.00
United Kingdom,GBR,Northern Ireland,UK_NIR,STATE_TOTAL,20220607,0.00,,,,,,0.00,,,0.00,,,,,,0.00,,,0.00,,,,,,0.00,,,0.00,,,,,,0.00,,,0.00,,,,,,0.00,,,0.00,,,,,,0.00,,,0.00,,,,,,0.00,,,0.00,,,0.00,,0.00,,,0.00,,,,,,2.00,1,,2.00,"If you have symptoms of COVID-19 (a high temperature, a new and persistent cough or a loss or change to your sense of smell or taste), however mild, you should self-isolate immediately and take a lateral flow test.    In Northern Ireland, if you do not have symptoms, you can only order lateral flow tests if:     you may be eligible for COVID-19 treatments and need lateral flow tests in case you become symptomatic    http://web.archive.org/web/20220622135920/https://www.nidirect.gov.uk/articles/coronavirus-covid-19-testing",1.00,,,,0.00,,1.00,1,,,,,1.00,1,,5.00,1,,2.00,0,,,,,2.00,0,,,2,,3,,5-15 yrs,5-15 yrs,2,2,2,2,5,,0,,,,V,70.91,11.11,11.11,11.11,11.11,24.48,24.48,24.48,24.48,27.98,27.98,27.98,27.98,0.00
United Kingdom,GBR,Northern Ireland,UK_NIR,STATE_TOTAL,20220608,0.00,,,,,,0.00,,,0.00,,,,,,0.00,,,0.00,,,,,,0.00,,,0.00,,,,,,0.00,,,0.00,,,,,,0.00,,,0.00,,,,,,0.00,,,0.00,,,,,,0.00,,,0.00,,,0.00,,0.00,,,0.00,,,,,,2.00,1,,2.00,,1.00,,,,0.00,,1.00,1,,,,,1.00,1,,5.00,1,,2.00,0,,,,,2.00,0,,,2,,3,,5-15 yrs,5-15 yrs,2,2,2,2,5,,0,,,,V,70.92,11.11,11.11,11.11,11.11,24.48,24.48,24.48,24.48,27.98,27.98,27.98,27.98,0.00
United Kingdom,GBR,Northern Ireland,UK_NIR,STATE_TOTAL,20220609,0.00,,,,,,0.00,,,0.00,,,,,,0.00,,,0.00,,,,,,0.00,,,0.00,,,,,,0.00,,,0.00,,,,,,0.00,,,0.00,,,,,,0.00,,,0.00,,,,,,0.00,,,0.00,,,0.00,,0.00,,,0.00,,,,,,2.00,1,,2.00,,1.00,,,,0.00,,1.00,1,,,,,1.00,1,,5.00,1,,2.00,0,,,,,2.00,0,,,2,,3,,5-15 yrs,5-15 yrs,2,2,2,2,5,,0,,,,V,70.93,11.11,11.11,11.11,11.11,24.48,24.48,24.48,24.48,27.98,27.98,27.98,27.98,0.00
United Kingdom,GBR,Northern Ireland,UK_NIR,STATE_TOTAL,20220610,0.00,,,,,,0.00,,,0.00,,,,,,0.00,,,0.00,,,,,,0.00,,,0.00,,,,,,0.00,,,0.00,,,,,,0.00,,,0.00,,,,,,0.00,,,0.00,,,,,,0.00,,,0.00,,,0.00,,0.00,,,0.00,,,,,,2.00,1,,2.00,,1.00,,,,0.00,,1.00,1,,,,,1.00,1,,5.00,1,,2.00,0,,,,,2.00,0,,,2,,3,,5-15 yrs,5-15 yrs,2,2,2,2,5,,0,,,,V,70.94,11.11,11.11,11.11,11.11,24.48,24.48,24.48,24.48,27.98,27.98,27.98,27.98,0.00
United Kingdom,GBR,Northern Ireland,UK_NIR,STATE_TOTAL,20220611,0.00,,,,,,0.00,,,0.00,,,,,,0.00,,,0.00,,,,,,0.00,,,0.00,,,,,,0.00,,,0.00,,,,,,0.00,,,0.00,,,,,,0.00,,,0.00,,,,,,0.00,,,0.00,,,0.00,,0.00,,,0.00,,,,,,2.00,1,,2.00,,1.00,,,,0.00,,1.00,1,,,,,1.00,1,,5.00,1,,2.00,0,,,,,2.00,0,,,2,,3,,5-15 yrs,5-15 yrs,2,2,2,2,5,,0,,,,V,70.98,11.11,11.11,11.11,11.11,24.48,24.48,24.48,24.48,27.98,27.98,27.98,27.98,0.00
United Kingdom,GBR,Northern Ireland,UK_NIR,STATE_TOTAL,20220612,0.00,,,,,,0.00,,,0.00,,,,,,0.00,,,0.00,,,,,,0.00,,,0.00,,,,,,0.00,,,0.00,,,,,,0.00,,,0.00,,,,,,0.00,,,0.00,,,,,,0.00,,,0.00,,,0.00,,0.00,,,0.00,,,,,,2.00,1,,2.00,,1.00,,,,0.00,,1.00,1,,,,,1.00,1,,5.00,1,,2.00,0,,,,,2.00,0,,,2,,3,,5-15 yrs,5-15 yrs,2,2,2,2,5,,0,,,,V,70.99,11.11,11.11,11.11,11.11,24.48,24.48,24.48,24.48,27.98,27.98,27.98,27.98,0.00
United Kingdom,GBR,Northern Ireland,UK_NIR,STATE_TOTAL,20220613,0.00,,,,,,0.00,,,0.00,,,,,,0.00,,,0.00,,,,,,0.00,,,0.00,,,,,,0.00,,,0.00,,,,,,0.00,,,0.00,,,,,,0.00,,,0.00,,,,,,0.00,,,0.00,,,0.00,,0.00,,,0.00,,,,,,2.00,1,,2.00,,1.00,,,,0.00,,1.00,1,,,,,1.00,1,,5.00,1,,2.00,0,,,,,2.00,0,,,2,,3,,5-15 yrs,5-15 yrs,2,2,2,2,5,,0,,,,V,71.00,11.11,11.11,11.11,11.11,24.48,24.48,24.48,24.48,27.98,27.98,27.98,27.98,0.00
United Kingdom,GBR,Northern Ireland,UK_NIR,STATE_TOTAL,20220614,0.00,,,,,,0.00,,,0.00,,,,,,0.00,,,0.00,,,,,,0.00,,,0.00,,,,,,0.00,,,0.00,,,,,,0.00,,,0.00,,,,,,0.00,,,0.00,,,,,,0.00,,,0.00,,,0.00,,0.00,,,0.00,,,,,,2.00,1,,2.00,,1.00,,,,0.00,,1.00,1,,,,,1.00,1,,5.00,1,,2.00,0,,,,,2.00,0,,,2,,3,,5-15 yrs,5-15 yrs,2,2,2,2,5,,0,,,,V,71.00,11.11,11.11,11.11,11.11,24.48,24.48,24.48,24.48,27.98,27.98,27.98,27.98,0.00
United Kingdom,GBR,Northern Ireland,UK_NIR,STATE_TOTAL,20220615,0.00,,,,,,0.00,,,0.00,,,,,,0.00,,,0.00,,,,,,0.00,,,0.00,,,,,,0.00,,,0.00,,,,,,0.00,,,0.00,,,,,,0.00,,,0.00,,,,,,0.00,,,0.00,,,0.00,,0.00,,,0.00,,,,,,2.00,1,,2.00,,1.00,,,,0.00,,1.00,1,,,,,1.00,1,,5.00,1,,2.00,0,,,,,2.00,0,,,2,,3,,5-15 yrs,5-15 yrs,2,2,2,2,5,,0,,,,V,71.02,11.11,11.11,11.11,11.11,24.48,24.48,24.48,24.48,27.98,27.98,27.98,27.98,0.00
United Kingdom,GBR,Northern Ireland,UK_NIR,STATE_TOTAL,20220616,0.00,,,,,,0.00,,,0.00,,,,,,0.00,,,0.00,,,,,,0.00,,,0.00,,,,,,0.00,,,0.00,,,,,,0.00,,,0.00,,,,,,0.00,,,0.00,,,,,,0.00,,,0.00,,,0.00,,0.00,,,0.00,,,,,,2.00,1,,2.00,,1.00,,,,0.00,,1.00,1,,,,,1.00,1,,5.00,1,,2.00,0,,,,,2.00,0,,,2,,3,,5-15 yrs,5-15 yrs,2,2,2,2,5,,0,,,,V,71.03,11.11,11.11,11.11,11.11,24.48,24.48,24.48,24.48,27.98,27.98,27.98,27.98,0.00
United Kingdom,GBR,Northern Ireland,UK_NIR,STATE_TOTAL,20220617,0.00,,,,,,0.00,,,0.00,,,,,,0.00,,,0.00,,,,,,0.00,,,0.00,,,,,,0.00,,,0.00,,,,,,0.00,,,0.00,,,,,,0.00,,,0.00,,,,,,0.00,,,0.00,,,0.00,,0.00,,,0.00,,,,,,2.00,1,,2.00,,1.00,,,,0.00,,1.00,1,,,,,1.00,1,,5.00,1,,2.00,0,,,,,2.00,0,,,2,,3,,5-15 yrs,5-15 yrs,2,2,2,2,5,,0,,,,V,71.04,11.11,11.11,11.11,11.11,24.48,24.48,24.48,24.48,27.98,27.98,27.98,27.98,0.00
United Kingdom,GBR,Northern Ireland,UK_NIR,STATE_TOTAL,20220618,0.00,,,,,,0.00,,,0.00,,,,,,0.00,,,0.00,,,,,,0.00,,,0.00,,,,,,0.00,,,0.00,,,,,,0.00,,,0.00,,,,,,0.00,,,0.00,,,,,,0.00,,,0.00,,,0.00,,0.00,,,0.00,,,,,,2.00,1,,2.00,,1.00,,,,0.00,,1.00,1,,,,,1.00,1,,5.00,1,,2.00,0,,,,,2.00,0,,,2,,3,,5-15 yrs,5-15 yrs,2,2,2,2,5,,0,,,,V,71.06,11.11,11.11,11.11,11.11,24.48,24.48,24.48,24.48,27.98,27.98,27.98,27.98,0.00
United Kingdom,GBR,Northern Ireland,UK_NIR,STATE_TOTAL,20220619,0.00,,,,,,0.00,,,0.00,,,,,,0.00,,,0.00,,,,,,0.00,,,0.00,,,,,,0.00,,,0.00,,,,,,0.00,,,0.00,,,,,,0.00,,,0.00,,,,,,0.00,,,0.00,,,0.00,,0.00,,,0.00,,,,,,2.00,1,,2.00,,1.00,,,,0.00,,1.00,1,,,,,1.00,1,,5.00,1,,2.00,0,,,,,2.00,0,,,2,,3,,5-15 yrs,5-15 yrs,2,2,2,2,5,,0,,,,V,71.08,11.11,11.11,11.11,11.11,24.48,24.48,24.48,24.48,27.98,27.98,27.98,27.98,0.00
United Kingdom,GBR,Northern Ireland,UK_NIR,STATE_TOTAL,20220620,0.00,,,,,,0.00,,,0.00,,,,,,0.00,,,0.00,,,,,,0.00,,,0.00,,,,,,0.00,,,0.00,,,,,,0.00,,,0.00,,,,,,0.00,,,0.00,,,,,,0.00,,,0.00,,,0.00,,0.00,,,0.00,,,,,,2.00,1,,2.00,,1.00,,,,0.00,,1.00,1,,,,,1.00,1,,5.00,1,,2.00,0,,,,,2.00,0,,,2,,3,,5-15 yrs,5-15 yrs,2,2,2,2,5,,0,,,,V,71.09,11.11,11.11,11.11,11.11,24.48,24.48,24.48,24.48,27.98,27.98,27.98,27.98,0.00
United Kingdom,GBR,Northern Ireland,UK_NIR,STATE_TOTAL,20220621,0.00,,,,,,0.00,,,0.00,,,,,,0.00,,,0.00,,,,,,0.00,,,0.00,,,,,,0.00,,,0.00,,,,,,0.00,,,0.00,,,,,,0.00,,,0.00,,,,,,0.00,,,0.00,,,0.00,,0.00,,,0.00,,,,,,2.00,1,,2.00,,1.00,,,,0.00,,1.00,1,,,,,1.00,1,,5.00,1,,2.00,0,,,,,2.00,0,,,2,,3,,5-15 yrs,5-15 yrs,2,2,2,2,5,,0,,,,V,71.09,11.11,11.11,11.11,11.11,24.48,24.48,24.48,24.48,27.98,27.98,27.98,27.98,0.00
United Kingdom,GBR,Northern Ireland,UK_NIR,STATE_TOTAL,20220622,0.00,,,,,,0.00,,,0.00,,,,,,0.00,,,0.00,,,,,,0.00,,,0.00,,,,,,0.00,,,0.00,,,,,,0.00,,,0.00,,,,,,0.00,,,0.00,,,,,,0.00,,,0.00,,,0.00,,0.00,,,0.00,,,,,,2.00,1,,2.00,,1.00,,,,0.00,,1.00,1,,,,,1.00,1,,5.00,1,,2.00,0,,,,,2.00,0,,,2,,3,,5-15 yrs,5-15 yrs,2,2,2,2,5,,0,,,,V,71.10,11.11,11.11,11.11,11.11,24.48,24.48,24.48,24.48,27.98,27.98,27.98,27.98,0.00
United Kingdom,GBR,Northern Ireland,UK_NIR,STATE_TOTAL,20220623,0.00,,,,,,0.00,,,0.00,,,,,,0.00,,,0.00,,,,,,0.00,,,0.00,,,,,,0.00,,,0.00,,,,,,0.00,,,0.00,,,,,,0.00,,,0.00,,,,,,0.00,,,0.00,,,0.00,,0.00,,,0.00,,,,,,2.00,1,,1.00,"Testing for COVID-19  COVID-19 testing is no longer recommended or available for most people.    If you develop symptoms, you should follow guidance for people with symptoms respiratory infection including of COVID-19.    Testing is recommended for some specific groups to protect those at highest risk and to support clinical care and only those groups are eligible for free tests.    You should only order lateral flow tests if:     you may be eligible for COVID-19 treatments   you work in health or social care and you have COVID-19 symptoms  you're a carer who provides close personal care for someone who is at higher risk if they contract COVID-19 and you have COVID-19 symptoms  your GP or a healthcare professional asks you to take a test      http://web.archive.org/web/20221011091723/https://www.nidirect.gov.uk/articles/coronavirus-covid-19-testing-and-stay-home-advice",1.00,,,,0.00,,1.00,1,,,,,1.00,1,"The use of face coverings is strongly recommended in all indoor settings accessible to the public across Northern Ireland. Wearing a face covering helps keep you and others safe from COVID-19.     http://web.archive.org/web/20221011091938/https://www.nidirect.gov.uk/articles/coronavirus-covid-19-face-coverings-guidance",5.00,1,,2.00,0,,,,,2.00,0,"Restrictions remain:    Last Updated 10.10.22    Visiting Guidance update for Western Trust Hospitals  The Western Trust    visiting guidance to hospital sites will continue to allow two visitors to visit at the same time, for one hour per day, per patient from FOUR nominated visitors. This will be reviewed again on Monday 31 October 2022.    http://web.archive.org/web/20221011110527/https://westerntrust.hscni.net/western-trust-covid-19-information-updates/western-trust-covid19-visiting-guidance/",,2,,3,,5-15 yrs,5-15 yrs,2,2,2,2,5,,0,,,,V,71.11,11.11,11.11,11.11,11.11,22.40,22.40,22.40,22.40,25.60,25.60,25.60,25.60,0.00
United Kingdom,GBR,Northern Ireland,UK_NIR,STATE_TOTAL,20220624,0.00,,,,,,0.00,,,0.00,,,,,,0.00,,,0.00,,,,,,0.00,,,0.00,,,,,,0.00,,,0.00,,,,,,0.00,,,0.00,,,,,,0.00,,,0.00,,,,,,0.00,,,0.00,,,0.00,,0.00,,,0.00,,,,,,2.00,1,,1.00,,1.00,,,,0.00,,1.00,1,,,,,1.00,1,,5.00,1,,2.00,0,,,,,2.00,0,,,2,,3,,5-15 yrs,5-15 yrs,2,2,2,2,5,,0,,,,V,71.12,11.11,11.11,11.11,11.11,22.40,22.40,22.40,22.40,25.60,25.60,25.60,25.60,0.00
United Kingdom,GBR,Northern Ireland,UK_NIR,STATE_TOTAL,20220625,0.00,,,,,,0.00,,,0.00,,,,,,0.00,,,0.00,,,,,,0.00,,,0.00,,,,,,0.00,,,0.00,,,,,,0.00,,,0.00,,,,,,0.00,,,0.00,,,,,,0.00,,,0.00,,,0.00,,0.00,,,0.00,,,,,,2.00,1,,1.00,,1.00,,,,0.00,,1.00,1,,,,,1.00,1,,5.00,1,,2.00,0,,,,,2.00,0,,,2,,3,,5-15 yrs,5-15 yrs,2,2,2,2,5,,0,,,,V,71.14,11.11,11.11,11.11,11.11,22.40,22.40,22.40,22.40,25.60,25.60,25.60,25.60,0.00
United Kingdom,GBR,Northern Ireland,UK_NIR,STATE_TOTAL,20220626,0.00,,,,,,0.00,,,0.00,,,,,,0.00,,,0.00,,,,,,0.00,,,0.00,,,,,,0.00,,,0.00,,,,,,0.00,,,0.00,,,,,,0.00,,,0.00,,,,,,0.00,,,0.00,,,0.00,,0.00,,,0.00,,,,,,2.00,1,,1.00,,1.00,,,,0.00,,1.00,1,,,,,1.00,1,,5.00,1,,2.00,0,,,,,2.00,0,,,2,,3,,5-15 yrs,5-15 yrs,2,2,2,2,5,,0,,,,V,71.16,11.11,11.11,11.11,11.11,22.40,22.40,22.40,22.40,25.60,25.60,25.60,25.60,0.00
United Kingdom,GBR,Northern Ireland,UK_NIR,STATE_TOTAL,20220627,0.00,,,,,,0.00,,,0.00,,,,,,0.00,,,0.00,,,,,,0.00,,,0.00,,,,,,0.00,,,0.00,,,,,,0.00,,,0.00,,,,,,0.00,,,0.00,,,,,,0.00,,,0.00,,,0.00,,0.00,,,0.00,,,,,,2.00,1,,1.00,,1.00,,,,0.00,,1.00,1,,,,,1.00,1,,5.00,1,,2.00,0,,,,,2.00,0,,,2,,3,,5-15 yrs,5-15 yrs,2,2,2,2,5,,0,,,,V,71.16,11.11,11.11,11.11,11.11,22.40,22.40,22.40,22.40,25.60,25.60,25.60,25.60,0.00
United Kingdom,GBR,Northern Ireland,UK_NIR,STATE_TOTAL,20220628,0.00,,,,,,0.00,,,0.00,,,,,,0.00,,,0.00,,,,,,0.00,,,0.00,,,,,,0.00,,,0.00,,,,,,0.00,,,0.00,,,,,,0.00,,,0.00,,,,,,0.00,,,0.00,,,0.00,,0.00,,,0.00,,,,,,2.00,1,,1.00,,1.00,,,,0.00,,1.00,1,,,,,1.00,1,,5.00,1,,2.00,0,,,,,2.00,0,,,2,,3,,5-15 yrs,5-15 yrs,2,2,2,2,5,,0,,,,V,71.16,11.11,11.11,11.11,11.11,22.40,22.40,22.40,22.40,25.60,25.60,25.60,25.60,0.00
United Kingdom,GBR,Northern Ireland,UK_NIR,STATE_TOTAL,20220629,0.00,,,,,,0.00,,,0.00,,,,,,0.00,,,0.00,,,,,,0.00,,,0.00,,,,,,0.00,,,0.00,,,,,,0.00,,,0.00,,,,,,0.00,,,0.00,,,,,,0.00,,,0.00,,,0.00,,0.00,,,0.00,,,,,,2.00,1,,1.00,,1.00,,,,0.00,,1.00,1,,,,,1.00,1,,5.00,1,,2.00,0,,,,,2.00,0,,,2,,3,,5-15 yrs,5-15 yrs,2,2,2,2,5,,0,,,,V,71.17,11.11,11.11,11.11,11.11,22.40,22.40,22.40,22.40,25.60,25.60,25.60,25.60,0.00
United Kingdom,GBR,Northern Ireland,UK_NIR,STATE_TOTAL,20220630,0.00,,,,,,0.00,,,0.00,,,,,,0.00,,,0.00,,,,,,0.00,,,0.00,,,,,,0.00,,,0.00,,,,,,0.00,,,0.00,,,,,,0.00,,,0.00,,,,,,0.00,,,0.00,,,0.00,,0.00,,,0.00,,,,,,2.00,1,,1.00,,1.00,,,,0.00,,1.00,1,,,,,1.00,1,,5.00,1,,2.00,0,,,,,2.00,0,,,2,,3,,5-15 yrs,5-15 yrs,2,2,2,2,5,,0,,,,V,71.18,11.11,11.11,11.11,11.11,22.40,22.40,22.40,22.40,25.60,25.60,25.60,25.60,0.00
United Kingdom,GBR,Northern Ireland,UK_NIR,STATE_TOTAL,20220701,0.00,,,,,,0.00,,,0.00,,,,,,0.00,,,0.00,,,,,,0.00,,,0.00,,,,,,0.00,,,0.00,,,,,,0.00,,,0.00,,,,,,0.00,,,0.00,,,,,,0.00,,,0.00,,,0.00,,0.00,,,0.00,,,,,,2.00,1,,1.00,,0.00,,,,0.00,,1.00,1,,,,,1.00,1,,5.00,1,,2.00,0,,,,,2.00,0,,,2,,3,,5-15 yrs,5-15 yrs,2,2,2,2,5,,0,,,,V,71.20,11.11,11.11,11.11,11.11,19.27,19.27,19.27,19.27,22.02,22.02,22.02,22.02,0.00
United Kingdom,GBR,Northern Ireland,UK_NIR,STATE_TOTAL,20220702,0.00,,,,,,0.00,,,0.00,,,,,,0.00,,,0.00,,,,,,0.00,,,0.00,,,,,,0.00,,,0.00,,,,,,0.00,,,0.00,,,,,,0.00,,,0.00,,,,,,0.00,,,0.00,,,0.00,,0.00,,,0.00,,,,,,2.00,1,,1.00,,0.00,,,,0.00,,1.00,1,,,,,1.00,1,,5.00,1,,2.00,0,,,,,2.00,0,,,2,,3,,5-15 yrs,5-15 yrs,2,2,2,2,5,,0,,,,V,71.22,11.11,11.11,11.11,11.11,19.27,19.27,19.27,19.27,22.02,22.02,22.02,22.02,0.00
United Kingdom,GBR,Northern Ireland,UK_NIR,STATE_TOTAL,20220703,0.00,,,,,,0.00,,,0.00,,,,,,0.00,,,0.00,,,,,,0.00,,,0.00,,,,,,0.00,,,0.00,,,,,,0.00,,,0.00,,,,,,0.00,,,0.00,,,,,,0.00,,,0.00,,,0.00,,0.00,,,0.00,,,,,,2.00,1,,1.00,,0.00,,,,0.00,,1.00,1,,,,,1.00,1,,5.00,1,,2.00,0,,,,,2.00,0,,,2,,3,,5-15 yrs,5-15 yrs,2,2,2,2,5,,0,,,,V,71.23,11.11,11.11,11.11,11.11,19.27,19.27,19.27,19.27,22.02,22.02,22.02,22.02,0.00
United Kingdom,GBR,Northern Ireland,UK_NIR,STATE_TOTAL,20220704,0.00,,,,,,0.00,,,0.00,,,,,,0.00,,,0.00,,,,,,0.00,,,0.00,,,,,,0.00,,,0.00,,,,,,0.00,,,0.00,,,,,,0.00,,,0.00,,,,,,0.00,,,0.00,,,0.00,,0.00,,,0.00,,,,,,2.00,1,,1.00,,0.00,,,,0.00,,1.00,1,,,,,1.00,1,,5.00,1,,2.00,0,,,,,2.00,0,,,2,,3,,5-15 yrs,5-15 yrs,2,2,2,2,5,,0,,,,V,71.24,11.11,11.11,11.11,11.11,19.27,19.27,19.27,19.27,22.02,22.02,22.02,22.02,0.00
United Kingdom,GBR,Northern Ireland,UK_NIR,STATE_TOTAL,20220705,0.00,,,,,,0.00,,,0.00,,,,,,0.00,,,0.00,,,,,,0.00,,,0.00,,,,,,0.00,,,0.00,,,,,,0.00,,,0.00,,,,,,0.00,,,0.00,,,,,,0.00,,,0.00,,,0.00,,0.00,,,0.00,,,,,,2.00,1,,1.00,,0.00,,,,0.00,,1.00,1,,,,,1.00,1,,5.00,1,,2.00,0,,,,,2.00,0,,,2,,3,,5-15 yrs,5-15 yrs,2,2,2,2,5,,0,,,,V,71.24,11.11,11.11,11.11,11.11,19.27,19.27,19.27,19.27,22.02,22.02,22.02,22.02,0.00
United Kingdom,GBR,Northern Ireland,UK_NIR,STATE_TOTAL,20220706,0.00,,,,,,0.00,,,0.00,,,,,,0.00,,,0.00,,,,,,0.00,,,0.00,,,,,,0.00,,,0.00,,,,,,0.00,,,0.00,,,,,,0.00,,,0.00,,,,,,0.00,,,0.00,,,0.00,,0.00,,,0.00,,,,,,2.00,1,,1.00,,0.00,,,,0.00,,1.00,1,,,,,1.00,1,,5.00,1,,2.00,0,,,,,2.00,0,,,2,,3,,5-15 yrs,5-15 yrs,2,2,2,2,5,,0,,,,V,71.25,11.11,11.11,11.11,11.11,19.27,19.27,19.27,19.27,22.02,22.02,22.02,22.02,0.00
United Kingdom,GBR,Northern Ireland,UK_NIR,STATE_TOTAL,20220707,0.00,,,,,,0.00,,,0.00,,,,,,0.00,,,0.00,,,,,,0.00,,,0.00,,,,,,0.00,,,0.00,,,,,,0.00,,,0.00,,,,,,0.00,,,0.00,,,,,,0.00,,,0.00,,,0.00,,0.00,,,0.00,,,,,,2.00,1,,1.00,,0.00,,,,0.00,,1.00,1,,,,,1.00,1,,5.00,1,,2.00,0,,,,,2.00,0,,,2,,3,,5-15 yrs,5-15 yrs,2,2,2,2,5,,0,,,,V,71.26,11.11,11.11,11.11,11.11,19.27,19.27,19.27,19.27,22.02,22.02,22.02,22.02,0.00
United Kingdom,GBR,Northern Ireland,UK_NIR,STATE_TOTAL,20220708,0.00,,,,,,0.00,,,0.00,,,,,,0.00,,,0.00,,,,,,0.00,,,0.00,,,,,,0.00,,,0.00,,,,,,0.00,,,0.00,,,,,,0.00,,,0.00,,,,,,0.00,,,0.00,,,0.00,,0.00,,,0.00,,,,,,2.00,1,,1.00,,0.00,,,,0.00,,1.00,1,,,,,1.00,1,,5.00,1,,2.00,0,,,,,2.00,0,,,2,,3,,5-15 yrs,5-15 yrs,2,2,2,2,5,,0,,,,V,71.27,11.11,11.11,11.11,11.11,19.27,19.27,19.27,19.27,22.02,22.02,22.02,22.02,0.00
United Kingdom,GBR,Northern Ireland,UK_NIR,STATE_TOTAL,20220709,0.00,,,,,,0.00,,,0.00,,,,,,0.00,,,0.00,,,,,,0.00,,,0.00,,,,,,0.00,,,0.00,,,,,,0.00,,,0.00,,,,,,0.00,,,0.00,,,,,,0.00,,,0.00,,,0.00,,0.00,,,0.00,,,,,,2.00,1,,1.00,,0.00,,,,0.00,,1.00,1,,,,,1.00,1,,5.00,1,,2.00,0,,,,,2.00,0,,,2,,3,,5-15 yrs,5-15 yrs,2,2,2,2,5,,0,,,,V,71.29,11.11,11.11,11.11,11.11,19.27,19.27,19.27,19.27,22.02,22.02,22.02,22.02,0.00
United Kingdom,GBR,Northern Ireland,UK_NIR,STATE_TOTAL,20220710,0.00,,,,,,0.00,,,0.00,,,,,,0.00,,,0.00,,,,,,0.00,,,0.00,,,,,,0.00,,,0.00,,,,,,0.00,,,0.00,,,,,,0.00,,,0.00,,,,,,0.00,,,0.00,,,0.00,,0.00,,,0.00,,,,,,2.00,1,,1.00,,0.00,,,,0.00,,1.00,1,,,,,1.00,1,,5.00,1,,2.00,0,,,,,2.00,0,,,2,,3,,5-15 yrs,5-15 yrs,2,2,2,2,5,,0,,,,V,71.29,11.11,11.11,11.11,11.11,19.27,19.27,19.27,19.27,22.02,22.02,22.02,22.02,0.00
United Kingdom,GBR,Northern Ireland,UK_NIR,STATE_TOTAL,20220711,0.00,,,,,,0.00,,,0.00,,,,,,0.00,,,0.00,,,,,,0.00,,,0.00,,,,,,0.00,,,0.00,,,,,,0.00,,,0.00,,,,,,0.00,,,0.00,,,,,,0.00,,,0.00,,,0.00,,0.00,,,0.00,,,,,,2.00,1,,1.00,,0.00,,,,0.00,,1.00,1,,,,,1.00,1,,5.00,1,,2.00,0,,,,,2.00,0,,,2,,3,,5-15 yrs,5-15 yrs,2,2,2,2,5,,0,,,,V,71.29,11.11,11.11,11.11,11.11,19.27,19.27,19.27,19.27,22.02,22.02,22.02,22.02,0.00
United Kingdom,GBR,Northern Ireland,UK_NIR,STATE_TOTAL,20220712,0.00,,,,,,0.00,,,0.00,,,,,,0.00,,,0.00,,,,,,0.00,,,0.00,,,,,,0.00,,,0.00,,,,,,0.00,,,0.00,,,,,,0.00,,,0.00,,,,,,0.00,,,0.00,,,0.00,,0.00,,,0.00,,,,,,2.00,1,,1.00,,0.00,,,,0.00,,1.00,1,,,,,1.00,1,,5.00,1,,2.00,0,,,,,2.00,0,,,2,,3,,5-15 yrs,5-15 yrs,2,2,2,2,5,,0,,,,V,71.29,11.11,11.11,11.11,11.11,19.27,19.27,19.27,19.27,22.02,22.02,22.02,22.02,0.00
United Kingdom,GBR,Northern Ireland,UK_NIR,STATE_TOTAL,20220713,0.00,,,,,,0.00,,,0.00,,,,,,0.00,,,0.00,,,,,,0.00,,,0.00,,,,,,0.00,,,0.00,,,,,,0.00,,,0.00,,,,,,0.00,,,0.00,,,,,,0.00,,,0.00,,,0.00,,0.00,,,0.00,,,,,,2.00,1,,1.00,,0.00,,,,0.00,,1.00,1,,,,,1.00,1,,5.00,1,,2.00,0,,,,,2.00,0,,,2,,3,,5-15 yrs,5-15 yrs,2,2,2,2,5,,0,,,,V,71.29,11.11,11.11,11.11,11.11,19.27,19.27,19.27,19.27,22.02,22.02,22.02,22.02,0.00
United Kingdom,GBR,Northern Ireland,UK_NIR,STATE_TOTAL,20220714,0.00,,,,,,0.00,,,0.00,,,,,,0.00,,,0.00,,,,,,0.00,,,0.00,,,,,,0.00,,,0.00,,,,,,0.00,,,0.00,,,,,,0.00,,,0.00,,,,,,0.00,,,0.00,,,0.00,,0.00,,,0.00,,,,,,2.00,1,,1.00,,0.00,,,,0.00,,1.00,1,,,,,1.00,1,,5.00,1,,2.00,0,,,,,2.00,0,,,2,,3,,5-15 yrs,5-15 yrs,2,2,2,2,5,,0,,,,V,71.30,11.11,11.11,11.11,11.11,19.27,19.27,19.27,19.27,22.02,22.02,22.02,22.02,0.00
United Kingdom,GBR,Northern Ireland,UK_NIR,STATE_TOTAL,20220715,0.00,,,,,,0.00,,,0.00,,,,,,0.00,,,0.00,,,,,,0.00,,,0.00,,,,,,0.00,,,0.00,,,,,,0.00,,,0.00,,,,,,0.00,,,0.00,,,,,,0.00,,,0.00,,,0.00,,0.00,,,0.00,,,,,,2.00,1,,1.00,,0.00,,,,0.00,,1.00,1,,,,,1.00,1,,5.00,1,,2.00,0,,,,,2.00,0,,,2,,3,,5-15 yrs,5-15 yrs,2,2,2,2,5,,0,,,,V,71.31,11.11,11.11,11.11,11.11,19.27,19.27,19.27,19.27,22.02,22.02,22.02,22.02,0.00
United Kingdom,GBR,Northern Ireland,UK_NIR,STATE_TOTAL,20220716,0.00,,,,,,0.00,,,0.00,,,,,,0.00,,,0.00,,,,,,0.00,,,0.00,,,,,,0.00,,,0.00,,,,,,0.00,,,0.00,,,,,,0.00,,,0.00,,,,,,0.00,,,0.00,,,0.00,,0.00,,,0.00,,,,,,2.00,1,,1.00,,0.00,,,,0.00,,1.00,1,,,,,1.00,1,,5.00,1,,2.00,0,,,,,2.00,0,,,2,,3,,5-15 yrs,5-15 yrs,2,2,2,2,5,,0,,,,V,71.33,11.11,11.11,11.11,11.11,19.27,19.27,19.27,19.27,22.02,22.02,22.02,22.02,0.00
United Kingdom,GBR,Northern Ireland,UK_NIR,STATE_TOTAL,20220717,0.00,,,,,,0.00,,,0.00,,,,,,0.00,,,0.00,,,,,,0.00,,,0.00,,,,,,0.00,,,0.00,,,,,,0.00,,,0.00,,,,,,0.00,,,0.00,,,,,,0.00,,,0.00,,,0.00,,0.00,,,0.00,,,,,,2.00,1,,1.00,,0.00,,,,0.00,,1.00,1,,,,,1.00,1,,5.00,1,,2.00,0,,,,,2.00,0,,,2,,3,,5-15 yrs,5-15 yrs,2,2,2,2,5,,0,,,,V,71.33,11.11,11.11,11.11,11.11,19.27,19.27,19.27,19.27,22.02,22.02,22.02,22.02,0.00
United Kingdom,GBR,Northern Ireland,UK_NIR,STATE_TOTAL,20220718,0.00,,,,,,0.00,,,0.00,,,,,,0.00,,,0.00,,,,,,0.00,,,0.00,,,,,,0.00,,,0.00,,,,,,0.00,,,0.00,,,,,,0.00,,,0.00,,,,,,0.00,,,0.00,,,0.00,,0.00,,,0.00,,,,,,2.00,1,,1.00,,0.00,,,,0.00,,1.00,1,,,,,1.00,1,,5.00,1,,2.00,0,,,,,2.00,0,,,2,,3,,5-15 yrs,5-15 yrs,2,2,2,2,5,,0,,,,V,71.33,11.11,11.11,11.11,11.11,19.27,19.27,19.27,19.27,22.02,22.02,22.02,22.02,0.00
United Kingdom,GBR,Northern Ireland,UK_NIR,STATE_TOTAL,20220719,0.00,,,,,,0.00,,,0.00,,,,,,0.00,,,0.00,,,,,,0.00,,,0.00,,,,,,0.00,,,0.00,,,,,,0.00,,,0.00,,,,,,0.00,,,0.00,,,,,,0.00,,,0.00,,,0.00,,0.00,,,0.00,,,,,,2.00,1,,1.00,,0.00,,,,0.00,,1.00,1,,,,,1.00,1,,5.00,1,,2.00,0,,,,,2.00,0,,,2,,3,,5-15 yrs,5-15 yrs,2,2,2,2,5,,0,,,,V,71.34,11.11,11.11,11.11,11.11,19.27,19.27,19.27,19.27,22.02,22.02,22.02,22.02,0.00
United Kingdom,GBR,Northern Ireland,UK_NIR,STATE_TOTAL,20220720,0.00,,,,,,0.00,,,0.00,,,,,,0.00,,,0.00,,,,,,0.00,,,0.00,,,,,,0.00,,,0.00,,,,,,0.00,,,0.00,,,,,,0.00,,,0.00,,,,,,0.00,,,0.00,,,0.00,,0.00,,,0.00,,,,,,2.00,1,,1.00,,0.00,,,,0.00,,1.00,1,,,,,1.00,1,,5.00,1,,2.00,0,,,,,2.00,0,,,2,,3,,5-15 yrs,5-15 yrs,2,2,2,2,5,,0,,,,V,71.34,11.11,11.11,11.11,11.11,19.27,19.27,19.27,19.27,22.02,22.02,22.02,22.02,0.00
United Kingdom,GBR,Northern Ireland,UK_NIR,STATE_TOTAL,20220721,0.00,,,,,,0.00,,,0.00,,,,,,0.00,,,0.00,,,,,,0.00,,,0.00,,,,,,0.00,,,0.00,,,,,,0.00,,,0.00,,,,,,0.00,,,0.00,,,,,,0.00,,,0.00,,,0.00,,0.00,,,0.00,,,,,,2.00,1,,1.00,,0.00,,,,0.00,,1.00,1,,,,,1.00,1,,5.00,1,,2.00,0,,,,,2.00,0,,,2,,3,,5-15 yrs,5-15 yrs,2,2,2,2,5,,0,,,,V,71.34,11.11,11.11,11.11,11.11,19.27,19.27,19.27,19.27,22.02,22.02,22.02,22.02,0.00
United Kingdom,GBR,Northern Ireland,UK_NIR,STATE_TOTAL,20220722,0.00,,,,,,0.00,,,0.00,,,,,,0.00,,,0.00,,,,,,0.00,,,0.00,,,,,,0.00,,,0.00,,,,,,0.00,,,0.00,,,,,,0.00,,,0.00,,,,,,0.00,,,0.00,,,0.00,,0.00,,,0.00,,,,,,2.00,1,,1.00,,0.00,,,,0.00,,1.00,1,,,,,1.00,1,,5.00,1,,2.00,0,,,,,2.00,0,,,2,,3,,5-15 yrs,5-15 yrs,2,2,2,2,5,,0,,,,V,71.34,11.11,11.11,11.11,11.11,19.27,19.27,19.27,19.27,22.02,22.02,22.02,22.02,0.00
United Kingdom,GBR,Northern Ireland,UK_NIR,STATE_TOTAL,20220723,0.00,,,,,,0.00,,,0.00,,,,,,0.00,,,0.00,,,,,,0.00,,,0.00,,,,,,0.00,,,0.00,,,,,,0.00,,,0.00,,,,,,0.00,,,0.00,,,,,,0.00,,,0.00,,,0.00,,0.00,,,0.00,,,,,,2.00,1,,1.00,,0.00,,,,0.00,,1.00,1,,,,,1.00,1,,5.00,1,,2.00,0,,,,,2.00,0,,,2,,3,,5-15 yrs,5-15 yrs,2,2,2,2,5,,0,,,,V,71.34,11.11,11.11,11.11,11.11,19.27,19.27,19.27,19.27,22.02,22.02,22.02,22.02,0.00
United Kingdom,GBR,Northern Ireland,UK_NIR,STATE_TOTAL,20220724,0.00,,,,,,0.00,,,0.00,,,,,,0.00,,,0.00,,,,,,0.00,,,0.00,,,,,,0.00,,,0.00,,,,,,0.00,,,0.00,,,,,,0.00,,,0.00,,,,,,0.00,,,0.00,,,0.00,,0.00,,,0.00,,,,,,2.00,1,,1.00,,0.00,,,,0.00,,1.00,1,,,,,1.00,1,,5.00,1,,2.00,0,,,,,2.00,0,,,2,,3,,5-15 yrs,5-15 yrs,2,2,2,2,5,,0,,,,V,71.37,11.11,11.11,11.11,11.11,19.27,19.27,19.27,19.27,22.02,22.02,22.02,22.02,0.00
United Kingdom,GBR,Northern Ireland,UK_NIR,STATE_TOTAL,20220725,0.00,,,,,,0.00,,,0.00,,,,,,0.00,,,0.00,,,,,,0.00,,,0.00,,,,,,0.00,,,0.00,,,,,,0.00,,,0.00,,,,,,0.00,,,0.00,,,,,,0.00,,,0.00,,,0.00,,0.00,,,0.00,,,,,,2.00,1,,1.00,,0.00,,,,0.00,,1.00,1,,,,,1.00,1,,5.00,1,,2.00,0,,,,,2.00,0,,,2,,3,,5-15 yrs,5-15 yrs,2,2,2,2,5,,0,,,,V,71.38,11.11,11.11,11.11,11.11,19.27,19.27,19.27,19.27,22.02,22.02,22.02,22.02,0.00
United Kingdom,GBR,Northern Ireland,UK_NIR,STATE_TOTAL,20220726,0.00,,,,,,0.00,,,0.00,,,,,,0.00,,,0.00,,,,,,0.00,,,0.00,,,,,,0.00,,,0.00,,,,,,0.00,,,0.00,,,,,,0.00,,,0.00,,,,,,0.00,,,0.00,,,0.00,,0.00,,,0.00,,,,,,2.00,1,,1.00,,0.00,,,,0.00,,1.00,1,,,,,1.00,1,,5.00,1,,2.00,0,,,,,2.00,0,,,2,,3,,5-15 yrs,5-15 yrs,2,2,2,2,5,,0,,,,V,71.38,11.11,11.11,11.11,11.11,19.27,19.27,19.27,19.27,22.02,22.02,22.02,22.02,0.00
United Kingdom,GBR,Northern Ireland,UK_NIR,STATE_TOTAL,20220727,0.00,,,,,,0.00,,,0.00,,,,,,0.00,,,0.00,,,,,,0.00,,,0.00,,,,,,0.00,,,0.00,,,,,,0.00,,,0.00,,,,,,0.00,,,0.00,,,,,,0.00,,,0.00,,,0.00,,0.00,,,0.00,,,,,,2.00,1,,1.00,,0.00,,,,0.00,,1.00,1,,,,,1.00,1,,5.00,1,,2.00,0,,,,,2.00,0,,,2,,3,,5-15 yrs,5-15 yrs,2,2,2,2,5,,0,,,,V,71.38,11.11,11.11,11.11,11.11,19.27,19.27,19.27,19.27,22.02,22.02,22.02,22.02,0.00
United Kingdom,GBR,Northern Ireland,UK_NIR,STATE_TOTAL,20220728,0.00,,,,,,0.00,,,0.00,,,,,,0.00,,,0.00,,,,,,0.00,,,0.00,,,,,,0.00,,,0.00,,,,,,0.00,,,0.00,,,,,,0.00,,,0.00,,,,,,0.00,,,0.00,,,0.00,,0.00,,,0.00,,,,,,2.00,1,,1.00,,0.00,,,,0.00,,1.00,1,,,,,1.00,1,,5.00,1,,2.00,0,,,,,2.00,0,,,2,,3,,5-15 yrs,5-15 yrs,2,2,2,2,5,,0,,,,V,71.39,11.11,11.11,11.11,11.11,19.27,19.27,19.27,19.27,22.02,22.02,22.02,22.02,0.00
United Kingdom,GBR,Northern Ireland,UK_NIR,STATE_TOTAL,20220729,0.00,,,,,,0.00,,,0.00,,,,,,0.00,,,0.00,,,,,,0.00,,,0.00,,,,,,0.00,,,0.00,,,,,,0.00,,,0.00,,,,,,0.00,,,0.00,,,,,,0.00,,,0.00,,,0.00,,0.00,,,0.00,,,,,,2.00,1,,1.00,,0.00,,,,0.00,,1.00,1,,,,,1.00,1,,5.00,1,,2.00,0,,,,,2.00,0,,,2,,3,,5-15 yrs,5-15 yrs,2,2,2,2,5,,0,,,,V,71.40,11.11,11.11,11.11,11.11,19.27,19.27,19.27,19.27,22.02,22.02,22.02,22.02,0.00
United Kingdom,GBR,Northern Ireland,UK_NIR,STATE_TOTAL,20220730,0.00,,,,,,0.00,,,0.00,,,,,,0.00,,,0.00,,,,,,0.00,,,0.00,,,,,,0.00,,,0.00,,,,,,0.00,,,0.00,,,,,,0.00,,,0.00,,,,,,0.00,,,0.00,,,0.00,,0.00,,,0.00,,,,,,2.00,1,,1.00,,0.00,,,,0.00,,1.00,1,,,,,1.00,1,,5.00,1,,2.00,0,,,,,2.00,0,,,2,,3,,5-15 yrs,5-15 yrs,2,2,2,2,5,,0,,,,V,71.41,11.11,11.11,11.11,11.11,19.27,19.27,19.27,19.27,22.02,22.02,22.02,22.02,0.00
United Kingdom,GBR,Northern Ireland,UK_NIR,STATE_TOTAL,20220731,0.00,,,,,,0.00,,,0.00,,,,,,0.00,,,0.00,,,,,,0.00,,,0.00,,,,,,0.00,,,0.00,,,,,,0.00,,,0.00,,,,,,0.00,,,0.00,,,,,,0.00,,,0.00,,,0.00,,0.00,,,0.00,,,,,,2.00,1,,1.00,,0.00,,,,0.00,,1.00,1,,,,,1.00,1,,5.00,1,,2.00,0,,,,,2.00,0,,,2,,3,,5-15 yrs,5-15 yrs,2,2,2,2,5,,0,,,,V,71.41,11.11,11.11,11.11,11.11,19.27,19.27,19.27,19.27,22.02,22.02,22.02,22.02,0.00
United Kingdom,GBR,Northern Ireland,UK_NIR,STATE_TOTAL,20220801,0.00,,,,,,0.00,,,0.00,,,,,,0.00,,,0.00,,,,,,0.00,,,0.00,,,,,,0.00,,,0.00,,,,,,0.00,,,0.00,,,,,,0.00,,,0.00,,,,,,0.00,,,0.00,,,0.00,,0.00,,,0.00,,,,,,2.00,1,,1.00,,0.00,,,,0.00,,1.00,1,,,,,1.00,1,,5.00,1,,2.00,0,,,,,2.00,0,,,2,,3,,5-15 yrs,5-15 yrs,2,2,2,2,5,,0,,,,V,71.41,11.11,11.11,11.11,11.11,19.27,19.27,19.27,19.27,22.02,22.02,22.02,22.02,0.00
United Kingdom,GBR,Northern Ireland,UK_NIR,STATE_TOTAL,20220802,0.00,,,,,,0.00,,,0.00,,,,,,0.00,,,0.00,,,,,,0.00,,,0.00,,,,,,0.00,,,0.00,,,,,,0.00,,,0.00,,,,,,0.00,,,0.00,,,,,,0.00,,,0.00,,,0.00,,0.00,,,0.00,,,,,,2.00,1,,1.00,,0.00,,,,0.00,,1.00,1,,,,,1.00,1,,5.00,1,,2.00,0,,,,,2.00,0,,,2,,3,,5-15 yrs,5-15 yrs,2,2,2,2,5,,0,,,,V,71.41,11.11,11.11,11.11,11.11,19.27,19.27,19.27,19.27,22.02,22.02,22.02,22.02,0.00
United Kingdom,GBR,Northern Ireland,UK_NIR,STATE_TOTAL,20220803,0.00,,,,,,0.00,,,0.00,,,,,,0.00,,,0.00,,,,,,0.00,,,0.00,,,,,,0.00,,,0.00,,,,,,0.00,,,0.00,,,,,,0.00,,,0.00,,,,,,0.00,,,0.00,,,0.00,,0.00,,,0.00,,,,,,2.00,1,,1.00,,0.00,,,,0.00,,1.00,1,,,,,1.00,1,,5.00,1,,2.00,0,,,,,2.00,0,,,2,,3,,5-15 yrs,5-15 yrs,2,2,2,2,5,,0,,,,V,71.42,11.11,11.11,11.11,11.11,19.27,19.27,19.27,19.27,22.02,22.02,22.02,22.02,0.00
United Kingdom,GBR,Northern Ireland,UK_NIR,STATE_TOTAL,20220804,0.00,,,,,,0.00,,,0.00,,,,,,0.00,,,0.00,,,,,,0.00,,,0.00,,,,,,0.00,,,0.00,,,,,,0.00,,,0.00,,,,,,0.00,,,0.00,,,,,,0.00,,,0.00,,,0.00,,0.00,,,0.00,,,,,,2.00,1,,1.00,,0.00,,,,0.00,,1.00,1,,,,,1.00,1,,5.00,1,,2.00,0,,,,,2.00,0,,,2,,3,,5-15 yrs,5-15 yrs,2,2,2,2,5,,0,,,,V,71.43,11.11,11.11,11.11,11.11,19.27,19.27,19.27,19.27,22.02,22.02,22.02,22.02,0.00
United Kingdom,GBR,Northern Ireland,UK_NIR,STATE_TOTAL,20220805,0.00,,,,,,0.00,,,0.00,,,,,,0.00,,,0.00,,,,,,0.00,,,0.00,,,,,,0.00,,,0.00,,,,,,0.00,,,0.00,,,,,,0.00,,,0.00,,,,,,0.00,,,0.00,,,0.00,,0.00,,,0.00,,,,,,2.00,1,,1.00,,0.00,,,,0.00,,1.00,1,,,,,1.00,1,,5.00,1,,2.00,0,,,,,2.00,0,,,2,,3,,5-15 yrs,5-15 yrs,2,2,2,2,5,,0,,,,V,71.43,11.11,11.11,11.11,11.11,19.27,19.27,19.27,19.27,22.02,22.02,22.02,22.02,0.00
United Kingdom,GBR,Northern Ireland,UK_NIR,STATE_TOTAL,20220806,0.00,,,,,,0.00,,,0.00,,,,,,0.00,,,0.00,,,,,,0.00,,,0.00,,,,,,0.00,,,0.00,,,,,,0.00,,,0.00,,,,,,0.00,,,0.00,,,,,,0.00,,,0.00,,,0.00,,0.00,,,0.00,,,,,,2.00,1,,1.00,,0.00,,,,0.00,,1.00,1,,,,,1.00,1,,5.00,1,,2.00,0,,,,,2.00,0,,,2,,3,,5-15 yrs,5-15 yrs,2,2,2,2,5,,0,,,,V,71.43,11.11,11.11,11.11,11.11,19.27,19.27,19.27,19.27,22.02,22.02,22.02,22.02,0.00
United Kingdom,GBR,Northern Ireland,UK_NIR,STATE_TOTAL,20220807,0.00,,,,,,0.00,,,0.00,,,,,,0.00,,,0.00,,,,,,0.00,,,0.00,,,,,,0.00,,,0.00,,,,,,0.00,,,0.00,,,,,,0.00,,,0.00,,,,,,0.00,,,0.00,,,0.00,,0.00,,,0.00,,,,,,2.00,1,,1.00,,0.00,,,,0.00,,1.00,1,,,,,1.00,1,,5.00,1,,2.00,0,,,,,2.00,0,,,2,,3,,5-15 yrs,5-15 yrs,2,2,2,2,5,,0,,,,V,71.43,11.11,11.11,11.11,11.11,19.27,19.27,19.27,19.27,22.02,22.02,22.02,22.02,0.00
United Kingdom,GBR,Northern Ireland,UK_NIR,STATE_TOTAL,20220808,0.00,,,,,,0.00,,,0.00,,,,,,0.00,,,0.00,,,,,,0.00,,,0.00,,,,,,0.00,,,0.00,,,,,,0.00,,,0.00,,,,,,0.00,,,0.00,,,,,,0.00,,,0.00,,,0.00,,0.00,,,0.00,,,,,,2.00,1,,1.00,,0.00,,,,0.00,,1.00,1,,,,,1.00,1,,5.00,1,,2.00,0,,,,,2.00,0,,,2,,3,,5-15 yrs,5-15 yrs,2,2,2,2,5,,0,,,,V,71.44,11.11,11.11,11.11,11.11,19.27,19.27,19.27,19.27,22.02,22.02,22.02,22.02,0.00
United Kingdom,GBR,Northern Ireland,UK_NIR,STATE_TOTAL,20220809,0.00,,,,,,0.00,,,0.00,,,,,,0.00,,,0.00,,,,,,0.00,,,0.00,,,,,,0.00,,,0.00,,,,,,0.00,,,0.00,,,,,,0.00,,,0.00,,,,,,0.00,,,0.00,,,0.00,,0.00,,,0.00,,,,,,2.00,1,,1.00,,0.00,,,,0.00,,1.00,1,,,,,1.00,1,,5.00,1,,2.00,0,,,,,2.00,0,,,2,,3,,5-15 yrs,5-15 yrs,2,2,2,2,5,,0,,,,V,71.44,11.11,11.11,11.11,11.11,19.27,19.27,19.27,19.27,22.02,22.02,22.02,22.02,0.00
United Kingdom,GBR,Northern Ireland,UK_NIR,STATE_TOTAL,20220810,0.00,,,,,,0.00,,,0.00,,,,,,0.00,,,0.00,,,,,,0.00,,,0.00,,,,,,0.00,,,0.00,,,,,,0.00,,,0.00,,,,,,0.00,,,0.00,,,,,,0.00,,,0.00,,,0.00,,0.00,,,0.00,,,,,,2.00,1,,1.00,,0.00,,,,0.00,,1.00,1,,,,,1.00,1,,5.00,1,,2.00,0,,,,,2.00,0,,,2,,3,,5-15 yrs,5-15 yrs,2,2,2,2,5,,0,,,,V,71.45,11.11,11.11,11.11,11.11,19.27,19.27,19.27,19.27,22.02,22.02,22.02,22.02,0.00
United Kingdom,GBR,Northern Ireland,UK_NIR,STATE_TOTAL,20220811,0.00,,,,,,0.00,,,0.00,,,,,,0.00,,,0.00,,,,,,0.00,,,0.00,,,,,,0.00,,,0.00,,,,,,0.00,,,0.00,,,,,,0.00,,,0.00,,,,,,0.00,,,0.00,,,0.00,,0.00,,,0.00,,,,,,2.00,1,,1.00,,0.00,,,,0.00,,1.00,1,,,,,1.00,1,,5.00,1,,2.00,0,,,,,2.00,0,,,2,,3,,5-15 yrs,5-15 yrs,2,2,2,2,5,,0,,,,V,71.45,11.11,11.11,11.11,11.11,19.27,19.27,19.27,19.27,22.02,22.02,22.02,22.02,0.00
United Kingdom,GBR,Northern Ireland,UK_NIR,STATE_TOTAL,20220812,0.00,,,,,,0.00,,,0.00,,,,,,0.00,,,0.00,,,,,,0.00,,,0.00,,,,,,0.00,,,0.00,,,,,,0.00,,,0.00,,,,,,0.00,,,0.00,,,,,,0.00,,,0.00,,,0.00,,0.00,,,0.00,,,,,,2.00,1,,1.00,,0.00,,,,0.00,,1.00,1,,,,,1.00,1,,5.00,1,,2.00,0,,,,,2.00,0,,,2,,3,,5-15 yrs,5-15 yrs,2,2,2,2,5,,0,,,,V,71.45,11.11,11.11,11.11,11.11,19.27,19.27,19.27,19.27,22.02,22.02,22.02,22.02,0.00
United Kingdom,GBR,Northern Ireland,UK_NIR,STATE_TOTAL,20220813,0.00,,,,,,0.00,,,0.00,,,,,,0.00,,,0.00,,,,,,0.00,,,0.00,,,,,,0.00,,,0.00,,,,,,0.00,,,0.00,,,,,,0.00,,,0.00,,,,,,0.00,,,0.00,,,0.00,,0.00,,,0.00,,,,,,2.00,1,,1.00,,0.00,,,,0.00,,1.00,1,,,,,1.00,1,,5.00,1,,2.00,0,,,,,2.00,0,,,2,,3,,5-15 yrs,5-15 yrs,2,2,2,2,5,,0,,,,V,71.45,11.11,11.11,11.11,11.11,19.27,19.27,19.27,19.27,22.02,22.02,22.02,22.02,0.00
United Kingdom,GBR,Northern Ireland,UK_NIR,STATE_TOTAL,20220814,0.00,,,,,,0.00,,,0.00,,,,,,0.00,,,0.00,,,,,,0.00,,,0.00,,,,,,0.00,,,0.00,,,,,,0.00,,,0.00,,,,,,0.00,,,0.00,,,,,,0.00,,,0.00,,,0.00,,0.00,,,0.00,,,,,,2.00,1,,1.00,,0.00,,,,0.00,,1.00,1,,,,,1.00,1,,5.00,1,,2.00,0,,,,,2.00,0,,,2,,3,,5-15 yrs,5-15 yrs,2,2,2,2,5,,0,,,,V,71.45,11.11,11.11,11.11,11.11,19.27,19.27,19.27,19.27,22.02,22.02,22.02,22.02,0.00
United Kingdom,GBR,Northern Ireland,UK_NIR,STATE_TOTAL,20220815,0.00,,,,,,0.00,,,0.00,,,,,,0.00,,,0.00,,,,,,0.00,,,0.00,,,,,,0.00,,,0.00,,,,,,0.00,,,0.00,,,,,,0.00,,,0.00,,,,,,0.00,,,0.00,,,0.00,,0.00,,,0.00,,,,,,2.00,1,,1.00,,0.00,,,,0.00,,1.00,1,,,,,1.00,1,,5.00,1,,2.00,0,,,,,2.00,0,,,2,,3,,5-15 yrs,5-15 yrs,2,2,2,2,5,,0,,,,V,71.46,11.11,11.11,11.11,11.11,19.27,19.27,19.27,19.27,22.02,22.02,22.02,22.02,0.00
United Kingdom,GBR,Northern Ireland,UK_NIR,STATE_TOTAL,20220816,0.00,,,,,,0.00,,,0.00,,,,,,0.00,,,0.00,,,,,,0.00,,,0.00,,,,,,0.00,,,0.00,,,,,,0.00,,,0.00,,,,,,0.00,,,0.00,,,,,,0.00,,,0.00,,,0.00,,0.00,,,0.00,,,,,,2.00,1,,1.00,,0.00,,,,0.00,,1.00,1,,,,,1.00,1,,5.00,1,,2.00,0,,,,,2.00,0,,,2,,3,,5-15 yrs,5-15 yrs,2,2,2,2,5,,0,,,,V,71.46,11.11,11.11,11.11,11.11,19.27,19.27,19.27,19.27,22.02,22.02,22.02,22.02,0.00
United Kingdom,GBR,Northern Ireland,UK_NIR,STATE_TOTAL,20220817,0.00,,,,,,0.00,,,0.00,,,,,,0.00,,,0.00,,,,,,0.00,,,0.00,,,,,,0.00,,,0.00,,,,,,0.00,,,0.00,,,,,,0.00,,,0.00,,,,,,0.00,,,0.00,,,0.00,,0.00,,,0.00,,,,,,2.00,1,,1.00,,0.00,,,,0.00,,1.00,1,,,,,1.00,1,,5.00,1,,2.00,0,,,,,2.00,0,,,2,,3,,5-15 yrs,5-15 yrs,2,2,2,2,5,,0,,,,V,71.46,11.11,11.11,11.11,11.11,19.27,19.27,19.27,19.27,22.02,22.02,22.02,22.02,0.00
United Kingdom,GBR,Northern Ireland,UK_NIR,STATE_TOTAL,20220818,0.00,,,,,,0.00,,,0.00,,,,,,0.00,,,0.00,,,,,,0.00,,,0.00,,,,,,0.00,,,0.00,,,,,,0.00,,,0.00,,,,,,0.00,,,0.00,,,,,,0.00,,,0.00,,,0.00,,0.00,,,0.00,,,,,,1.00,1,,1.00,,0.00,,,,0.00,,1.00,1,,,,,1.00,1,,5.00,1,,2.00,0,,,,,2.00,0,,,2,,3,,5-15 yrs,5-15 yrs,2,2,2,2,5,,0,,,,V,71.46,5.56,5.56,5.56,5.56,16.15,16.15,16.15,16.15,18.45,18.45,18.45,18.45,0.00
United Kingdom,GBR,Northern Ireland,UK_NIR,STATE_TOTAL,20220819,0.00,,,,,,0.00,,,0.00,,,,,,0.00,,,0.00,,,,,,0.00,,,0.00,,,,,,0.00,,,0.00,,,,,,0.00,,,0.00,,,,,,0.00,,,0.00,,,,,,0.00,,,0.00,,,0.00,,0.00,,,0.00,,,,,,1.00,1,,1.00,,0.00,,,,0.00,,1.00,1,,,,,1.00,1,,5.00,1,,2.00,0,,,,,2.00,0,,,2,,3,,5-15 yrs,5-15 yrs,2,2,2,2,5,,0,,,,V,71.46,5.56,5.56,5.56,5.56,16.15,16.15,16.15,16.15,18.45,18.45,18.45,18.45,0.00
United Kingdom,GBR,Northern Ireland,UK_NIR,STATE_TOTAL,20220820,0.00,,,,,,0.00,,,0.00,,,,,,0.00,,,0.00,,,,,,0.00,,,0.00,,,,,,0.00,,,0.00,,,,,,0.00,,,0.00,,,,,,0.00,,,0.00,,,,,,0.00,,,0.00,,,0.00,,0.00,,,0.00,,,,,,1.00,1,,1.00,,0.00,,,,0.00,,1.00,1,,,,,1.00,1,,5.00,1,,2.00,0,,,,,2.00,0,,,2,,3,,5-15 yrs,5-15 yrs,2,2,2,2,5,,0,,,,V,71.47,5.56,5.56,5.56,5.56,16.15,16.15,16.15,16.15,18.45,18.45,18.45,18.45,0.00
United Kingdom,GBR,Northern Ireland,UK_NIR,STATE_TOTAL,20220821,0.00,,,,,,0.00,,,0.00,,,,,,0.00,,,0.00,,,,,,0.00,,,0.00,,,,,,0.00,,,0.00,,,,,,0.00,,,0.00,,,,,,0.00,,,0.00,,,,,,0.00,,,0.00,,,0.00,,0.00,,,0.00,,,,,,1.00,1,,1.00,,0.00,,,,0.00,,1.00,1,,,,,1.00,1,,5.00,1,,2.00,0,,,,,2.00,0,,,2,,3,,5-15 yrs,5-15 yrs,2,2,2,2,5,,0,,,,V,71.47,5.56,5.56,5.56,5.56,16.15,16.15,16.15,16.15,18.45,18.45,18.45,18.45,0.00
United Kingdom,GBR,Northern Ireland,UK_NIR,STATE_TOTAL,20220822,0.00,,,,,,0.00,,,0.00,,,,,,0.00,,,0.00,,,,,,0.00,,,0.00,,,,,,0.00,,,0.00,,,,,,0.00,,,0.00,,,,,,0.00,,,0.00,,,,,,0.00,,,0.00,,,0.00,,0.00,,,0.00,,,,,,1.00,1,,1.00,,0.00,,,,0.00,,1.00,1,,,,,1.00,1,,5.00,1,,2.00,0,,,,,2.00,0,,,2,,3,,5-15 yrs,5-15 yrs,2,2,2,2,5,,0,,,,V,71.47,5.56,5.56,5.56,5.56,16.15,16.15,16.15,16.15,18.45,18.45,18.45,18.45,0.00
United Kingdom,GBR,Northern Ireland,UK_NIR,STATE_TOTAL,20220823,0.00,,,,,,0.00,,,0.00,,,,,,0.00,,,0.00,,,,,,0.00,,,0.00,,,,,,0.00,,,0.00,,,,,,0.00,,,0.00,,,,,,0.00,,,0.00,,,,,,0.00,,,0.00,,,0.00,,0.00,,,0.00,,,,,,1.00,1,,1.00,,0.00,,,,0.00,,1.00,1,,,,,1.00,1,,5.00,1,,2.00,0,,,,,2.00,0,,,2,,3,,5-15 yrs,5-15 yrs,2,2,2,2,5,,0,,,,V,71.47,5.56,5.56,5.56,5.56,16.15,16.15,16.15,16.15,18.45,18.45,18.45,18.45,0.00
United Kingdom,GBR,Northern Ireland,UK_NIR,STATE_TOTAL,20220824,0.00,,,,,,0.00,,,0.00,,,,,,0.00,,,0.00,,,,,,0.00,,,0.00,,,,,,0.00,,,0.00,,,,,,0.00,,,0.00,,,,,,0.00,,,0.00,,,,,,0.00,,,0.00,,,0.00,,0.00,,,0.00,,,,,,1.00,1,,1.00,,0.00,,,,0.00,,1.00,1,,,,,1.00,1,,5.00,1,,2.00,0,,,,,2.00,0,,,2,,3,,5-15 yrs,5-15 yrs,2,2,2,2,5,,0,,,,V,71.48,5.56,5.56,5.56,5.56,16.15,16.15,16.15,16.15,18.45,18.45,18.45,18.45,0.00
United Kingdom,GBR,Northern Ireland,UK_NIR,STATE_TOTAL,20220825,0.00,,,,,,0.00,,,0.00,,,,,,0.00,,,0.00,,,,,,0.00,,,0.00,,,,,,0.00,,,0.00,,,,,,0.00,,,0.00,,,,,,0.00,,,0.00,,,,,,0.00,,,0.00,,,0.00,,0.00,,,0.00,,,,,,1.00,1,,1.00,,0.00,,,,0.00,,1.00,1,,,,,1.00,1,,5.00,1,,2.00,0,,,,,2.00,0,,,2,,3,,5-15 yrs,5-15 yrs,2,2,2,2,5,,0,,,,V,71.48,5.56,5.56,5.56,5.56,16.15,16.15,16.15,16.15,18.45,18.45,18.45,18.45,0.00
United Kingdom,GBR,Northern Ireland,UK_NIR,STATE_TOTAL,20220826,0.00,,,,,,0.00,,,0.00,,,,,,0.00,,,0.00,,,,,,0.00,,,0.00,,,,,,0.00,,,0.00,,,,,,0.00,,,0.00,,,,,,0.00,,,0.00,,,,,,0.00,,,0.00,,,0.00,,0.00,,,0.00,,,,,,1.00,1,,1.00,,0.00,,,,0.00,,1.00,1,,,,,1.00,1,,5.00,1,,2.00,0,,,,,2.00,0,,,2,,3,,5-15 yrs,5-15 yrs,2,2,2,2,5,,0,,,,V,71.48,5.56,5.56,5.56,5.56,16.15,16.15,16.15,16.15,18.45,18.45,18.45,18.45,0.00
United Kingdom,GBR,Northern Ireland,UK_NIR,STATE_TOTAL,20220827,0.00,,,,,,0.00,,,0.00,,,,,,0.00,,,0.00,,,,,,0.00,,,0.00,,,,,,0.00,,,0.00,,,,,,0.00,,,0.00,,,,,,0.00,,,0.00,,,,,,0.00,,,0.00,,,0.00,,0.00,,,0.00,,,,,,1.00,1,,1.00,,0.00,,,,0.00,,1.00,1,,,,,1.00,1,,5.00,1,,2.00,0,,,,,2.00,0,,,2,,3,,5-15 yrs,5-15 yrs,2,2,2,2,5,,0,,,,V,71.49,5.56,5.56,5.56,5.56,16.15,16.15,16.15,16.15,18.45,18.45,18.45,18.45,0.00
United Kingdom,GBR,Northern Ireland,UK_NIR,STATE_TOTAL,20220828,0.00,,,,,,0.00,,,0.00,,,,,,0.00,,,0.00,,,,,,0.00,,,0.00,,,,,,0.00,,,0.00,,,,,,0.00,,,0.00,,,,,,0.00,,,0.00,,,,,,0.00,,,0.00,,,0.00,,0.00,,,0.00,,,,,,1.00,1,,1.00,,0.00,,,,0.00,,1.00,1,,,,,1.00,1,,5.00,1,,2.00,0,,,,,2.00,0,,,2,,3,,5-15 yrs,5-15 yrs,2,2,2,2,5,,0,,,,V,71.49,5.56,5.56,5.56,5.56,16.15,16.15,16.15,16.15,18.45,18.45,18.45,18.45,0.00
United Kingdom,GBR,Northern Ireland,UK_NIR,STATE_TOTAL,20220829,0.00,,,,,,0.00,,,0.00,,,,,,0.00,,,0.00,,,,,,0.00,,,0.00,,,,,,0.00,,,0.00,,,,,,0.00,,,0.00,,,,,,0.00,,,0.00,,,,,,0.00,,,0.00,,,0.00,,0.00,,,0.00,,,,,,1.00,1,,1.00,,0.00,,,,0.00,,1.00,1,,,,,1.00,1,,5.00,1,,2.00,0,,,,,2.00,0,,,2,,3,,5-15 yrs,5-15 yrs,2,2,2,2,5,,0,,,,V,71.49,5.56,5.56,5.56,5.56,16.15,16.15,16.15,16.15,18.45,18.45,18.45,18.45,0.00
United Kingdom,GBR,Northern Ireland,UK_NIR,STATE_TOTAL,20220830,0.00,,,,,,0.00,,,0.00,,,,,,0.00,,,0.00,,,,,,0.00,,,0.00,,,,,,0.00,,,0.00,,,,,,0.00,,,0.00,,,,,,0.00,,,0.00,,,,,,0.00,,,0.00,,,0.00,,0.00,,,0.00,,,,,,1.00,1,,1.00,,0.00,,,,0.00,,1.00,1,,,,,1.00,1,,5.00,1,,2.00,0,,,,,2.00,0,,,2,,3,,5-15 yrs,5-15 yrs,2,2,2,2,5,,0,,,,V,71.49,5.56,5.56,5.56,5.56,16.15,16.15,16.15,16.15,18.45,18.45,18.45,18.45,0.00
United Kingdom,GBR,Northern Ireland,UK_NIR,STATE_TOTAL,20220831,0.00,,,,,,0.00,,,0.00,,,,,,0.00,,,0.00,,,,,,0.00,,,0.00,,,,,,0.00,,,0.00,,,,,,0.00,,,0.00,,,,,,0.00,,,0.00,,,,,,0.00,,,0.00,,,0.00,,0.00,,,0.00,,,,,,1.00,1,,1.00,,0.00,,,,0.00,,1.00,1,,,,,1.00,1,,5.00,1,,2.00,0,,,,,2.00,0,,,2,,3,,5-15 yrs,5-15 yrs,2,2,2,2,5,,0,,,,V,71.50,5.56,5.56,5.56,5.56,16.15,16.15,16.15,16.15,18.45,18.45,18.45,18.45,0.00
United Kingdom,GBR,Northern Ireland,UK_NIR,STATE_TOTAL,20220901,0.00,,,,,,0.00,,,0.00,,,,,,0.00,,,0.00,,,,,,0.00,,,0.00,,,,,,0.00,,,0.00,,,,,,0.00,,,0.00,,,,,,0.00,,,0.00,,,,,,0.00,,,0.00,,,0.00,,0.00,,,0.00,,,,,,1.00,1,,1.00,,0.00,,,,0.00,,1.00,1,,,,,1.00,1,,5.00,1,,2.00,0,,,,,2.00,0,,,2,,3,,5-15 yrs,5-15 yrs,2,2,2,2,5,,0,,,,V,71.50,5.56,5.56,5.56,5.56,16.15,16.15,16.15,16.15,18.45,18.45,18.45,18.45,0.00
United Kingdom,GBR,Northern Ireland,UK_NIR,STATE_TOTAL,20220902,0.00,,,,,,0.00,,,0.00,,,,,,0.00,,,0.00,,,,,,0.00,,,0.00,,,,,,0.00,,,0.00,,,,,,0.00,,,0.00,,,,,,0.00,,,0.00,,,,,,0.00,,,0.00,,,0.00,,0.00,,,0.00,,,,,,1.00,1,,1.00,,0.00,,,,0.00,,1.00,1,,,,,1.00,1,,5.00,1,,2.00,0,,,,,2.00,0,,,2,,3,,5-15 yrs,5-15 yrs,2,2,2,2,5,,0,,,,V,71.50,5.56,5.56,5.56,5.56,16.15,16.15,16.15,16.15,18.45,18.45,18.45,18.45,0.00
United Kingdom,GBR,Northern Ireland,UK_NIR,STATE_TOTAL,20220903,0.00,,,,,,0.00,,,0.00,,,,,,0.00,,,0.00,,,,,,0.00,,,0.00,,,,,,0.00,,,0.00,,,,,,0.00,,,0.00,,,,,,0.00,,,0.00,,,,,,0.00,,,0.00,,,0.00,,0.00,,,0.00,,,,,,1.00,1,,1.00,,0.00,,,,0.00,,1.00,1,,,,,1.00,1,,5.00,1,,2.00,0,,,,,2.00,0,,,2,,3,,5-15 yrs,5-15 yrs,2,2,2,2,5,,0,,,,V,71.50,5.56,5.56,5.56,5.56,16.15,16.15,16.15,16.15,18.45,18.45,18.45,18.45,0.00
United Kingdom,GBR,Northern Ireland,UK_NIR,STATE_TOTAL,20220904,0.00,,,,,,0.00,,,0.00,,,,,,0.00,,,0.00,,,,,,0.00,,,0.00,,,,,,0.00,,,0.00,,,,,,0.00,,,0.00,,,,,,0.00,,,0.00,,,,,,0.00,,,0.00,,,0.00,,0.00,,,0.00,,,,,,1.00,1,,1.00,,0.00,,,,0.00,,1.00,1,,,,,1.00,1,,5.00,1,,2.00,0,,,,,2.00,0,,,2,,3,,5-15 yrs,5-15 yrs,2,2,2,2,5,,0,,,,V,71.51,5.56,5.56,5.56,5.56,16.15,16.15,16.15,16.15,18.45,18.45,18.45,18.45,0.00
United Kingdom,GBR,Northern Ireland,UK_NIR,STATE_TOTAL,20220905,0.00,,,,,,0.00,,,0.00,,,,,,0.00,,,0.00,,,,,,0.00,,,0.00,,,,,,0.00,,,0.00,,,,,,0.00,,,0.00,,,,,,0.00,,,0.00,,,,,,0.00,,,0.00,,,0.00,,0.00,,,0.00,,,,,,1.00,1,,1.00,,0.00,,,,0.00,,1.00,1,,,,,1.00,1,,5.00,1,,2.00,0,,,,,2.00,0,,,2,,3,,5-15 yrs,5-15 yrs,2,2,2,2,5,,0,,,,V,71.51,5.56,5.56,5.56,5.56,16.15,16.15,16.15,16.15,18.45,18.45,18.45,18.45,0.00
United Kingdom,GBR,Northern Ireland,UK_NIR,STATE_TOTAL,20220906,0.00,,,,,,0.00,,,0.00,,,,,,0.00,,,0.00,,,,,,0.00,,,0.00,,,,,,0.00,,,0.00,,,,,,0.00,,,0.00,,,,,,0.00,,,0.00,,,,,,0.00,,,0.00,,,0.00,,0.00,,,0.00,,,,,,1.00,1,,1.00,,0.00,,,,0.00,,1.00,1,,,,,1.00,1,,5.00,1,,2.00,0,,,,,2.00,0,,,2,,3,,5-15 yrs,5-15 yrs,2,2,2,2,5,,0,,,,V,71.51,5.56,5.56,5.56,5.56,16.15,16.15,16.15,16.15,18.45,18.45,18.45,18.45,0.00
United Kingdom,GBR,Northern Ireland,UK_NIR,STATE_TOTAL,20220907,0.00,,,,,,0.00,,,0.00,,,,,,0.00,,,0.00,,,,,,0.00,,,0.00,,,,,,0.00,,,0.00,,,,,,0.00,,,0.00,,,,,,0.00,,,0.00,,,,,,0.00,,,0.00,,,0.00,,0.00,,,0.00,,,,,,1.00,1,,1.00,,0.00,,,,0.00,,1.00,1,,,,,1.00,1,,5.00,1,,2.00,0,,,,,2.00,0,,,2,,3,,5-15 yrs,5-15 yrs,2,2,2,2,5,,0,,,,V,71.51,5.56,5.56,5.56,5.56,16.15,16.15,16.15,16.15,18.45,18.45,18.45,18.45,0.00
United Kingdom,GBR,Northern Ireland,UK_NIR,STATE_TOTAL,20220908,0.00,,,,,,0.00,,,0.00,,,,,,0.00,,,0.00,,,,,,0.00,,,0.00,,,,,,0.00,,,0.00,,,,,,0.00,,,0.00,,,,,,0.00,,,0.00,,,,,,0.00,,,0.00,,,0.00,,0.00,,,0.00,,,,,,1.00,1,,1.00,,0.00,,,,0.00,,1.00,1,,,,,1.00,1,,5.00,1,,2.00,0,,,,,2.00,0,,,2,,3,,5-15 yrs,5-15 yrs,2,2,2,2,5,,0,,,,V,71.51,5.56,5.56,5.56,5.56,16.15,16.15,16.15,16.15,18.45,18.45,18.45,18.45,0.00
United Kingdom,GBR,Northern Ireland,UK_NIR,STATE_TOTAL,20220909,0.00,,,,,,0.00,,,0.00,,,,,,0.00,,,0.00,,,,,,0.00,,,0.00,,,,,,0.00,,,0.00,,,,,,0.00,,,0.00,,,,,,0.00,,,0.00,,,,,,0.00,,,0.00,,,0.00,,0.00,,,0.00,,,,,,1.00,1,,1.00,,0.00,,,,0.00,,1.00,1,,,,,1.00,1,,5.00,1,,2.00,0,,,,,2.00,0,,,2,,3,,5-15 yrs,5-15 yrs,2,2,2,2,5,,0,,,,V,71.51,5.56,5.56,5.56,5.56,16.15,16.15,16.15,16.15,18.45,18.45,18.45,18.45,0.00
United Kingdom,GBR,Northern Ireland,UK_NIR,STATE_TOTAL,20220910,0.00,,,,,,0.00,,,0.00,,,,,,0.00,,,0.00,,,,,,0.00,,,0.00,,,,,,0.00,,,0.00,,,,,,0.00,,,0.00,,,,,,0.00,,,0.00,,,,,,0.00,,,0.00,,,0.00,,0.00,,,0.00,,,,,,1.00,1,,1.00,,0.00,,,,0.00,,1.00,1,,,,,1.00,1,,5.00,1,,2.00,0,,,,,2.00,0,,,2,,3,,5-15 yrs,5-15 yrs,2,2,2,2,5,,0,,,,V,71.52,5.56,5.56,5.56,5.56,16.15,16.15,16.15,16.15,18.45,18.45,18.45,18.45,0.00
United Kingdom,GBR,Northern Ireland,UK_NIR,STATE_TOTAL,20220911,0.00,,,,,,0.00,,,0.00,,,,,,0.00,,,0.00,,,,,,0.00,,,0.00,,,,,,0.00,,,0.00,,,,,,0.00,,,0.00,,,,,,0.00,,,0.00,,,,,,0.00,,,0.00,,,0.00,,0.00,,,0.00,,,,,,1.00,1,,1.00,,0.00,,,,0.00,,1.00,1,,,,,1.00,1,,5.00,1,,2.00,0,,,,,2.00,0,,,2,,3,,5-15 yrs,5-15 yrs,2,2,2,2,5,,0,,,,V,71.52,5.56,5.56,5.56,5.56,16.15,16.15,16.15,16.15,18.45,18.45,18.45,18.45,0.00
United Kingdom,GBR,Northern Ireland,UK_NIR,STATE_TOTAL,20220912,0.00,,,,,,0.00,,,0.00,,,,,,0.00,,,0.00,,,,,,0.00,,,0.00,,,,,,0.00,,,0.00,,,,,,0.00,,,0.00,,,,,,0.00,,,0.00,,,,,,0.00,,,0.00,,,0.00,,0.00,,,0.00,,,,,,1.00,1,,1.00,,0.00,,,,0.00,,1.00,1,,,,,1.00,1,,5.00,1,,2.00,0,,,,,2.00,0,,,2,,3,,5-15 yrs,5-15 yrs,2,2,2,2,5,,0,,,,V,71.52,5.56,5.56,5.56,5.56,16.15,16.15,16.15,16.15,18.45,18.45,18.45,18.45,0.00
United Kingdom,GBR,Northern Ireland,UK_NIR,STATE_TOTAL,20220913,0.00,,,,,,0.00,,,0.00,,,,,,0.00,,,0.00,,,,,,0.00,,,0.00,,,,,,0.00,,,0.00,,,,,,0.00,,,0.00,,,,,,0.00,,,0.00,,,,,,0.00,,,0.00,,,0.00,,0.00,,,0.00,,,,,,1.00,1,,1.00,,0.00,,,,0.00,,1.00,1,,,,,1.00,1,,5.00,1,,2.00,0,,,,,2.00,0,,,2,,3,,5-15 yrs,5-15 yrs,2,2,2,2,5,,0,,,,V,71.52,5.56,5.56,5.56,5.56,16.15,16.15,16.15,16.15,18.45,18.45,18.45,18.45,0.00
United Kingdom,GBR,Northern Ireland,UK_NIR,STATE_TOTAL,20220914,0.00,,,,,,0.00,,,0.00,,,,,,0.00,,,0.00,,,,,,0.00,,,0.00,,,,,,0.00,,,0.00,,,,,,0.00,,,0.00,,,,,,0.00,,,0.00,,,,,,0.00,,,0.00,,,0.00,,0.00,,,0.00,,,,,,1.00,1,,1.00,,0.00,,,,0.00,,1.00,1,,,,,1.00,1,,5.00,1,,2.00,0,,,,,2.00,0,,,2,,3,,5-15 yrs,5-15 yrs,2,2,2,2,5,,0,,,,V,71.52,5.56,5.56,5.56,5.56,16.15,16.15,16.15,16.15,18.45,18.45,18.45,18.45,0.00
United Kingdom,GBR,Northern Ireland,UK_NIR,STATE_TOTAL,20220915,0.00,,,,,,0.00,,,0.00,,,,,,0.00,,,0.00,,,,,,0.00,,,0.00,,,,,,0.00,,,0.00,,,,,,0.00,,,0.00,,,,,,0.00,,,0.00,,,,,,0.00,,,0.00,,,0.00,,0.00,,,0.00,,,,,,1.00,1,,1.00,,0.00,,,,0.00,,1.00,1,,,,,1.00,1,,5.00,1,,2.00,0,,,,,2.00,0,,,2,,3,,5-15 yrs,5-15 yrs,2,2,2,2,5,,0,,,,V,71.52,5.56,5.56,5.56,5.56,16.15,16.15,16.15,16.15,18.45,18.45,18.45,18.45,0.00
United Kingdom,GBR,Northern Ireland,UK_NIR,STATE_TOTAL,20220916,0.00,,,,,,0.00,,,0.00,,,,,,0.00,,,0.00,,,,,,0.00,,,0.00,,,,,,0.00,,,0.00,,,,,,0.00,,,0.00,,,,,,0.00,,,0.00,,,,,,0.00,,,0.00,,,0.00,,0.00,,,0.00,,,,,,1.00,1,,1.00,,0.00,,,,0.00,,1.00,1,,,,,1.00,1,,5.00,1,,2.00,0,,,,,2.00,0,,,2,,3,,5-15 yrs,5-15 yrs,2,2,2,2,5,,0,,,,V,71.53,5.56,5.56,5.56,5.56,16.15,16.15,16.15,16.15,18.45,18.45,18.45,18.45,0.00
United Kingdom,GBR,Northern Ireland,UK_NIR,STATE_TOTAL,20220917,0.00,,,,,,0.00,,,0.00,,,,,,0.00,,,0.00,,,,,,0.00,,,0.00,,,,,,0.00,,,0.00,,,,,,0.00,,,0.00,,,,,,0.00,,,0.00,,,,,,0.00,,,0.00,,,0.00,,0.00,,,0.00,,,,,,1.00,1,,1.00,,0.00,,,,0.00,,1.00,1,,,,,1.00,1,,5.00,1,,2.00,0,,,,,2.00,0,,,2,,3,,5-15 yrs,5-15 yrs,2,2,2,2,5,,0,,,,V,71.53,5.56,5.56,5.56,5.56,16.15,16.15,16.15,16.15,18.45,18.45,18.45,18.45,0.00
United Kingdom,GBR,Northern Ireland,UK_NIR,STATE_TOTAL,20220918,0.00,,,,,,0.00,,,0.00,,,,,,0.00,,,0.00,,,,,,0.00,,,0.00,,,,,,0.00,,,0.00,,,,,,0.00,,,0.00,,,,,,0.00,,,0.00,,,,,,0.00,,,0.00,,,0.00,,0.00,,,0.00,,,,,,1.00,1,,1.00,,0.00,,,,0.00,,1.00,1,,,,,1.00,1,,5.00,1,,2.00,0,,,,,2.00,0,,,2,,3,,5-15 yrs,5-15 yrs,2,2,2,2,5,,0,,,,V,71.53,5.56,5.56,5.56,5.56,16.15,16.15,16.15,16.15,18.45,18.45,18.45,18.45,0.00
United Kingdom,GBR,Northern Ireland,UK_NIR,STATE_TOTAL,20220919,0.00,,,,,,0.00,,,0.00,,,,,,0.00,,,0.00,,,,,,0.00,,,0.00,,,,,,0.00,,,0.00,,,,,,0.00,,,0.00,,,,,,0.00,,,0.00,,,,,,0.00,,,0.00,,,0.00,,0.00,,,0.00,,,,,,1.00,1,,1.00,,0.00,,,,0.00,,1.00,1,,,,,1.00,1,,5.00,1,,2.00,0,,,,,2.00,0,,,2,,3,,5-15 yrs,5-15 yrs,2,2,2,2,5,,0,,,,V,71.53,5.56,5.56,5.56,5.56,16.15,16.15,16.15,16.15,18.45,18.45,18.45,18.45,0.00
United Kingdom,GBR,Northern Ireland,UK_NIR,STATE_TOTAL,20220920,0.00,,,,,,0.00,,,0.00,,,,,,0.00,,,0.00,,,,,,0.00,,,0.00,,,,,,0.00,,,0.00,,,,,,0.00,,,0.00,,,,,,0.00,,,0.00,,,,,,0.00,,,0.00,,,0.00,,0.00,,,0.00,,,,,,1.00,1,,1.00,,0.00,,,,0.00,,1.00,1,,,,,1.00,1,,5.00,1,,2.00,0,,,,,2.00,0,,,2,,3,,5-15 yrs,5-15 yrs,2,2,2,2,5,,0,,,,V,71.53,5.56,5.56,5.56,5.56,16.15,16.15,16.15,16.15,18.45,18.45,18.45,18.45,0.00
United Kingdom,GBR,Northern Ireland,UK_NIR,STATE_TOTAL,20220921,0.00,,,,,,0.00,,,0.00,,,,,,0.00,,,0.00,,,,,,0.00,,,0.00,,,,,,0.00,,,0.00,,,,,,0.00,,,0.00,,,,,,0.00,,,0.00,,,,,,0.00,,,0.00,,,0.00,,0.00,,,0.00,,,,,,1.00,1,,1.00,,0.00,,,,0.00,,1.00,1,,,,,1.00,1,,5.00,1,,2.00,0,,,,,2.00,0,,,2,,3,,5-15 yrs,5-15 yrs,2,2,2,2,5,,0,,,,V,71.53,5.56,5.56,5.56,5.56,16.15,16.15,16.15,16.15,18.45,18.45,18.45,18.45,0.00
United Kingdom,GBR,Northern Ireland,UK_NIR,STATE_TOTAL,20220922,0.00,,,,,,0.00,,,0.00,,,,,,0.00,,,0.00,,,,,,0.00,,,0.00,,,,,,0.00,,,0.00,,,,,,0.00,,,0.00,,,,,,0.00,,,0.00,,,,,,0.00,,,0.00,,,0.00,,0.00,,,0.00,,,,,,1.00,1,,1.00,,0.00,,,,0.00,,1.00,1,,,,,1.00,1,,5.00,1,,2.00,0,,,,,2.00,0,,,2,,3,,5-15 yrs,5-15 yrs,2,2,2,2,5,,0,,,,V,71.54,5.56,5.56,5.56,5.56,16.15,16.15,16.15,16.15,18.45,18.45,18.45,18.45,0.00
United Kingdom,GBR,Northern Ireland,UK_NIR,STATE_TOTAL,20220923,0.00,,,,,,0.00,,,0.00,,,,,,0.00,,,0.00,,,,,,0.00,,,0.00,,,,,,0.00,,,0.00,,,,,,0.00,,,0.00,,,,,,0.00,,,0.00,,,,,,0.00,,,0.00,,,0.00,,0.00,,,0.00,,,,,,1.00,1,,1.00,,0.00,,,,0.00,,1.00,1,,,,,1.00,1,,5.00,1,,2.00,0,,,,,2.00,0,,,2,,3,,5-15 yrs,5-15 yrs,2,2,2,2,5,,0,,,,V,71.54,5.56,5.56,5.56,5.56,16.15,16.15,16.15,16.15,18.45,18.45,18.45,18.45,0.00
United Kingdom,GBR,Northern Ireland,UK_NIR,STATE_TOTAL,20220924,0.00,,,,,,0.00,,,0.00,,,,,,0.00,,,0.00,,,,,,0.00,,,0.00,,,,,,0.00,,,0.00,,,,,,0.00,,,0.00,,,,,,0.00,,,0.00,,,,,,0.00,,,0.00,,,0.00,,0.00,,,0.00,,,,,,1.00,1,,1.00,,0.00,,,,0.00,,1.00,1,,,,,1.00,1,,5.00,1,,2.00,0,,,,,2.00,0,,,2,,3,,5-15 yrs,5-15 yrs,2,2,2,2,5,,0,,,,V,71.54,5.56,5.56,5.56,5.56,16.15,16.15,16.15,16.15,18.45,18.45,18.45,18.45,0.00
United Kingdom,GBR,Northern Ireland,UK_NIR,STATE_TOTAL,20220925,0.00,,,,,,0.00,,,0.00,,,,,,0.00,,,0.00,,,,,,0.00,,,0.00,,,,,,0.00,,,0.00,,,,,,0.00,,,0.00,,,,,,0.00,,,0.00,,,,,,0.00,,,0.00,,,0.00,,0.00,,,0.00,,,,,,1.00,1,,1.00,,0.00,,,,0.00,,1.00,1,,,,,1.00,1,,5.00,1,,2.00,0,,,,,2.00,0,,,2,,3,,5-15 yrs,5-15 yrs,2,2,2,2,5,,0,,,,V,71.54,5.56,5.56,5.56,5.56,16.15,16.15,16.15,16.15,18.45,18.45,18.45,18.45,0.00
United Kingdom,GBR,Northern Ireland,UK_NIR,STATE_TOTAL,20220926,0.00,,,,,,0.00,,,0.00,,,,,,0.00,,,0.00,,,,,,0.00,,,0.00,,,,,,0.00,,,0.00,,,,,,0.00,,,0.00,,,,,,0.00,,,0.00,,,,,,0.00,,,0.00,,,0.00,,0.00,,,0.00,,,,,,1.00,1,,1.00,,0.00,,,,0.00,,1.00,1,,,,,1.00,1,,5.00,1,,2.00,0,,,,,2.00,0,,,2,,3,,5-15 yrs,5-15 yrs,2,2,2,2,5,,0,,,,V,71.54,5.56,5.56,5.56,5.56,16.15,16.15,16.15,16.15,18.45,18.45,18.45,18.45,0.00
United Kingdom,GBR,Northern Ireland,UK_NIR,STATE_TOTAL,20220927,0.00,,,,,,0.00,,,0.00,,,,,,0.00,,,0.00,,,,,,0.00,,,0.00,,,,,,0.00,,,0.00,,,,,,0.00,,,0.00,,,,,,0.00,,,0.00,,,,,,0.00,,,0.00,,,0.00,,0.00,,,0.00,,,,,,1.00,1,,1.00,,0.00,,,,0.00,,1.00,1,,,,,1.00,1,,5.00,1,,2.00,0,,,,,2.00,0,,,2,,3,,5-15 yrs,5-15 yrs,2,2,2,2,5,,0,,,,V,71.54,5.56,5.56,5.56,5.56,16.15,16.15,16.15,16.15,18.45,18.45,18.45,18.45,0.00
United Kingdom,GBR,Northern Ireland,UK_NIR,STATE_TOTAL,20220928,0.00,,,,,,0.00,,,0.00,,,,,,0.00,,,0.00,,,,,,0.00,,,0.00,,,,,,0.00,,,0.00,,,,,,0.00,,,0.00,,,,,,0.00,,,0.00,,,,,,0.00,,,0.00,,,0.00,,0.00,,,0.00,,,,,,1.00,1,,1.00,,0.00,,,,0.00,,1.00,1,,,,,1.00,1,,5.00,1,,2.00,0,,,,,2.00,0,,,2,,3,,5-15 yrs,5-15 yrs,2,2,2,2,5,,0,,,,V,71.55,5.56,5.56,5.56,5.56,16.15,16.15,16.15,16.15,18.45,18.45,18.45,18.45,0.00
United Kingdom,GBR,Northern Ireland,UK_NIR,STATE_TOTAL,20220929,0.00,,,,,,0.00,,,0.00,,,,,,0.00,,,0.00,,,,,,0.00,,,0.00,,,,,,0.00,,,0.00,,,,,,0.00,,,0.00,,,,,,0.00,,,0.00,,,,,,0.00,,,0.00,,,0.00,,0.00,,,0.00,,,,,,1.00,1,,1.00,,0.00,,,,0.00,,1.00,1,,,,,1.00,1,,5.00,1,,2.00,0,,,,,2.00,0,,,2,,3,,5-15 yrs,5-15 yrs,2,2,2,2,5,,0,,,,V,71.55,5.56,5.56,5.56,5.56,16.15,16.15,16.15,16.15,18.45,18.45,18.45,18.45,0.00
United Kingdom,GBR,Northern Ireland,UK_NIR,STATE_TOTAL,20220930,0.00,,,,,,0.00,,,0.00,,,,,,0.00,,,0.00,,,,,,0.00,,,0.00,,,,,,0.00,,,0.00,,,,,,0.00,,,0.00,,,,,,0.00,,,0.00,,,,,,0.00,,,0.00,,,0.00,,0.00,,,0.00,,,,,,1.00,1,,1.00,,0.00,,,,0.00,,1.00,1,,,,,1.00,1,,5.00,1,,2.00,0,,,,,2.00,0,,,2,,3,,5-15 yrs,5-15 yrs,2,2,2,2,5,,0,,,,V,71.55,5.56,5.56,5.56,5.56,16.15,16.15,16.15,16.15,18.45,18.45,18.45,18.45,0.00
United Kingdom,GBR,Northern Ireland,UK_NIR,STATE_TOTAL,20221001,0.00,,,,,,0.00,,,0.00,,,,,,0.00,,,0.00,,,,,,0.00,,,0.00,,,,,,0.00,,,0.00,,,,,,0.00,,,0.00,,,,,,0.00,,,0.00,,,,,,0.00,,,0.00,,,0.00,,0.00,,,0.00,,,,,,1.00,1,,1.00,,0.00,,,,0.00,,1.00,1,,,,,1.00,1,,5.00,1,,2.00,0,,,,,2.00,0,,,2,,3,,5-15 yrs,5-15 yrs,2,2,2,2,5,,0,,,,V,71.55,5.56,5.56,5.56,5.56,16.15,16.15,16.15,16.15,18.45,18.45,18.45,18.45,0.00
United Kingdom,GBR,Northern Ireland,UK_NIR,STATE_TOTAL,20221002,0.00,,,,,,0.00,,,0.00,,,,,,0.00,,,0.00,,,,,,0.00,,,0.00,,,,,,0.00,,,0.00,,,,,,0.00,,,0.00,,,,,,0.00,,,0.00,,,,,,0.00,,,0.00,,,0.00,,0.00,,,0.00,,,,,,1.00,1,,1.00,,0.00,,,,0.00,,1.00,1,,,,,1.00,1,,5.00,1,,2.00,0,,,,,2.00,0,,,2,,3,,5-15 yrs,5-15 yrs,2,2,2,2,5,,0,,,,V,71.55,5.56,5.56,5.56,5.56,16.15,16.15,16.15,16.15,18.45,18.45,18.45,18.45,0.00
United Kingdom,GBR,Northern Ireland,UK_NIR,STATE_TOTAL,20221003,0.00,,,,,,0.00,,,0.00,,,,,,0.00,,,0.00,,,,,,0.00,,,0.00,,,,,,0.00,,,0.00,,,,,,0.00,,,0.00,,,,,,0.00,,,0.00,,,,,,0.00,,,0.00,,,0.00,,0.00,,,0.00,,,,,,1.00,1,,1.00,,0.00,,,,0.00,,1.00,1,,,,,1.00,1,,5.00,1,,2.00,0,,,,,2.00,0,,,2,,3,,5-15 yrs,5-15 yrs,2,2,2,2,5,,0,,,,V,71.56,5.56,5.56,5.56,5.56,16.15,16.15,16.15,16.15,18.45,18.45,18.45,18.45,0.00
United Kingdom,GBR,Northern Ireland,UK_NIR,STATE_TOTAL,20221004,0.00,,,,,,0.00,,,0.00,,,,,,0.00,,,0.00,,,,,,0.00,,,0.00,,,,,,0.00,,,0.00,,,,,,0.00,,,0.00,,,,,,0.00,,,0.00,,,,,,0.00,,,0.00,,,0.00,,0.00,,,0.00,,,,,,1.00,1,,1.00,,0.00,,,,0.00,,1.00,1,,,,,1.00,1,,5.00,1,,2.00,0,,,,,2.00,0,,,2,,3,,5-15 yrs,5-15 yrs,2,2,2,2,5,,0,,,,V,71.56,5.56,5.56,5.56,5.56,16.15,16.15,16.15,16.15,18.45,18.45,18.45,18.45,0.00
United Kingdom,GBR,Northern Ireland,UK_NIR,STATE_TOTAL,20221005,0.00,,,,,,0.00,,,0.00,,,,,,0.00,,,0.00,,,,,,0.00,,,0.00,,,,,,0.00,,,0.00,,,,,,0.00,,,0.00,,,,,,0.00,,,0.00,,,,,,0.00,,,0.00,,,0.00,,0.00,,,0.00,,,,,,1.00,1,,1.00,,0.00,,,,0.00,,1.00,1,,,,,1.00,1,,5.00,1,,2.00,0,,,,,2.00,0,,,2,,3,,5-15 yrs,5-15 yrs,2,2,2,2,5,,0,,,,V,71.56,5.56,5.56,5.56,5.56,16.15,16.15,16.15,16.15,18.45,18.45,18.45,18.45,0.00
United Kingdom,GBR,Northern Ireland,UK_NIR,STATE_TOTAL,20221006,0.00,,,,,,0.00,,,0.00,,,,,,0.00,,,0.00,,,,,,0.00,,,0.00,,,,,,0.00,,,0.00,,,,,,0.00,,,0.00,,,,,,0.00,,,0.00,,,,,,0.00,,,0.00,,,0.00,,0.00,,,0.00,,,,,,1.00,1,,1.00,,0.00,,,,0.00,,1.00,1,,,,,1.00,1,,5.00,1,,2.00,0,,,,,2.00,0,,,2,,3,,5-15 yrs,5-15 yrs,2,2,2,2,5,,0,,,,V,71.56,5.56,5.56,5.56,5.56,16.15,16.15,16.15,16.15,18.45,18.45,18.45,18.45,0.00
United Kingdom,GBR,Northern Ireland,UK_NIR,STATE_TOTAL,20221007,0.00,,,,,,0.00,,,0.00,,,,,,0.00,,,0.00,,,,,,0.00,,,0.00,,,,,,0.00,,,0.00,,,,,,0.00,,,0.00,,,,,,0.00,,,0.00,,,,,,0.00,,,0.00,,,0.00,,0.00,,,0.00,,,,,,1.00,1,,1.00,,0.00,,,,0.00,,1.00,1,,,,,1.00,1,,5.00,1,,2.00,0,,,,,2.00,0,,,2,,3,,5-15 yrs,5-15 yrs,2,2,2,2,5,,0,,,,V,71.56,5.56,5.56,5.56,5.56,16.15,16.15,16.15,16.15,18.45,18.45,18.45,18.45,0.00
United Kingdom,GBR,Northern Ireland,UK_NIR,STATE_TOTAL,20221008,0.00,,,,,,0.00,,,0.00,,,,,,0.00,,,0.00,,,,,,0.00,,,0.00,,,,,,0.00,,,0.00,,,,,,0.00,,,0.00,,,,,,0.00,,,0.00,,,,,,0.00,,,0.00,,,0.00,,0.00,,,0.00,,,,,,1.00,1,,1.00,,0.00,,,,0.00,,1.00,1,,,,,1.00,1,,5.00,1,,2.00,0,,,,,2.00,0,,,2,,3,,5-15 yrs,5-15 yrs,2,2,2,2,5,,0,,,,V,71.57,5.56,5.56,5.56,5.56,16.15,16.15,16.15,16.15,18.45,18.45,18.45,18.45,0.00
United Kingdom,GBR,Northern Ireland,UK_NIR,STATE_TOTAL,20221009,0.00,,,,,,0.00,,,0.00,,,,,,0.00,,,0.00,,,,,,0.00,,,0.00,,,,,,0.00,,,0.00,,,,,,0.00,,,0.00,,,,,,0.00,,,0.00,,,,,,0.00,,,0.00,,,0.00,,0.00,,,0.00,,,,,,1.00,1,,1.00,,0.00,,,,0.00,,1.00,1,,,,,1.00,1,,5.00,1,,2.00,0,,,,,2.00,0,,,2,,3,,5-15 yrs,5-15 yrs,2,2,2,2,5,,0,,,,V,71.57,5.56,5.56,5.56,5.56,16.15,16.15,16.15,16.15,18.45,18.45,18.45,18.45,0.00
United Kingdom,GBR,Northern Ireland,UK_NIR,STATE_TOTAL,20221010,0.00,,,,,,0.00,,,0.00,,,,,,0.00,,,0.00,,,,,,0.00,,,0.00,,,,,,0.00,,,0.00,,,,,,0.00,,,0.00,,,,,,0.00,,,0.00,,,,,,0.00,,,0.00,,,0.00,,0.00,,,0.00,,,,,,1.00,1,,1.00,,0.00,,,,0.00,,1.00,1,,,,,1.00,1,,5.00,1,,2.00,0,,,,,2.00,0,,,2,,3,,5-15 yrs,5-15 yrs,2,2,2,2,5,,0,,,,V,71.57,5.56,5.56,5.56,5.56,16.15,16.15,16.15,16.15,18.45,18.45,18.45,18.45,0.00
United Kingdom,GBR,Northern Ireland,UK_NIR,STATE_TOTAL,20221011,0.00,,,,,,0.00,,,0.00,,,,,,0.00,,,0.00,,,,,,0.00,,,0.00,,,,,,0.00,,,0.00,,,,,,0.00,,,0.00,,,,,,0.00,,,0.00,,,,,,0.00,,,0.00,,,0.00,,0.00,,,0.00,,,,,,1.00,1,,1.00,,0.00,,,,0.00,,1.00,1,,,,,1.00,1,,5.00,1,,2.00,0,,,,,2.00,0,,,2,,3,,5-15 yrs,5-15 yrs,2,2,2,2,5,,0,,,,V,71.57,5.56,5.56,5.56,5.56,16.15,16.15,16.15,16.15,18.45,18.45,18.45,18.45,0.00
United Kingdom,GBR,Northern Ireland,UK_NIR,STATE_TOTAL,20221012,0.00,,,,,,0.00,,,0.00,,,,,,0.00,,,0.00,,,,,,0.00,,,0.00,,,,,,0.00,,,0.00,,,,,,0.00,,,0.00,,,,,,0.00,,,0.00,,,,,,0.00,,,0.00,,,0.00,,0.00,,,0.00,,,,,,1.00,1,,1.00,,0.00,,,,0.00,,1.00,1,,,,,1.00,1,,5.00,1,,2.00,0,,,,,2.00,0,,,2,,3,,5-15 yrs,5-15 yrs,2,2,2,2,5,,0,,,,V,71.57,5.56,5.56,5.56,5.56,16.15,16.15,16.15,16.15,18.45,18.45,18.45,18.45,0.00
United Kingdom,GBR,Northern Ireland,UK_NIR,STATE_TOTAL,20221013,0.00,,,,,,0.00,,,0.00,,,,,,0.00,,,0.00,,,,,,0.00,,,0.00,,,,,,0.00,,,0.00,,,,,,0.00,,,0.00,,,,,,0.00,,,0.00,,,,,,0.00,,,0.00,,,0.00,,0.00,,,0.00,,,,,,1.00,1,,1.00,,0.00,,,,0.00,,1.00,1,,,,,1.00,1,,5.00,1,,2.00,0,,,,,2.00,0,,,2,,3,,5-15 yrs,5-15 yrs,2,2,2,2,5,,0,,,,V,71.57,5.56,5.56,5.56,5.56,16.15,16.15,16.15,16.15,18.45,18.45,18.45,18.45,0.00
United Kingdom,GBR,Northern Ireland,UK_NIR,STATE_TOTAL,20221014,0.00,,,,,,0.00,,,0.00,,,,,,0.00,,,0.00,,,,,,0.00,,,0.00,,,,,,0.00,,,0.00,,,,,,0.00,,,0.00,,,,,,0.00,,,0.00,,,,,,0.00,,,0.00,,,0.00,,0.00,,,0.00,,,,,,1.00,1,,1.00,,0.00,,,,0.00,,1.00,1,,,,,1.00,1,,5.00,1,,2.00,0,,,,,2.00,0,,,2,,3,,5-15 yrs,5-15 yrs,2,2,2,2,5,,0,,,,V,71.57,5.56,5.56,5.56,5.56,16.15,16.15,16.15,16.15,18.45,18.45,18.45,18.45,0.00
United Kingdom,GBR,Northern Ireland,UK_NIR,STATE_TOTAL,20221015,0.00,,,,,,0.00,,,0.00,,,,,,0.00,,,0.00,,,,,,0.00,,,0.00,,,,,,0.00,,,0.00,,,,,,0.00,,,0.00,,,,,,0.00,,,0.00,,,,,,0.00,,,0.00,,,0.00,,0.00,,,0.00,,,,,,1.00,1,,1.00,,0.00,,,,0.00,,1.00,1,,,,,1.00,1,,5.00,1,,2.00,0,,,,,2.00,0,,,2,,3,,5-15 yrs,5-15 yrs,2,2,2,2,5,,0,,,,V,71.58,5.56,5.56,5.56,5.56,16.15,16.15,16.15,16.15,18.45,18.45,18.45,18.45,0.00
United Kingdom,GBR,Northern Ireland,UK_NIR,STATE_TOTAL,20221016,0.00,,,,,,0.00,,,0.00,,,,,,0.00,,,0.00,,,,,,0.00,,,0.00,,,,,,0.00,,,0.00,,,,,,0.00,,,0.00,,,,,,0.00,,,0.00,,,,,,0.00,,,0.00,,,0.00,,0.00,,,0.00,,,,,,1.00,1,,1.00,,0.00,,,,0.00,,1.00,1,,,,,1.00,1,,5.00,1,,2.00,0,,,,,2.00,0,,,2,,3,,5-15 yrs,5-15 yrs,2,2,2,2,5,,0,,,,V,71.58,5.56,5.56,5.56,5.56,16.15,16.15,16.15,16.15,18.45,18.45,18.45,18.45,0.00
United Kingdom,GBR,Northern Ireland,UK_NIR,STATE_TOTAL,20221017,0.00,,,,,,0.00,,,0.00,,,,,,0.00,,,0.00,,,,,,0.00,,,0.00,,,,,,0.00,,,0.00,,,,,,0.00,,,0.00,,,,,,0.00,,,0.00,,,,,,0.00,,,0.00,,,0.00,,0.00,,,0.00,,,,,,1.00,1,,1.00,,0.00,,,,0.00,,1.00,1,,,,,1.00,1,,5.00,1,,2.00,0,,,,,2.00,0,,,2,,3,,5-15 yrs,5-15 yrs,2,2,2,2,5,,0,,,,V,71.58,5.56,5.56,5.56,5.56,16.15,16.15,16.15,16.15,18.45,18.45,18.45,18.45,0.00
United Kingdom,GBR,Northern Ireland,UK_NIR,STATE_TOTAL,20221018,0.00,,,,,,0.00,,,0.00,,,,,,0.00,,,0.00,,,,,,0.00,,,0.00,,,,,,0.00,,,0.00,,,,,,0.00,,,0.00,,,,,,0.00,,,0.00,,,,,,0.00,,,0.00,,,0.00,,0.00,,,0.00,,,,,,1.00,1,,1.00,,0.00,,,,0.00,,1.00,1,,,,,1.00,1,,5.00,1,,2.00,0,,,,,2.00,0,,,2,,3,,5-15 yrs,5-15 yrs,2,2,2,2,5,,0,,,,V,71.58,5.56,5.56,5.56,5.56,16.15,16.15,16.15,16.15,18.45,18.45,18.45,18.45,0.00
United Kingdom,GBR,Northern Ireland,UK_NIR,STATE_TOTAL,20221019,0.00,,,,,,0.00,,,0.00,,,,,,0.00,,,0.00,,,,,,0.00,,,0.00,,,,,,0.00,,,0.00,,,,,,0.00,,,0.00,,,,,,0.00,,,0.00,,,,,,0.00,,,0.00,,,0.00,,0.00,,,0.00,,,,,,1.00,1,,1.00,,0.00,,,,0.00,,1.00,1,,,,,1.00,1,,5.00,1,,2.00,0,,,,,2.00,0,,,2,,3,,5-15 yrs,5-15 yrs,2,2,2,2,5,,0,,,,V,71.58,5.56,5.56,5.56,5.56,16.15,16.15,16.15,16.15,18.45,18.45,18.45,18.45,0.00
United Kingdom,GBR,Northern Ireland,UK_NIR,STATE_TOTAL,20221020,0.00,,,,,,0.00,,,0.00,,,,,,0.00,,,0.00,,,,,,0.00,,,0.00,,,,,,0.00,,,0.00,,,,,,0.00,,,0.00,,,,,,0.00,,,0.00,,,,,,0.00,,,0.00,,,0.00,,0.00,,,0.00,,,,,,1.00,1,,1.00,,0.00,,,,0.00,,1.00,1,,,,,1.00,1,,5.00,1,,2.00,0,,,,,2.00,0,,,2,,3,,5-15 yrs,5-15 yrs,2,2,2,2,5,,0,,,,V,71.59,5.56,5.56,5.56,5.56,16.15,16.15,16.15,16.15,18.45,18.45,18.45,18.45,0.00
United Kingdom,GBR,Northern Ireland,UK_NIR,STATE_TOTAL,20221021,0.00,,,,,,0.00,,,0.00,,,,,,0.00,,,0.00,,,,,,0.00,,,0.00,,,,,,0.00,,,0.00,,,,,,0.00,,,0.00,,,,,,0.00,,,0.00,,,,,,0.00,,,0.00,,,0.00,,0.00,,,0.00,,,,,,1.00,1,,1.00,,0.00,,,,0.00,,1.00,1,,,,,1.00,1,,5.00,1,,2.00,0,,,,,2.00,0,,,2,,3,,5-15 yrs,5-15 yrs,2,2,2,2,5,,0,,,,V,71.59,5.56,5.56,5.56,5.56,16.15,16.15,16.15,16.15,18.45,18.45,18.45,18.45,0.00
United Kingdom,GBR,Northern Ireland,UK_NIR,STATE_TOTAL,20221022,0.00,,,,,,0.00,,,0.00,,,,,,0.00,,,0.00,,,,,,0.00,,,0.00,,,,,,0.00,,,0.00,,,,,,0.00,,,0.00,,,,,,0.00,,,0.00,,,,,,0.00,,,0.00,,,0.00,,0.00,,,0.00,,,,,,1.00,1,,1.00,,0.00,,,,0.00,,1.00,1,,,,,1.00,1,,5.00,1,,2.00,0,,,,,2.00,0,,,2,,3,,5-15 yrs,5-15 yrs,2,2,2,2,5,,0,,,,V,71.59,5.56,5.56,5.56,5.56,16.15,16.15,16.15,16.15,18.45,18.45,18.45,18.45,0.00
United Kingdom,GBR,Northern Ireland,UK_NIR,STATE_TOTAL,20221023,0.00,,,,,,0.00,,,0.00,,,,,,0.00,,,0.00,,,,,,0.00,,,0.00,,,,,,0.00,,,0.00,,,,,,0.00,,,0.00,,,,,,0.00,,,0.00,,,,,,0.00,,,0.00,,,0.00,,0.00,,,0.00,,,,,,1.00,1,,1.00,,0.00,,,,0.00,,1.00,1,,,,,1.00,1,,5.00,1,,2.00,0,,,,,2.00,0,,,2,,3,,5-15 yrs,5-15 yrs,2,2,2,2,5,,0,,,,V,71.59,5.56,5.56,5.56,5.56,16.15,16.15,16.15,16.15,18.45,18.45,18.45,18.45,0.00
United Kingdom,GBR,Northern Ireland,UK_NIR,STATE_TOTAL,20221024,0.00,,,,,,0.00,,,0.00,,,,,,0.00,,,0.00,,,,,,0.00,,,0.00,,,,,,0.00,,,0.00,,,,,,0.00,,,0.00,,,,,,0.00,,,0.00,,,,,,0.00,,,0.00,,,0.00,,0.00,,,0.00,,,,,,1.00,1,,1.00,,0.00,,,,0.00,,1.00,1,,,,,1.00,1,,5.00,1,,2.00,0,,,,,2.00,0,,,2,,3,,5-15 yrs,5-15 yrs,2,2,2,2,5,,0,,,,V,71.59,5.56,5.56,5.56,5.56,16.15,16.15,16.15,16.15,18.45,18.45,18.45,18.45,0.00
United Kingdom,GBR,Northern Ireland,UK_NIR,STATE_TOTAL,20221025,0.00,,,,,,0.00,,,0.00,,,,,,0.00,,,0.00,,,,,,0.00,,,0.00,,,,,,0.00,,,0.00,,,,,,0.00,,,0.00,,,,,,0.00,,,0.00,,,,,,0.00,,,0.00,,,0.00,,0.00,,,0.00,,,,,,1.00,1,,1.00,,0.00,,,,0.00,,1.00,1,,,,,1.00,1,,5.00,1,,2.00,0,,,,,2.00,0,,,2,,3,,5-15 yrs,5-15 yrs,2,2,2,2,5,,0,,,,V,71.59,5.56,5.56,5.56,5.56,16.15,16.15,16.15,16.15,18.45,18.45,18.45,18.45,0.00
United Kingdom,GBR,Northern Ireland,UK_NIR,STATE_TOTAL,20221026,0.00,,,,,,0.00,,,0.00,,,,,,0.00,,,0.00,,,,,,0.00,,,0.00,,,,,,0.00,,,0.00,,,,,,0.00,,,0.00,,,,,,0.00,,,0.00,,,,,,0.00,,,0.00,,,0.00,,0.00,,,0.00,,,,,,1.00,1,,1.00,,0.00,,,,0.00,,1.00,1,,,,,1.00,1,,5.00,1,,2.00,0,,,,,2.00,0,,,2,,3,,5-15 yrs,5-15 yrs,2,2,2,2,5,,0,,,,V,71.59,5.56,5.56,5.56,5.56,16.15,16.15,16.15,16.15,18.45,18.45,18.45,18.45,0.00
United Kingdom,GBR,Northern Ireland,UK_NIR,STATE_TOTAL,20221027,0.00,,,,,,0.00,,,0.00,,,,,,0.00,,,0.00,,,,,,0.00,,,0.00,,,,,,0.00,,,0.00,,,,,,0.00,,,0.00,,,,,,0.00,,,0.00,,,,,,0.00,,,0.00,,,0.00,,0.00,,,0.00,,,,,,1.00,1,,1.00,,0.00,,,,0.00,,1.00,1,,,,,1.00,1,,5.00,1,,2.00,0,,,,,2.00,0,,,2,,3,,5-15 yrs,5-15 yrs,2,2,2,2,5,,0,,,,V,71.60,5.56,5.56,5.56,5.56,16.15,16.15,16.15,16.15,18.45,18.45,18.45,18.45,0.00
United Kingdom,GBR,Northern Ireland,UK_NIR,STATE_TOTAL,20221028,0.00,,,,,,0.00,,,0.00,,,,,,0.00,,,0.00,,,,,,0.00,,,0.00,,,,,,0.00,,,0.00,,,,,,0.00,,,0.00,,,,,,0.00,,,0.00,,,,,,0.00,,,0.00,,,0.00,,0.00,,,0.00,,,,,,1.00,1,,1.00,,0.00,,,,0.00,,1.00,1,,,,,1.00,1,,5.00,1,,2.00,0,,,,,2.00,0,,,2,,3,,5-15 yrs,5-15 yrs,2,2,2,2,5,,0,,,,V,71.60,5.56,5.56,5.56,5.56,16.15,16.15,16.15,16.15,18.45,18.45,18.45,18.45,0.00
United Kingdom,GBR,Northern Ireland,UK_NIR,STATE_TOTAL,20221029,0.00,,,,,,0.00,,,0.00,,,,,,0.00,,,0.00,,,,,,0.00,,,0.00,,,,,,0.00,,,0.00,,,,,,0.00,,,0.00,,,,,,0.00,,,0.00,,,,,,0.00,,,0.00,,,0.00,,0.00,,,0.00,,,,,,1.00,1,,1.00,,0.00,,,,0.00,,1.00,1,,,,,1.00,1,,5.00,1,,2.00,0,,,,,2.00,0,,,2,,3,,5-15 yrs,5-15 yrs,2,2,2,2,5,,0,,,,V,71.60,5.56,5.56,5.56,5.56,16.15,16.15,16.15,16.15,18.45,18.45,18.45,18.45,0.00
United Kingdom,GBR,Northern Ireland,UK_NIR,STATE_TOTAL,20221030,0.00,,,,,,0.00,,,0.00,,,,,,0.00,,,0.00,,,,,,0.00,,,0.00,,,,,,0.00,,,0.00,,,,,,0.00,,,0.00,,,,,,0.00,,,0.00,,,,,,0.00,,,0.00,,,0.00,,0.00,,,0.00,,,,,,1.00,1,,1.00,,0.00,,,,0.00,,1.00,1,,,,,1.00,1,,5.00,1,,2.00,0,,,,,2.00,0,,,2,,3,,5-15 yrs,5-15 yrs,2,2,2,2,5,,0,,,,V,71.60,5.56,5.56,5.56,5.56,16.15,16.15,16.15,16.15,18.45,18.45,18.45,18.45,0.00
United Kingdom,GBR,Northern Ireland,UK_NIR,STATE_TOTAL,20221031,0.00,,,,,,0.00,,,0.00,,,,,,0.00,,,0.00,,,,,,0.00,,,0.00,,,,,,0.00,,,0.00,,,,,,0.00,,,0.00,,,,,,0.00,,,0.00,,,,,,0.00,,,0.00,,,0.00,,0.00,,,0.00,,,,,,1.00,1,,1.00,,0.00,,,,0.00,,1.00,1,,,,,1.00,1,,5.00,1,,2.00,0,,,,,2.00,0,,,2,,3,,5-15 yrs,5-15 yrs,2,2,2,2,5,,0,,,,V,71.60,5.56,5.56,5.56,5.56,16.15,16.15,16.15,16.15,18.45,18.45,18.45,18.45,0.00
United Kingdom,GBR,Northern Ireland,UK_NIR,STATE_TOTAL,20221101,0.00,,,,,,0.00,,,0.00,,,,,,0.00,,,0.00,,,,,,0.00,,,0.00,,,,,,0.00,,,0.00,,,,,,0.00,,,0.00,,,,,,0.00,,,0.00,,,,,,0.00,,,0.00,,,0.00,,0.00,,,0.00,,,,,,1.00,1,,1.00,,0.00,,,,0.00,,1.00,1,,,,,1.00,1,,5.00,1,,0.00,,,,,,0.00,,"All measures have now been removed",,2,,3,,5-15 yrs,5-15 yrs,2,2,2,2,5,,0,,,,V,71.60,5.56,5.56,5.56,5.56,13.02,13.02,13.02,13.02,14.88,14.88,14.88,14.88,0.00
United Kingdom,GBR,Northern Ireland,UK_NIR,STATE_TOTAL,20221102,0.00,,,,,,0.00,,,0.00,,,,,,0.00,,,0.00,,,,,,0.00,,,0.00,,,,,,0.00,,,0.00,,,,,,0.00,,,0.00,,,,,,0.00,,,0.00,,,,,,0.00,,,0.00,,,0.00,,0.00,,,0.00,,,,,,1.00,1,,1.00,,0.00,,,,0.00,,1.00,1,,,,,1.00,1,,5.00,1,,0.00,,,,,,0.00,,,,2,,3,,5-15 yrs,5-15 yrs,2,2,2,2,5,,0,,,,V,71.60,5.56,5.56,5.56,5.56,13.02,13.02,13.02,13.02,14.88,14.88,14.88,14.88,0.00
United Kingdom,GBR,Northern Ireland,UK_NIR,STATE_TOTAL,20221103,0.00,,,,,,0.00,,,0.00,,,,,,0.00,,,0.00,,,,,,0.00,,,0.00,,,,,,0.00,,,0.00,,,,,,0.00,,,0.00,,,,,,0.00,,,0.00,,,,,,0.00,,,0.00,,,0.00,,0.00,,,0.00,,,,,,1.00,1,,1.00,,0.00,,,,0.00,,1.00,1,,,,,1.00,1,,5.00,1,,0.00,,,,,,0.00,,,,2,,3,,5-15 yrs,5-15 yrs,2,2,2,2,5,,0,,,,V,71.61,5.56,5.56,5.56,5.56,13.02,13.02,13.02,13.02,14.88,14.88,14.88,14.88,0.00
United Kingdom,GBR,Northern Ireland,UK_NIR,STATE_TOTAL,20221104,0.00,,,,,,0.00,,,0.00,,,,,,0.00,,,0.00,,,,,,0.00,,,0.00,,,,,,0.00,,,0.00,,,,,,0.00,,,0.00,,,,,,0.00,,,0.00,,,,,,0.00,,,0.00,,,0.00,,0.00,,,0.00,,,,,,1.00,1,,1.00,,0.00,,,,0.00,,1.00,1,,,,,1.00,1,,5.00,1,,0.00,,,,,,0.00,,,,2,,3,,5-15 yrs,5-15 yrs,2,2,2,2,5,,0,,,,V,71.61,5.56,5.56,5.56,5.56,13.02,13.02,13.02,13.02,14.88,14.88,14.88,14.88,0.00
United Kingdom,GBR,Northern Ireland,UK_NIR,STATE_TOTAL,20221105,0.00,,,,,,0.00,,,0.00,,,,,,0.00,,,0.00,,,,,,0.00,,,0.00,,,,,,0.00,,,0.00,,,,,,0.00,,,0.00,,,,,,0.00,,,0.00,,,,,,0.00,,,0.00,,,0.00,,0.00,,,0.00,,,,,,1.00,1,,1.00,,0.00,,,,0.00,,1.00,1,,,,,1.00,1,,5.00,1,,0.00,,,,,,0.00,,,,2,,3,,5-15 yrs,5-15 yrs,2,2,2,2,5,,0,,,,V,71.61,5.56,5.56,5.56,5.56,13.02,13.02,13.02,13.02,14.88,14.88,14.88,14.88,0.00
United Kingdom,GBR,Northern Ireland,UK_NIR,STATE_TOTAL,20221106,0.00,,,,,,0.00,,,0.00,,,,,,0.00,,,0.00,,,,,,0.00,,,0.00,,,,,,0.00,,,0.00,,,,,,0.00,,,0.00,,,,,,0.00,,,0.00,,,,,,0.00,,,0.00,,,0.00,,0.00,,,0.00,,,,,,1.00,1,,1.00,,0.00,,,,0.00,,1.00,1,,,,,1.00,1,,5.00,1,,0.00,,,,,,0.00,,,,2,,3,,5-15 yrs,5-15 yrs,2,2,2,2,5,,0,,,,V,71.61,5.56,5.56,5.56,5.56,13.02,13.02,13.02,13.02,14.88,14.88,14.88,14.88,0.00
United Kingdom,GBR,Northern Ireland,UK_NIR,STATE_TOTAL,20221107,0.00,,,,,,0.00,,,0.00,,,,,,0.00,,,0.00,,,,,,0.00,,,0.00,,,,,,0.00,,,0.00,,,,,,0.00,,,0.00,,,,,,0.00,,,0.00,,,,,,0.00,,,0.00,,,0.00,,0.00,,,0.00,,,,,,1.00,1,,1.00,,0.00,,,,0.00,,1.00,1,,,,,1.00,1,,5.00,1,,0.00,,,,,,0.00,,,,2,,3,,5-15 yrs,5-15 yrs,2,2,2,2,5,,0,,,,V,71.61,5.56,5.56,5.56,5.56,13.02,13.02,13.02,13.02,14.88,14.88,14.88,14.88,0.00
United Kingdom,GBR,Northern Ireland,UK_NIR,STATE_TOTAL,20221108,0.00,,,,,,0.00,,,0.00,,,,,,0.00,,,0.00,,,,,,0.00,,,0.00,,,,,,0.00,,,0.00,,,,,,0.00,,,0.00,,,,,,0.00,,,0.00,,,,,,0.00,,,0.00,,,0.00,,0.00,,,0.00,,,,,,1.00,1,,1.00,,0.00,,,,0.00,,1.00,1,,,,,1.00,1,,5.00,1,,0.00,,,,,,0.00,,,,2,,3,,5-15 yrs,5-15 yrs,2,2,2,2,5,,0,,,,V,71.61,5.56,5.56,5.56,5.56,13.02,13.02,13.02,13.02,14.88,14.88,14.88,14.88,0.00
United Kingdom,GBR,Northern Ireland,UK_NIR,STATE_TOTAL,20221109,0.00,,,,,,0.00,,,0.00,,,,,,0.00,,,0.00,,,,,,0.00,,,0.00,,,,,,0.00,,,0.00,,,,,,0.00,,,0.00,,,,,,0.00,,,0.00,,,,,,0.00,,,0.00,,,0.00,,0.00,,,0.00,,,,,,1.00,1,,1.00,,0.00,,,,0.00,,1.00,1,,,,,1.00,1,,5.00,1,,0.00,,,,,,0.00,,,,2,,3,,5-15 yrs,5-15 yrs,2,2,2,2,5,,0,,,,V,71.61,5.56,5.56,5.56,5.56,13.02,13.02,13.02,13.02,14.88,14.88,14.88,14.88,0.00
United Kingdom,GBR,Northern Ireland,UK_NIR,STATE_TOTAL,20221110,0.00,,,,,,0.00,,,0.00,,,,,,0.00,,,0.00,,,,,,0.00,,,0.00,,,,,,0.00,,,0.00,,,,,,0.00,,,0.00,,,,,,0.00,,,0.00,,,,,,0.00,,,0.00,,,0.00,,0.00,,,0.00,,,,,,1.00,1,,1.00,,0.00,,,,0.00,,1.00,1,,,,,1.00,1,,5.00,1,,0.00,,,,,,0.00,,,,2,,3,,5-15 yrs,5-15 yrs,2,2,2,2,5,,0,,,,V,71.61,5.56,5.56,5.56,5.56,13.02,13.02,13.02,13.02,14.88,14.88,14.88,14.88,0.00
United Kingdom,GBR,Northern Ireland,UK_NIR,STATE_TOTAL,20221111,0.00,,,,,,0.00,,,0.00,,,,,,0.00,,,0.00,,,,,,0.00,,,0.00,,,,,,0.00,,,0.00,,,,,,0.00,,,0.00,,,,,,0.00,,,0.00,,,,,,0.00,,,0.00,,,0.00,,0.00,,,0.00,,,,,,1.00,1,,1.00,,0.00,,,,0.00,,1.00,1,,,,,1.00,1,,5.00,1,,0.00,,,,,,0.00,,,,2,,3,,5-15 yrs,5-15 yrs,2,2,2,2,5,,0,,,,V,71.61,5.56,5.56,5.56,5.56,13.02,13.02,13.02,13.02,14.88,14.88,14.88,14.88,0.00
United Kingdom,GBR,Northern Ireland,UK_NIR,STATE_TOTAL,20221112,0.00,,,,,,0.00,,,0.00,,,,,,0.00,,,0.00,,,,,,0.00,,,0.00,,,,,,0.00,,,0.00,,,,,,0.00,,,0.00,,,,,,0.00,,,0.00,,,,,,0.00,,,0.00,,,0.00,,0.00,,,0.00,,,,,,1.00,1,,1.00,,0.00,,,,0.00,,1.00,1,,,,,1.00,1,,5.00,1,,0.00,,,,,,0.00,,,,2,,3,,5-15 yrs,5-15 yrs,2,2,2,2,5,,0,,,,V,71.62,5.56,5.56,5.56,5.56,13.02,13.02,13.02,13.02,14.88,14.88,14.88,14.88,0.00
United Kingdom,GBR,Northern Ireland,UK_NIR,STATE_TOTAL,20221113,0.00,,,,,,0.00,,,0.00,,,,,,0.00,,,0.00,,,,,,0.00,,,0.00,,,,,,0.00,,,0.00,,,,,,0.00,,,0.00,,,,,,0.00,,,0.00,,,,,,0.00,,,0.00,,,0.00,,0.00,,,0.00,,,,,,1.00,1,,1.00,,0.00,,,,0.00,,1.00,1,,,,,1.00,1,,5.00,1,,0.00,,,,,,0.00,,,,2,,3,,5-15 yrs,5-15 yrs,2,2,2,2,5,,0,,,,V,71.62,5.56,5.56,5.56,5.56,13.02,13.02,13.02,13.02,14.88,14.88,14.88,14.88,0.00
United Kingdom,GBR,Northern Ireland,UK_NIR,STATE_TOTAL,20221114,0.00,,,,,,0.00,,,0.00,,,,,,0.00,,,0.00,,,,,,0.00,,,0.00,,,,,,0.00,,,0.00,,,,,,0.00,,,0.00,,,,,,0.00,,,0.00,,,,,,0.00,,,0.00,,,0.00,,0.00,,,0.00,,,,,,1.00,1,,1.00,,0.00,,,,0.00,,1.00,1,,,,,1.00,1,,5.00,1,,0.00,,,,,,0.00,,,,2,,3,,5-15 yrs,5-15 yrs,2,2,2,2,5,,0,,,,V,71.62,5.56,5.56,5.56,5.56,13.02,13.02,13.02,13.02,14.88,14.88,14.88,14.88,0.00
United Kingdom,GBR,Northern Ireland,UK_NIR,STATE_TOTAL,20221115,0.00,,,,,,0.00,,,0.00,,,,,,0.00,,,0.00,,,,,,0.00,,,0.00,,,,,,0.00,,,0.00,,,,,,0.00,,,0.00,,,,,,0.00,,,0.00,,,,,,0.00,,,0.00,,,0.00,,0.00,,,0.00,,,,,,1.00,1,,1.00,,0.00,,,,0.00,,1.00,1,,,,,1.00,1,,5.00,1,,0.00,,,,,,0.00,,,,2,,3,,5-15 yrs,5-15 yrs,2,2,2,2,5,,0,,,,V,71.62,5.56,5.56,5.56,5.56,13.02,13.02,13.02,13.02,14.88,14.88,14.88,14.88,0.00
United Kingdom,GBR,Northern Ireland,UK_NIR,STATE_TOTAL,20221116,0.00,,,,,,0.00,,,0.00,,,,,,0.00,,,0.00,,,,,,0.00,,,0.00,,,,,,0.00,,,0.00,,,,,,0.00,,,0.00,,,,,,0.00,,,0.00,,,,,,0.00,,,0.00,,,0.00,,0.00,,,0.00,,,,,,1.00,1,,1.00,,0.00,,,,0.00,,1.00,1,,,,,1.00,1,,5.00,1,,0.00,,,,,,0.00,,,,2,,3,,5-15 yrs,5-15 yrs,2,2,2,2,5,,0,,,,V,71.62,5.56,5.56,5.56,5.56,13.02,13.02,13.02,13.02,14.88,14.88,14.88,14.88,0.00
United Kingdom,GBR,Northern Ireland,UK_NIR,STATE_TOTAL,20221117,0.00,,,,,,0.00,,,0.00,,,,,,0.00,,,0.00,,,,,,0.00,,,0.00,,,,,,0.00,,,0.00,,,,,,0.00,,,0.00,,,,,,0.00,,,0.00,,,,,,0.00,,,0.00,,,0.00,,0.00,,,0.00,,,,,,1.00,1,,1.00,,0.00,,,,0.00,,1.00,1,,,,,1.00,1,,5.00,1,,0.00,,,,,,0.00,,,,2,,3,,5-15 yrs,5-15 yrs,2,2,2,2,5,,0,,,,V,71.62,5.56,5.56,5.56,5.56,13.02,13.02,13.02,13.02,14.88,14.88,14.88,14.88,0.00
United Kingdom,GBR,Northern Ireland,UK_NIR,STATE_TOTAL,20221118,0.00,,,,,,0.00,,,0.00,,,,,,0.00,,,0.00,,,,,,0.00,,,0.00,,,,,,0.00,,,0.00,,,,,,0.00,,,0.00,,,,,,0.00,,,0.00,,,,,,0.00,,,0.00,,,0.00,,0.00,,,0.00,,,,,,1.00,1,,1.00,,0.00,,,,0.00,,1.00,1,,,,,1.00,1,,5.00,1,,0.00,,,,,,0.00,,,,2,,3,,5-15 yrs,5-15 yrs,2,2,2,2,5,,0,,,,V,71.62,5.56,5.56,5.56,5.56,13.02,13.02,13.02,13.02,14.88,14.88,14.88,14.88,0.00
United Kingdom,GBR,Northern Ireland,UK_NIR,STATE_TOTAL,20221119,0.00,,,,,,0.00,,,0.00,,,,,,0.00,,,0.00,,,,,,0.00,,,0.00,,,,,,0.00,,,0.00,,,,,,0.00,,,0.00,,,,,,0.00,,,0.00,,,,,,0.00,,,0.00,,,0.00,,0.00,,,0.00,,,,,,1.00,1,,1.00,,0.00,,,,0.00,,1.00,1,,,,,1.00,1,,5.00,1,,0.00,,,,,,0.00,,,,2,,3,,5-15 yrs,5-15 yrs,2,2,2,2,5,,0,,,,V,71.63,5.56,5.56,5.56,5.56,13.02,13.02,13.02,13.02,14.88,14.88,14.88,14.88,0.00
United Kingdom,GBR,Northern Ireland,UK_NIR,STATE_TOTAL,20221120,0.00,,,,,,0.00,,,0.00,,,,,,0.00,,,0.00,,,,,,0.00,,,0.00,,,,,,0.00,,,0.00,,,,,,0.00,,,0.00,,,,,,0.00,,,0.00,,,,,,0.00,,,0.00,,,0.00,,0.00,,,0.00,,,,,,1.00,1,,1.00,,0.00,,,,0.00,,1.00,1,,,,,1.00,1,,5.00,1,,0.00,,,,,,0.00,,,,2,,3,,5-15 yrs,5-15 yrs,2,2,2,2,5,,0,,,,V,71.63,5.56,5.56,5.56,5.56,13.02,13.02,13.02,13.02,14.88,14.88,14.88,14.88,0.00
United Kingdom,GBR,Northern Ireland,UK_NIR,STATE_TOTAL,20221121,0.00,,,,,,0.00,,,0.00,,,,,,0.00,,,0.00,,,,,,0.00,,,0.00,,,,,,0.00,,,0.00,,,,,,0.00,,,0.00,,,,,,0.00,,,0.00,,,,,,0.00,,,0.00,,,0.00,,0.00,,,0.00,,,,,,1.00,1,,1.00,,0.00,,,,0.00,,1.00,1,,,,,1.00,1,,5.00,1,,0.00,,,,,,0.00,,,,2,,3,,5-15 yrs,5-15 yrs,2,2,2,2,5,,0,,,,V,71.63,5.56,5.56,5.56,5.56,13.02,13.02,13.02,13.02,14.88,14.88,14.88,14.88,0.00
United Kingdom,GBR,Northern Ireland,UK_NIR,STATE_TOTAL,20221122,0.00,,,,,,0.00,,,0.00,,,,,,0.00,,,0.00,,,,,,0.00,,,0.00,,,,,,0.00,,,0.00,,,,,,0.00,,,0.00,,,,,,0.00,,,0.00,,,,,,0.00,,,0.00,,,0.00,,0.00,,,0.00,,,,,,1.00,1,,1.00,,0.00,,,,0.00,,1.00,1,,,,,1.00,1,,5.00,1,,0.00,,,,,,0.00,,,,2,,3,,5-15 yrs,5-15 yrs,2,2,2,2,5,,0,,,,V,71.63,5.56,5.56,5.56,5.56,13.02,13.02,13.02,13.02,14.88,14.88,14.88,14.88,0.00
United Kingdom,GBR,Northern Ireland,UK_NIR,STATE_TOTAL,20221123,0.00,,,,,,0.00,,,0.00,,,,,,0.00,,,0.00,,,,,,0.00,,,0.00,,,,,,0.00,,,0.00,,,,,,0.00,,,0.00,,,,,,0.00,,,0.00,,,,,,0.00,,,0.00,,,0.00,,0.00,,,0.00,,,,,,1.00,1,,1.00,,0.00,,,,0.00,,1.00,1,,,,,1.00,1,,5.00,1,,0.00,,,,,,0.00,,,,2,,3,,5-15 yrs,5-15 yrs,2,2,2,2,5,,0,,,,V,71.63,5.56,5.56,5.56,5.56,13.02,13.02,13.02,13.02,14.88,14.88,14.88,14.88,0.00
United Kingdom,GBR,Northern Ireland,UK_NIR,STATE_TOTAL,20221124,0.00,,,,,,0.00,,,0.00,,,,,,0.00,,,0.00,,,,,,0.00,,,0.00,,,,,,0.00,,,0.00,,,,,,0.00,,,0.00,,,,,,0.00,,,0.00,,,,,,0.00,,,0.00,,,0.00,,0.00,,,0.00,,,,,,1.00,1,,1.00,,0.00,,,,0.00,,1.00,1,,,,,1.00,1,,5.00,1,,0.00,,,,,,0.00,,,,2,,3,,5-15 yrs,5-15 yrs,2,2,2,2,5,,0,,,,V,71.63,5.56,5.56,5.56,5.56,13.02,13.02,13.02,13.02,14.88,14.88,14.88,14.88,0.00
United Kingdom,GBR,Northern Ireland,UK_NIR,STATE_TOTAL,20221125,0.00,,,,,,0.00,,,0.00,,,,,,0.00,,,0.00,,,,,,0.00,,,0.00,,,,,,0.00,,,0.00,,,,,,0.00,,,0.00,,,,,,0.00,,,0.00,,,,,,0.00,,,0.00,,,0.00,,0.00,,,0.00,,,,,,1.00,1,,1.00,,0.00,,,,0.00,,1.00,1,,,,,1.00,1,,5.00,1,,0.00,,,,,,0.00,,,,2,,3,,5-15 yrs,5-15 yrs,2,2,2,2,5,,0,,,,V,71.63,5.56,5.56,5.56,5.56,13.02,13.02,13.02,13.02,14.88,14.88,14.88,14.88,0.00
United Kingdom,GBR,Northern Ireland,UK_NIR,STATE_TOTAL,20221126,0.00,,,,,,0.00,,,0.00,,,,,,0.00,,,0.00,,,,,,0.00,,,0.00,,,,,,0.00,,,0.00,,,,,,0.00,,,0.00,,,,,,0.00,,,0.00,,,,,,0.00,,,0.00,,,0.00,,0.00,,,0.00,,,,,,1.00,1,,1.00,,0.00,,,,0.00,,1.00,1,,,,,1.00,1,,5.00,1,,0.00,,,,,,0.00,,,,2,,3,,5-15 yrs,5-15 yrs,2,2,2,2,5,,0,,,,V,71.63,5.56,5.56,5.56,5.56,13.02,13.02,13.02,13.02,14.88,14.88,14.88,14.88,0.00
United Kingdom,GBR,Northern Ireland,UK_NIR,STATE_TOTAL,20221127,0.00,,,,,,0.00,,,0.00,,,,,,0.00,,,0.00,,,,,,0.00,,,0.00,,,,,,0.00,,,0.00,,,,,,0.00,,,0.00,,,,,,0.00,,,0.00,,,,,,0.00,,,0.00,,,0.00,,0.00,,,0.00,,,,,,1.00,1,,1.00,,0.00,,,,0.00,,1.00,1,,,,,1.00,1,,5.00,1,,0.00,,,,,,0.00,,,,2,,3,,5-15 yrs,5-15 yrs,2,2,2,2,5,,0,,,,V,71.63,5.56,5.56,5.56,5.56,13.02,13.02,13.02,13.02,14.88,14.88,14.88,14.88,0.00
United Kingdom,GBR,Northern Ireland,UK_NIR,STATE_TOTAL,20221128,0.00,,,,,,0.00,,,0.00,,,,,,0.00,,,0.00,,,,,,0.00,,,0.00,,,,,,0.00,,,0.00,,,,,,0.00,,,0.00,,,,,,0.00,,,0.00,,,,,,0.00,,,0.00,,,0.00,,0.00,,,0.00,,,,,,1.00,1,,1.00,,0.00,,,,0.00,,1.00,1,,,,,1.00,1,,5.00,1,,0.00,,,,,,0.00,,,,2,,3,,5-15 yrs,5-15 yrs,2,2,2,2,5,,0,,,,V,71.63,5.56,5.56,5.56,5.56,13.02,13.02,13.02,13.02,14.88,14.88,14.88,14.88,0.00
United Kingdom,GBR,Northern Ireland,UK_NIR,STATE_TOTAL,20221129,0.00,,,,,,0.00,,,0.00,,,,,,0.00,,,0.00,,,,,,0.00,,,0.00,,,,,,0.00,,,0.00,,,,,,0.00,,,0.00,,,,,,0.00,,,0.00,,,,,,0.00,,,0.00,,,0.00,,0.00,,,0.00,,,,,,1.00,1,,1.00,,0.00,,,,0.00,,1.00,1,,,,,1.00,1,,5.00,1,,0.00,,,,,,0.00,,,,2,,3,,5-15 yrs,5-15 yrs,2,2,2,2,5,,0,,,,V,71.63,5.56,5.56,5.56,5.56,13.02,13.02,13.02,13.02,14.88,14.88,14.88,14.88,0.00
United Kingdom,GBR,Northern Ireland,UK_NIR,STATE_TOTAL,20221130,0.00,,,,,,0.00,,,0.00,,,,,,0.00,,,0.00,,,,,,0.00,,,0.00,,,,,,0.00,,,0.00,,,,,,0.00,,,0.00,,,,,,0.00,,,0.00,,,,,,0.00,,,0.00,,,0.00,,0.00,,,0.00,,,,,,1.00,1,,1.00,,0.00,,,,0.00,,1.00,1,,,,,1.00,1,,5.00,1,,0.00,,,,,,0.00,,,,2,,3,,5-15 yrs,5-15 yrs,2,2,2,2,5,,0,,,,V,71.63,5.56,5.56,5.56,5.56,13.02,13.02,13.02,13.02,14.88,14.88,14.88,14.88,0.00
United Kingdom,GBR,Northern Ireland,UK_NIR,STATE_TOTAL,20221201,0.00,,,,,,0.00,,,0.00,,,,,,0.00,,,0.00,,,,,,0.00,,,0.00,,,,,,0.00,,,0.00,,,,,,0.00,,,0.00,,,,,,0.00,,,0.00,,,,,,0.00,,,0.00,,,0.00,,0.00,,,0.00,,,,,,1.00,1,,1.00,,0.00,,,,0.00,,1.00,1,,,,,1.00,1,,5.00,1,,0.00,,,,,,0.00,,,,2,,3,,5-15 yrs,5-15 yrs,2,2,2,2,5,,0,,,,V,71.63,5.56,5.56,5.56,5.56,13.02,13.02,13.02,13.02,14.88,14.88,14.88,14.88,0.00
United Kingdom,GBR,Northern Ireland,UK_NIR,STATE_TOTAL,20221202,0.00,,,,,,0.00,,,0.00,,,,,,0.00,,,0.00,,,,,,0.00,,,0.00,,,,,,0.00,,,0.00,,,,,,0.00,,,0.00,,,,,,0.00,,,0.00,,,,,,0.00,,,0.00,,,0.00,,0.00,,,0.00,,,,,,1.00,1,,1.00,,0.00,,,,0.00,,1.00,1,,,,,1.00,1,,5.00,1,,0.00,,,,,,0.00,,,,2,,3,,5-15 yrs,5-15 yrs,2,2,2,2,5,,0,,,,V,71.63,5.56,5.56,5.56,5.56,13.02,13.02,13.02,13.02,14.88,14.88,14.88,14.88,0.00
United Kingdom,GBR,Northern Ireland,UK_NIR,STATE_TOTAL,20221203,0.00,,,,,,0.00,,,0.00,,,,,,0.00,,,0.00,,,,,,0.00,,,0.00,,,,,,0.00,,,0.00,,,,,,0.00,,,0.00,,,,,,0.00,,,0.00,,,,,,0.00,,,0.00,,,0.00,,0.00,,,0.00,,,,,,1.00,1,,1.00,,0.00,,,,0.00,,1.00,1,,,,,1.00,1,,5.00,1,,0.00,,,,,,0.00,,,,2,,3,,5-15 yrs,5-15 yrs,2,2,2,2,5,,0,,,,V,71.63,5.56,5.56,5.56,5.56,13.02,13.02,13.02,13.02,14.88,14.88,14.88,14.88,0.00
United Kingdom,GBR,Northern Ireland,UK_NIR,STATE_TOTAL,20221204,0.00,,,,,,0.00,,,0.00,,,,,,0.00,,,0.00,,,,,,0.00,,,0.00,,,,,,0.00,,,0.00,,,,,,0.00,,,0.00,,,,,,0.00,,,0.00,,,,,,0.00,,,0.00,,,0.00,,0.00,,,0.00,,,,,,1.00,1,,1.00,,0.00,,,,0.00,,1.00,1,,,,,1.00,1,,5.00,1,,0.00,,,,,,0.00,,,,2,,3,,5-15 yrs,5-15 yrs,2,2,2,2,5,,0,,,,V,71.63,5.56,5.56,5.56,5.56,13.02,13.02,13.02,13.02,14.88,14.88,14.88,14.88,0.00
United Kingdom,GBR,Northern Ireland,UK_NIR,STATE_TOTAL,20221205,0.00,,,,,,0.00,,,0.00,,,,,,0.00,,,0.00,,,,,,0.00,,,0.00,,,,,,0.00,,,0.00,,,,,,0.00,,,0.00,,,,,,0.00,,,0.00,,,,,,0.00,,,0.00,,,0.00,,0.00,,,0.00,,,,,,1.00,1,,1.00,,0.00,,,,0.00,,1.00,1,,,,,1.00,1,,5.00,1,,0.00,,,,,,0.00,,,,2,,3,,5-15 yrs,5-15 yrs,2,2,2,2,5,,0,,,,V,71.63,5.56,5.56,5.56,5.56,13.02,13.02,13.02,13.02,14.88,14.88,14.88,14.88,0.00
United Kingdom,GBR,Northern Ireland,UK_NIR,STATE_TOTAL,20221206,0.00,,,,,,0.00,,,0.00,,,,,,0.00,,,0.00,,,,,,0.00,,,0.00,,,,,,0.00,,,0.00,,,,,,0.00,,,0.00,,,,,,0.00,,,0.00,,,,,,0.00,,,0.00,,,0.00,,0.00,,,0.00,,,,,,1.00,1,,1.00,,0.00,,,,0.00,,1.00,1,,,,,1.00,1,,5.00,1,,0.00,,,,,,0.00,,,,2,,3,,5-15 yrs,5-15 yrs,2,2,2,2,5,,0,,,,V,71.64,5.56,5.56,5.56,5.56,13.02,13.02,13.02,13.02,14.88,14.88,14.88,14.88,0.00
United Kingdom,GBR,Northern Ireland,UK_NIR,STATE_TOTAL,20221207,0.00,,,,,,0.00,,,0.00,,,,,,0.00,,,0.00,,,,,,0.00,,,0.00,,,,,,0.00,,,0.00,,,,,,0.00,,,0.00,,,,,,0.00,,,0.00,,,,,,0.00,,,0.00,,,0.00,,0.00,,,0.00,,,,,,1.00,1,,1.00,,0.00,,,,0.00,,1.00,1,,,,,1.00,1,,5.00,1,,0.00,,,,,,0.00,,,,2,,3,,5-15 yrs,5-15 yrs,2,2,2,2,5,,0,,,,V,71.64,5.56,5.56,5.56,5.56,13.02,13.02,13.02,13.02,14.88,14.88,14.88,14.88,0.00
United Kingdom,GBR,Northern Ireland,UK_NIR,STATE_TOTAL,20221208,0.00,,,,,,0.00,,,0.00,,,,,,0.00,,,0.00,,,,,,0.00,,,0.00,,,,,,0.00,,,0.00,,,,,,0.00,,,0.00,,,,,,0.00,,,0.00,,,,,,0.00,,,0.00,,,0.00,,0.00,,,0.00,,,,,,1.00,1,,1.00,,0.00,,,,0.00,,1.00,1,,,,,1.00,1,,5.00,1,,0.00,,,,,,0.00,,,,2,,3,,5-15 yrs,5-15 yrs,2,2,2,2,5,,0,,,,V,71.64,5.56,5.56,5.56,5.56,13.02,13.02,13.02,13.02,14.88,14.88,14.88,14.88,0.00
United Kingdom,GBR,Northern Ireland,UK_NIR,STATE_TOTAL,20221209,0.00,,,,,,0.00,,,0.00,,,,,,0.00,,,0.00,,,,,,0.00,,,0.00,,,,,,0.00,,,0.00,,,,,,0.00,,,0.00,,,,,,0.00,,,0.00,,,,,,0.00,,,0.00,,,0.00,,0.00,,,0.00,,,,,,1.00,1,,1.00,,0.00,,,,0.00,,1.00,1,,,,,1.00,1,,5.00,1,,0.00,,,,,,0.00,,,,2,,3,,5-15 yrs,5-15 yrs,2,2,2,2,5,,0,,,,V,71.64,5.56,5.56,5.56,5.56,13.02,13.02,13.02,13.02,14.88,14.88,14.88,14.88,0.00
United Kingdom,GBR,Northern Ireland,UK_NIR,STATE_TOTAL,20221210,0.00,,,,,,0.00,,,0.00,,,,,,0.00,,,0.00,,,,,,0.00,,,0.00,,,,,,0.00,,,0.00,,,,,,0.00,,,0.00,,,,,,0.00,,,0.00,,,,,,0.00,,,0.00,,,0.00,,0.00,,,0.00,,,,,,1.00,1,,1.00,,0.00,,,,0.00,,1.00,1,,,,,1.00,1,,5.00,1,,0.00,,,,,,0.00,,,,2,,3,,5-15 yrs,5-15 yrs,2,2,2,2,5,,0,,,,V,71.64,5.56,5.56,5.56,5.56,13.02,13.02,13.02,13.02,14.88,14.88,14.88,14.88,0.00
United Kingdom,GBR,Northern Ireland,UK_NIR,STATE_TOTAL,20221211,0.00,,,,,,0.00,,,0.00,,,,,,0.00,,,0.00,,,,,,0.00,,,0.00,,,,,,0.00,,,0.00,,,,,,0.00,,,0.00,,,,,,0.00,,,0.00,,,,,,0.00,,,0.00,,,0.00,,0.00,,,0.00,,,,,,1.00,1,,1.00,,0.00,,,,0.00,,1.00,1,,,,,1.00,1,,5.00,1,,0.00,,,,,,0.00,,,,2,,3,,5-15 yrs,5-15 yrs,2,2,2,2,5,,0,,,,V,71.64,5.56,5.56,5.56,5.56,13.02,13.02,13.02,13.02,14.88,14.88,14.88,14.88,0.00
United Kingdom,GBR,Northern Ireland,UK_NIR,STATE_TOTAL,20221212,0.00,,,,,,0.00,,,0.00,,,,,,0.00,,,0.00,,,,,,0.00,,,0.00,,,,,,0.00,,,0.00,,,,,,0.00,,,0.00,,,,,,0.00,,,0.00,,,,,,0.00,,,0.00,,,0.00,,0.00,,,0.00,,,,,,1.00,1,,1.00,,0.00,,,,0.00,,1.00,1,,,,,1.00,1,,5.00,1,,0.00,,,,,,0.00,,,,2,,3,,5-15 yrs,5-15 yrs,2,2,2,2,5,,0,,,,V,71.72,5.56,5.56,5.56,5.56,13.02,13.02,13.02,13.02,14.88,14.88,14.88,14.88,0.00
United Kingdom,GBR,Northern Ireland,UK_NIR,STATE_TOTAL,20221213,0.00,,,,,,0.00,,,0.00,,,,,,0.00,,,0.00,,,,,,0.00,,,0.00,,,,,,0.00,,,0.00,,,,,,0.00,,,0.00,,,,,,0.00,,,0.00,,,,,,0.00,,,0.00,,,0.00,,0.00,,,0.00,,,,,,1.00,1,,1.00,,0.00,,,,0.00,,1.00,1,,,,,1.00,1,,5.00,1,,0.00,,,,,,0.00,,,,2,,3,,5-15 yrs,5-15 yrs,2,2,2,2,5,,0,,,,V,71.72,5.56,5.56,5.56,5.56,13.02,13.02,13.02,13.02,14.88,14.88,14.88,14.88,0.00
United Kingdom,GBR,Northern Ireland,UK_NIR,STATE_TOTAL,20221214,0.00,,,,,,0.00,,,0.00,,,,,,0.00,,,0.00,,,,,,0.00,,,0.00,,,,,,0.00,,,0.00,,,,,,0.00,,,0.00,,,,,,0.00,,,0.00,,,,,,0.00,,,0.00,,,0.00,,0.00,,,0.00,,,,,,1.00,1,,1.00,,0.00,,,,0.00,,1.00,1,,,,,1.00,1,,5.00,1,,0.00,,,,,,0.00,,,,2,,3,,5-15 yrs,5-15 yrs,2,2,2,2,5,,0,,,,V,71.72,5.56,5.56,5.56,5.56,13.02,13.02,13.02,13.02,14.88,14.88,14.88,14.88,0.00
United Kingdom,GBR,Northern Ireland,UK_NIR,STATE_TOTAL,20221215,0.00,,,,,,0.00,,,0.00,,,,,,0.00,,,0.00,,,,,,0.00,,,0.00,,,,,,0.00,,,0.00,,,,,,0.00,,,0.00,,,,,,0.00,,,0.00,,,,,,0.00,,,0.00,,,0.00,,0.00,,,0.00,,,,,,1.00,1,,1.00,,0.00,,,,0.00,,1.00,1,,,,,1.00,1,,5.00,1,,0.00,,,,,,0.00,,,,2,,3,,5-15 yrs,5-15 yrs,2,2,2,2,5,,0,,,,V,71.72,5.56,5.56,5.56,5.56,13.02,13.02,13.02,13.02,14.88,14.88,14.88,14.88,0.00
United Kingdom,GBR,Northern Ireland,UK_NIR,STATE_TOTAL,20221216,0.00,,,,,,0.00,,,0.00,,,,,,0.00,,,0.00,,,,,,0.00,,,0.00,,,,,,0.00,,,0.00,,,,,,0.00,,,0.00,,,,,,0.00,,,0.00,,,,,,0.00,,,0.00,,,0.00,,0.00,,,0.00,,,,,,1.00,1,,1.00,,0.00,,,,0.00,,1.00,1,,,,,1.00,1,,5.00,1,,0.00,,,,,,0.00,,,,2,,3,,5-15 yrs,5-15 yrs,2,2,2,2,5,,0,,,,V,71.72,5.56,5.56,5.56,5.56,13.02,13.02,13.02,13.02,14.88,14.88,14.88,14.88,0.00
United Kingdom,GBR,Northern Ireland,UK_NIR,STATE_TOTAL,20221217,0.00,,,,,,0.00,,,0.00,,,,,,0.00,,,0.00,,,,,,0.00,,,0.00,,,,,,0.00,,,0.00,,,,,,0.00,,,0.00,,,,,,0.00,,,0.00,,,,,,0.00,,,0.00,,,0.00,,0.00,,,0.00,,,,,,1.00,1,,1.00,,0.00,,,,0.00,,1.00,1,,,,,1.00,1,,5.00,1,,0.00,,,,,,0.00,,,,2,,3,,5-15 yrs,5-15 yrs,2,2,2,2,5,,0,,,,V,71.72,5.56,5.56,5.56,5.56,13.02,13.02,13.02,13.02,14.88,14.88,14.88,14.88,0.00
United Kingdom,GBR,Northern Ireland,UK_NIR,STATE_TOTAL,20221218,0.00,,,,,,0.00,,,0.00,,,,,,0.00,,,0.00,,,,,,0.00,,,0.00,,,,,,0.00,,,0.00,,,,,,0.00,,,0.00,,,,,,0.00,,,0.00,,,,,,0.00,,,0.00,,,0.00,,0.00,,,0.00,,,,,,1.00,1,,1.00,,0.00,,,,0.00,,1.00,1,,,,,1.00,1,,5.00,1,,0.00,,,,,,0.00,,,,2,,3,,5-15 yrs,5-15 yrs,2,2,2,2,5,,0,,,,V,71.72,5.56,5.56,5.56,5.56,13.02,13.02,13.02,13.02,14.88,14.88,14.88,14.88,0.00
United Kingdom,GBR,Northern Ireland,UK_NIR,STATE_TOTAL,20221219,0.00,,,,,,0.00,,,0.00,,,,,,0.00,,,0.00,,,,,,0.00,,,0.00,,,,,,0.00,,,0.00,,,,,,0.00,,,0.00,,,,,,0.00,,,0.00,,,,,,0.00,,,0.00,,,0.00,,0.00,,,0.00,,,,,,1.00,1,,1.00,,0.00,,,,0.00,,1.00,1,,,,,1.00,1,,5.00,1,,0.00,,,,,,0.00,,,,2,,3,,5-15 yrs,5-15 yrs,2,2,2,2,5,,0,,,,V,71.72,5.56,5.56,5.56,5.56,13.02,13.02,13.02,13.02,14.88,14.88,14.88,14.88,0.00
United Kingdom,GBR,Northern Ireland,UK_NIR,STATE_TOTAL,20221220,0.00,,,,,,0.00,,,0.00,,,,,,0.00,,,0.00,,,,,,0.00,,,0.00,,,,,,0.00,,,0.00,,,,,,0.00,,,0.00,,,,,,0.00,,,0.00,,,,,,0.00,,,0.00,,,0.00,,0.00,,,0.00,,,,,,1.00,1,,1.00,,0.00,,,,0.00,,1.00,1,,,,,1.00,1,,5.00,1,,0.00,,,,,,0.00,,,,2,,3,,5-15 yrs,5-15 yrs,2,2,2,2,5,,0,,,,V,71.72,5.56,5.56,5.56,5.56,13.02,13.02,13.02,13.02,14.88,14.88,14.88,14.88,0.00
United Kingdom,GBR,Northern Ireland,UK_NIR,STATE_TOTAL,20221221,0.00,,,,,,0.00,,,0.00,,,,,,0.00,,,0.00,,,,,,0.00,,,0.00,,,,,,0.00,,,0.00,,,,,,0.00,,,0.00,,,,,,0.00,,,0.00,,,,,,0.00,,,0.00,,,0.00,,0.00,,,0.00,,,,,,1.00,1,,1.00,,0.00,,,,0.00,,1.00,1,,,,,1.00,1,,5.00,1,,0.00,,,,,,0.00,,,,2,,3,,5-15 yrs,5-15 yrs,2,2,2,2,5,,0,,,,V,71.72,5.56,5.56,5.56,5.56,13.02,13.02,13.02,13.02,14.88,14.88,14.88,14.88,0.00
United Kingdom,GBR,Northern Ireland,UK_NIR,STATE_TOTAL,20221222,0.00,,,,,,0.00,,,0.00,,,,,,0.00,,,0.00,,,,,,0.00,,,0.00,,,,,,0.00,,,0.00,,,,,,0.00,,,0.00,,,,,,0.00,,,0.00,,,,,,0.00,,,0.00,,,0.00,,0.00,,,0.00,,,,,,1.00,1,,1.00,,0.00,,,,0.00,,1.00,1,,,,,1.00,1,,5.00,1,,0.00,,,,,,0.00,,,,2,,3,,5-15 yrs,5-15 yrs,2,2,2,2,5,,0,,,,V,71.72,5.56,5.56,5.56,5.56,13.02,13.02,13.02,13.02,14.88,14.88,14.88,14.88,0.00
United Kingdom,GBR,Northern Ireland,UK_NIR,STATE_TOTAL,20221223,0.00,,,,,,0.00,,,0.00,,,,,,0.00,,,0.00,,,,,,0.00,,,0.00,,,,,,0.00,,,0.00,,,,,,0.00,,,0.00,,,,,,0.00,,,0.00,,,,,,0.00,,,0.00,,,0.00,,0.00,,,0.00,,,,,,1.00,1,,1.00,,0.00,,,,0.00,,1.00,1,,,,,1.00,1,,5.00,1,,0.00,,,,,,0.00,,,,2,,3,,5-15 yrs,5-15 yrs,2,2,2,2,5,,0,,,,V,71.72,5.56,5.56,5.56,5.56,13.02,13.02,13.02,13.02,14.88,14.88,14.88,14.88,0.00
United Kingdom,GBR,Northern Ireland,UK_NIR,STATE_TOTAL,20221224,0.00,,,,,,0.00,,,0.00,,,,,,0.00,,,0.00,,,,,,0.00,,,0.00,,,,,,0.00,,,0.00,,,,,,0.00,,,0.00,,,,,,0.00,,,0.00,,,,,,0.00,,,0.00,,,0.00,,0.00,,,0.00,,,,,,1.00,1,,1.00,,0.00,,,,0.00,,1.00,1,,,,,1.00,1,,5.00,1,,0.00,,,,,,0.00,,,,2,,3,,5-15 yrs,5-15 yrs,2,2,2,2,5,,0,,,,V,71.72,5.56,5.56,5.56,5.56,13.02,13.02,13.02,13.02,14.88,14.88,14.88,14.88,0.00
United Kingdom,GBR,Northern Ireland,UK_NIR,STATE_TOTAL,20221225,0.00,,,,,,0.00,,,0.00,,,,,,0.00,,,0.00,,,,,,0.00,,,0.00,,,,,,0.00,,,0.00,,,,,,0.00,,,0.00,,,,,,0.00,,,0.00,,,,,,0.00,,,0.00,,,0.00,,0.00,,,0.00,,,,,,1.00,1,,1.00,,0.00,,,,0.00,,1.00,1,,,,,1.00,1,,5.00,1,,0.00,,,,,,0.00,,,,2,,3,,5-15 yrs,5-15 yrs,2,2,2,2,5,,0,,,,V,71.72,5.56,5.56,5.56,5.56,13.02,13.02,13.02,13.02,14.88,14.88,14.88,14.88,0.00
United Kingdom,GBR,Northern Ireland,UK_NIR,STATE_TOTAL,20221226,0.00,,,,,,0.00,,,0.00,,,,,,0.00,,,0.00,,,,,,0.00,,,0.00,,,,,,0.00,,,0.00,,,,,,0.00,,,0.00,,,,,,0.00,,,0.00,,,,,,0.00,,,0.00,,,0.00,,0.00,,,0.00,,,,,,1.00,1,,1.00,,0.00,,,,0.00,,1.00,1,,,,,1.00,1,,5.00,1,,0.00,,,,,,0.00,,,,2,,3,,5-15 yrs,5-15 yrs,2,2,2,2,5,,0,,,,V,71.72,5.56,5.56,5.56,5.56,13.02,13.02,13.02,13.02,14.88,14.88,14.88,14.88,0.00
United Kingdom,GBR,Northern Ireland,UK_NIR,STATE_TOTAL,20221227,0.00,,,,,,0.00,,,0.00,,,,,,0.00,,,0.00,,,,,,0.00,,,0.00,,,,,,0.00,,,0.00,,,,,,0.00,,,0.00,,,,,,0.00,,,0.00,,,,,,0.00,,,0.00,,,0.00,,0.00,,,0.00,,,,,,1.00,1,,1.00,,0.00,,,,0.00,,1.00,1,,,,,1.00,1,,5.00,1,,0.00,,,,,,0.00,,,,2,,3,,5-15 yrs,5-15 yrs,2,2,2,2,5,,0,,,,V,71.72,5.56,5.56,5.56,5.56,13.02,13.02,13.02,13.02,14.88,14.88,14.88,14.88,0.00
United Kingdom,GBR,Northern Ireland,UK_NIR,STATE_TOTAL,20221228,0.00,,,,,,0.00,,,0.00,,,,,,0.00,,,0.00,,,,,,0.00,,,0.00,,,,,,0.00,,,0.00,,,,,,0.00,,,0.00,,,,,,0.00,,,0.00,,,,,,0.00,,,0.00,,,0.00,,0.00,,,0.00,,,,,,1.00,1,,1.00,,0.00,,,,0.00,,1.00,1,,,,,1.00,1,,5.00,1,,0.00,,,,,,0.00,,,,2,,3,,5-15 yrs,5-15 yrs,2,2,2,2,5,,0,,,,V,71.72,5.56,5.56,5.56,5.56,13.02,13.02,13.02,13.02,14.88,14.88,14.88,14.88,0.00
United Kingdom,GBR,Northern Ireland,UK_NIR,STATE_TOTAL,20221229,0.00,,,,,,0.00,,,0.00,,,,,,0.00,,,0.00,,,,,,0.00,,,0.00,,,,,,0.00,,,0.00,,,,,,0.00,,,0.00,,,,,,0.00,,,0.00,,,,,,0.00,,,0.00,,,0.00,,0.00,,,0.00,,,,,,1.00,1,,1.00,,0.00,,,,0.00,,1.00,1,,,,,1.00,1,,5.00,1,,0.00,,,,,,0.00,,,,2,,3,,5-15 yrs,5-15 yrs,2,2,2,2,5,,0,,,,V,71.72,5.56,5.56,5.56,5.56,13.02,13.02,13.02,13.02,14.88,14.88,14.88,14.88,0.00
United Kingdom,GBR,Northern Ireland,UK_NIR,STATE_TOTAL,20221230,0.00,,,,,,0.00,,,0.00,,,,,,0.00,,,0.00,,,,,,0.00,,,0.00,,,,,,0.00,,,0.00,,,,,,0.00,,,0.00,,,,,,0.00,,,0.00,,,,,,0.00,,,0.00,,,0.00,,0.00,,,0.00,,,,,,1.00,1,,1.00,,0.00,,,,0.00,,1.00,1,,,,,1.00,1,,5.00,1,,0.00,,,,,,0.00,,,,2,,3,,5-15 yrs,5-15 yrs,2,2,2,2,5,,0,,,,V,71.72,5.56,5.56,5.56,5.56,13.02,13.02,13.02,13.02,14.88,14.88,14.88,14.88,0.00
United Kingdom,GBR,Northern Ireland,UK_NIR,STATE_TOTAL,20221231,0.00,,,,,,0.00,,,0.00,,,,,,0.00,,,0.00,,,,,,0.00,,,0.00,,,,,,0.00,,,0.00,,,,,,0.00,,,0.00,,,,,,0.00,,,0.00,,,,,,0.00,,,0.00,,,0.00,,0.00,,,0.00,,,,,,1.00,1,,1.00,,0.00,,,,0.00,,1.00,1,,,,,1.00,1,,5.00,1,,0.00,,,,,,0.00,,,,2,,3,,5-15 yrs,5-15 yrs,2,2,2,2,5,,0,,,,V,71.72,5.56,5.56,5.56,5.56,13.02,13.02,13.02,13.02,14.88,14.88,14.88,14.88,0.00
United Kingdom,GBR,Scotland,UK_SCO,STATE_TOTAL,20220101,1.00,1,,,,,1.00,1,,,,2.00,1,1.00,1,1.00,1,,,,2.00,1,1.00,1,1.00,1,,3.00,1,,,,,3.00,1,,0.00,,,,,,0.00,,,0.00,,,,,,0.00,,,0.00,,,,,,0.00,,,,2.00,1.00,1.00,,1.00,0,,1.00,,,,,,2.00,1,,3.00,,1.00,,,,0.00,,2.00,1,,,,,2.00,1,,5.00,1,,2.00,1,,,,,2.00,1,,,2,"Vaccines are universally available and focus is on providing booster doses:    As of 27 March 2022, there has been over 11.9 million Covid-19 vaccine doses  administered in Scotland since the programme began on 08 December 2020. As part  of PHS’s continuous review of reporting, some revisions to vaccine uptake statistics  have been made. From 24 March 2022, the deceased and those no longer living in  Scotland have been removed from vaccine uptake statistics. Further details can be  found here.  • 4.35 million people protected through their first dose of the COVID-19  vaccination: 91.8% of those aged 18 and over and 90.4% of those aged 12  and over  • 4.09 million people provided with further protection by receiving their second  dose, of these, 88.6% are aged 18 and over and 85.5% of those aged 12 and  over  • 3.45 million people have received their dose 3, of these, 77.4% are aged over  18 and over and 72.1% of those aged 12 and over  • 63,193 people have received their dose 4 of the COVID-19 vaccination    https://web.archive.org/web/20230207070134/https://www.publichealthscotland.scot/media/12415/22-03-30-covid19-winter_publication_report.pdf",3,,5-15 yrs,5-15 yrs,2,2,2,2,5,,1,,931852,9866,V,73.49,47.22,35.19,41.21,38.38,54.17,47.40,50.78,49.19,56.55,48.81,52.68,50.86,37.50
United Kingdom,GBR,Scotland,UK_SCO,STATE_TOTAL,20220102,1.00,1,,,,,1.00,1,,,,2.00,1,1.00,1,1.00,1,,,,2.00,1,1.00,1,1.00,1,,3.00,1,,,,,3.00,1,,0.00,,,,,,0.00,,,0.00,,,,,,0.00,,,0.00,,,,,,0.00,,,,2.00,1.00,1.00,,1.00,0,,1.00,,,,,,2.00,1,,3.00,,1.00,,,,0.00,,2.00,1,,,,,2.00,1,,5.00,1,,2.00,1,,,,,2.00,1,,,2,,3,,5-15 yrs,5-15 yrs,2,2,2,2,5,,1,,945871,9866,V,73.49,47.22,35.19,41.21,38.38,54.17,47.40,50.78,49.19,56.55,48.81,52.68,50.86,37.50
United Kingdom,GBR,Scotland,UK_SCO,STATE_TOTAL,20220103,1.00,1,,,,,1.00,1,,,,2.00,1,1.00,1,1.00,1,,,,2.00,1,1.00,1,1.00,1,,3.00,1,,,,,3.00,1,,0.00,,,,,,0.00,,,0.00,,,,,,0.00,,,0.00,,,,,,0.00,,,,2.00,1.00,1.00,,1.00,0,,1.00,,,,,,2.00,1,,3.00,,1.00,,,,0.00,,2.00,1,,,,,2.00,1,,5.00,1,,2.00,1,,,,,2.00,1,,,2,,3,,5-15 yrs,5-15 yrs,2,2,2,2,5,,1,,966027,9866,V,73.60,47.22,35.19,41.21,38.37,54.17,47.40,50.78,49.19,56.55,48.81,52.68,50.85,37.50
United Kingdom,GBR,Scotland,UK_SCO,STATE_TOTAL,20220104,1.00,1,,,,,1.00,1,,,,2.00,1,1.00,1,1.00,1,,,,2.00,1,1.00,1,1.00,1,,3.00,1,,,,,3.00,1,,0.00,,,,,,0.00,,,0.00,,,,,,0.00,,,0.00,,,,,,0.00,,,,2.00,1.00,1.00,,1.00,0,,1.00,,,,,,2.00,1,,3.00,,1.00,,,,0.00,,2.00,1,,,,,2.00,1,,5.00,1,,2.00,1,,,,,2.00,1,,,2,,3,,5-15 yrs,5-15 yrs,2,2,2,2,5,,1,,983270,9867,V,73.67,47.22,35.19,41.21,38.36,54.17,47.40,50.78,49.18,56.55,48.81,52.68,50.85,37.50
United Kingdom,GBR,Scotland,UK_SCO,STATE_TOTAL,20220105,1.00,1,,,,,1.00,1,,,,2.00,1,1.00,1,1.00,1,,,,2.00,1,1.00,1,1.00,1,,3.00,1,,,,,3.00,1,,0.00,,,,,,0.00,,,0.00,,,,,,0.00,,,0.00,,,,,,0.00,,,,2.00,1.00,1.00,,1.00,0,,1.00,,,,,,2.00,1,,3.00,,1.00,,,,0.00,,2.00,1,,,,,2.00,1,,5.00,1,,2.00,1,,,,,2.00,1,,,2,,3,,5-15 yrs,5-15 yrs,2,2,2,2,5,,1,,999324,9872,V,73.80,47.22,35.19,41.21,38.34,54.17,47.40,50.78,49.17,56.55,48.81,52.68,50.84,37.50
United Kingdom,GBR,Scotland,UK_SCO,STATE_TOTAL,20220106,1.00,1,,,,,1.00,1,,,,2.00,1,1.00,1,1.00,1,,,,2.00,1,1.00,1,1.00,1,,3.00,1,,,,,3.00,1,,0.00,,,,,,0.00,,,0.00,,,,,,0.00,,,0.00,,,,,,0.00,,,,2.00,1.00,1.00,,1.00,0,,1.00,,,,,,2.00,1,,3.00,,1.00,,,,0.00,,2.00,1,,,,,2.00,1,,5.00,1,,2.00,1,,,,,2.00,1,,,2,,3,,5-15 yrs,5-15 yrs,2,2,2,2,5,,1,,1010660,9890,V,73.86,47.22,35.19,41.21,38.33,54.17,47.40,50.78,49.17,56.55,48.81,52.68,50.83,37.50
United Kingdom,GBR,Scotland,UK_SCO,STATE_TOTAL,20220107,1.00,1,,,,,1.00,1,,,,2.00,1,1.00,1,1.00,1,,,,2.00,1,1.00,1,1.00,1,,3.00,1,,,,,3.00,1,,0.00,,,,,,0.00,,,0.00,,,,,,0.00,,,0.00,,,,,,0.00,,,,2.00,1.00,1.00,,1.00,0,,1.00,,,,,,2.00,1,,3.00,,1.00,,,,0.00,,2.00,1,,,,,2.00,1,,5.00,1,,2.00,1,,,,,2.00,1,,,2,,3,,5-15 yrs,5-15 yrs,2,2,2,2,5,,1,,1025063,9905,V,73.94,47.22,35.19,41.21,38.33,54.17,47.40,50.78,49.16,56.55,48.81,52.68,50.83,37.50
United Kingdom,GBR,Scotland,UK_SCO,STATE_TOTAL,20220108,1.00,1,,,,,1.00,1,,,,2.00,1,1.00,1,1.00,1,,,,2.00,1,1.00,1,1.00,1,,3.00,1,,,,,3.00,1,,0.00,,,,,,0.00,,,0.00,,,,,,0.00,,,0.00,,,,,,0.00,,,,2.00,1.00,1.00,,1.00,0,,1.00,,,,,,2.00,1,,3.00,,1.00,,,,0.00,,2.00,1,,,,,2.00,1,,5.00,1,,2.00,1,,,,,2.00,1,,,2,,3,,5-15 yrs,5-15 yrs,2,2,2,2,5,,1,,1037622,9931,V,74.02,47.22,35.19,41.21,38.32,54.17,47.40,50.78,49.16,56.55,48.81,52.68,50.82,37.50
United Kingdom,GBR,Scotland,UK_SCO,STATE_TOTAL,20220109,1.00,1,,,,,1.00,1,,,,2.00,1,1.00,1,1.00,1,,,,2.00,1,1.00,1,1.00,1,,3.00,1,,,,,3.00,1,,0.00,,,,,,0.00,,,0.00,,,,,,0.00,,,0.00,,,,,,0.00,,,,2.00,1.00,1.00,,1.00,0,,1.00,,,,,,2.00,1,,3.00,,1.00,,,,0.00,,2.00,1,,,,,2.00,1,,5.00,1,,2.00,1,,,,,2.00,1,,,2,,3,,5-15 yrs,5-15 yrs,2,2,2,2,5,,1,,1045109,9934,V,74.07,47.22,35.19,41.21,38.31,54.17,47.40,50.78,49.16,56.55,48.81,52.68,50.82,37.50
United Kingdom,GBR,Scotland,UK_SCO,STATE_TOTAL,20220110,1.00,1,,,,,1.00,1,,,,2.00,1,1.00,1,1.00,1,,,,2.00,1,1.00,1,1.00,1,,3.00,1,,,,,3.00,1,,0.00,,,,,,0.00,,,0.00,,,,,,0.00,,,0.00,,,,,,0.00,,,,2.00,1.00,1.00,,1.00,0,,1.00,,,,,,2.00,1,,3.00,,1.00,,,,0.00,,2.00,1,,,,,2.00,1,,5.00,1,,2.00,1,,,,,2.00,1,,,2,,3,,5-15 yrs,5-15 yrs,2,2,2,2,5,,1,,1056837,9934,V,74.12,47.22,35.19,41.21,38.30,54.17,47.40,50.78,49.15,56.55,48.81,52.68,50.81,37.50
United Kingdom,GBR,Scotland,UK_SCO,STATE_TOTAL,20220111,1.00,1,,,,,1.00,1,,,,2.00,1,1.00,1,1.00,1,,,,2.00,1,1.00,1,1.00,1,,3.00,1,,,,,3.00,1,,0.00,,,,,,0.00,,,0.00,,,,,,0.00,,,0.00,,,,,,0.00,,,,2.00,1.00,1.00,,1.00,0,,1.00,,,,,,2.00,1,,3.00,,1.00,,,,0.00,,2.00,1,,,,,2.00,1,,5.00,1,,2.00,1,,,,,2.00,1,,,2,,3,,5-15 yrs,5-15 yrs,2,2,2,2,5,,1,,1067028,9950,V,74.18,47.22,35.19,41.21,38.30,54.17,47.40,50.78,49.15,56.55,48.81,52.68,50.81,37.50
United Kingdom,GBR,Scotland,UK_SCO,STATE_TOTAL,20220112,1.00,1,,,,,1.00,1,,,,2.00,1,1.00,1,1.00,1,,,,2.00,1,1.00,1,1.00,1,,3.00,1,,,,,3.00,1,,0.00,,,,,,0.00,,,0.00,,,,,,0.00,,,0.00,,,,,,0.00,,,,2.00,1.00,1.00,,1.00,0,,1.00,,,,,,2.00,1,,3.00,,1.00,,,,0.00,,2.00,1,,,,,2.00,1,,5.00,1,,2.00,1,,,,,2.00,1,,,2,,3,,5-15 yrs,5-15 yrs,2,2,2,2,5,,1,,1074591,9971,V,74.23,47.22,35.19,41.21,38.29,54.17,47.40,50.78,49.14,56.55,48.81,52.68,50.80,37.50
United Kingdom,GBR,Scotland,UK_SCO,STATE_TOTAL,20220113,1.00,1,,,,,1.00,1,,,,2.00,1,1.00,1,1.00,1,,,,2.00,1,1.00,1,1.00,1,,3.00,1,,,,,3.00,1,,0.00,,,,,,0.00,,,0.00,,,,,,0.00,,,0.00,,,,,,0.00,,,,2.00,1.00,1.00,,1.00,0,,1.00,,,,,,2.00,1,,3.00,,1.00,,,,0.00,,2.00,1,,,,,2.00,1,,5.00,1,,2.00,1,,,,,2.00,1,,,2,,3,,5-15 yrs,5-15 yrs,2,2,2,2,5,,1,,1079729,9997,V,74.29,47.22,35.19,41.21,38.28,54.17,47.40,50.78,49.14,56.55,48.81,52.68,50.80,37.50
United Kingdom,GBR,Scotland,UK_SCO,STATE_TOTAL,20220114,1.00,1,,,,,1.00,1,,,,2.00,1,1.00,1,1.00,1,,,,2.00,1,1.00,1,1.00,1,,3.00,1,,,,,3.00,1,,0.00,,,,,,0.00,,,0.00,,,,,,0.00,,,0.00,,,,,,0.00,,,,2.00,1.00,1.00,,1.00,0,,1.00,,,,,,2.00,1,,3.00,,1.00,,,,0.00,,2.00,1,,,,,2.00,1,,5.00,1,,2.00,1,,,,,2.00,1,,,2,,3,,5-15 yrs,5-15 yrs,2,2,2,2,5,,1,,1085696,10038,V,74.36,47.22,35.19,41.21,38.27,54.17,47.40,50.78,49.14,56.55,48.81,52.68,50.79,37.50
United Kingdom,GBR,Scotland,UK_SCO,STATE_TOTAL,20220115,1.00,1,,,,,1.00,1,,,,2.00,1,1.00,1,1.00,1,,,,2.00,1,1.00,1,1.00,1,,3.00,1,,,,,3.00,1,,0.00,,,,,,0.00,,,0.00,,,,,,0.00,,,0.00,,,,,,0.00,,,,2.00,1.00,1.00,,1.00,0,,1.00,,,,,,2.00,1,,3.00,,1.00,,,,0.00,,2.00,1,,,,,2.00,1,,5.00,1,,2.00,1,,,,,2.00,1,,,2,,3,,5-15 yrs,5-15 yrs,2,2,2,2,5,,1,,1090144,10059,V,74.59,47.22,35.19,41.21,38.25,54.17,47.40,50.78,49.12,56.55,48.81,52.68,50.78,37.50
United Kingdom,GBR,Scotland,UK_SCO,STATE_TOTAL,20220116,1.00,1,,,,,1.00,1,,,,2.00,1,1.00,1,1.00,1,,,,2.00,1,1.00,1,1.00,1,,3.00,1,,,,,3.00,1,,0.00,,,,,,0.00,,,0.00,,,,,,0.00,,,0.00,,,,,,0.00,,,,2.00,1.00,1.00,,1.00,0,,1.00,,,,,,2.00,1,,3.00,,1.00,,,,0.00,,2.00,1,,,,,2.00,1,,5.00,1,,2.00,1,,,,,2.00,1,,,2,,3,,5-15 yrs,5-15 yrs,2,2,2,2,5,,1,,1094251,10062,V,74.78,47.22,35.19,41.21,38.22,54.17,47.40,50.78,49.11,56.55,48.81,52.68,50.76,37.50
United Kingdom,GBR,Scotland,UK_SCO,STATE_TOTAL,20220117,1.00,1,,,,,1.00,1,,,,2.00,1,1.00,1,1.00,1,,,,2.00,1,1.00,1,1.00,1,"Restrictions on large outdoor events in Scotland came to an end on 17 January. Attendances at football and rugby matches had been limited to 500 people under rules which were introduced as cases of the Omicron variant surged across the country.    Large outdoor events can resume without physical distancing or capacity limits from 00:01 on Monday 17 January, following a review of all measures in place to limit the spread of coronavirus (COVID-19).    To support the lifting of capacity limits on outdoor events, COVID certification will remain for these where more than 4,000 standing or 10,000 seated are in attendance, and all other events and venues previously covered. Organisers of all events with more than 1,000 attendees will be expected to check a minimum of 50% of attendees for certification of vaccination, exemption, or negative test.    Due to requirements to present certification the coding remains at a 2 level coding    http://web.archive.org/web/20220121133524/https://www.bbc.com/news/uk-scotland-53166816    http://web.archive.org/web/20220117091635/https://www.gov.scot/news/large-outdoor-events-resume-from-17-january/",0.00,,,,,,0.00,,"Large outdoor events can resume without physical distancing or capacity limits from 00:01 on Monday 17 January      http://web.archive.org/web/20220121133524/https://www.bbc.com/news/uk-scotland-53166816    http://web.archive.org/web/20220117091635/https://www.gov.scot/news/large-outdoor-events-resume-from-17-january/",0.00,,,,,,0.00,,,0.00,,,,,,0.00,,,0.00,,,,,,0.00,,,,2.00,1.00,1.00,,1.00,0,,1.00,,,,,,2.00,1,,3.00,,1.00,,,,0.00,,2.00,1,,,,,2.00,1,,5.00,1,,2.00,1,,,,,2.00,1,"Proof of a negative LFD test will be needed before people can visit someone in hospital or a care home, or accompany someone to a medical appointment.    http://web.archive.org/web/20220121133524/https://www.bbc.com/news/uk-scotland-53166816",,2,,3,,5-15 yrs,5-15 yrs,2,2,2,2,5,,1,,1097158,10062,V,74.83,38.89,26.85,32.87,29.88,49.48,42.71,46.10,44.41,51.19,43.45,47.32,45.40,37.50
United Kingdom,GBR,Scotland,UK_SCO,STATE_TOTAL,20220118,1.00,1,,,,,1.00,1,,,,2.00,1,1.00,1,1.00,1,,,,2.00,1,1.00,1,1.00,1,,0.00,,,,,,0.00,,,0.00,,,,,,0.00,,,0.00,,,,,,0.00,,,0.00,,,,,,0.00,,,,2.00,1.00,1.00,,1.00,0,,1.00,,,,,,2.00,1,,3.00,,1.00,,,,0.00,,2.00,1,,,,,2.00,1,,5.00,1,,2.00,1,,,,,2.00,1,,,2,,3,,5-15 yrs,5-15 yrs,2,2,2,2,5,,1,,1100526,10093,V,74.87,38.89,26.85,32.87,29.88,49.48,42.71,46.10,44.41,51.19,43.45,47.32,45.40,37.50
United Kingdom,GBR,Scotland,UK_SCO,STATE_TOTAL,20220119,1.00,1,,,,,1.00,1,,,,2.00,1,1.00,1,1.00,1,,,,2.00,1,1.00,1,1.00,1,,0.00,,,,,,0.00,,,0.00,,,,,,0.00,,,0.00,,,,,,0.00,,,0.00,,,,,,0.00,,,,2.00,1.00,1.00,,1.00,0,,1.00,,,,,,2.00,1,,3.00,,1.00,,,,0.00,,2.00,1,,,,,2.00,1,,5.00,1,,2.00,1,,,,,2.00,1,,,2,,3,,5-15 yrs,5-15 yrs,2,2,2,2,5,,1,,1105454,10122,V,74.91,38.89,26.85,32.87,29.87,49.48,42.71,46.10,44.41,51.19,43.45,47.32,45.39,37.50
United Kingdom,GBR,Scotland,UK_SCO,STATE_TOTAL,20220120,1.00,1,,,,,1.00,1,,,,2.00,1,1.00,1,1.00,1,,,,2.00,1,1.00,1,1.00,1,,0.00,,,,,,0.00,,,0.00,,,,,,0.00,,,0.00,,,,,,0.00,,,0.00,,,,,,0.00,,,,2.00,1.00,1.00,,1.00,0,,1.00,,,,,,2.00,1,,3.00,,1.00,,,,0.00,,2.00,1,,,,,2.00,1,,5.00,1,,1.00,1,,,,,1.00,1,"Elderly care home rules eased for visitors on 20 January in Scotland. Some precautionary measures and significant operational changes compared to pre-COVID times remain    http://web.archive.org/web/20220204102406/https://www.gov.scot/news/restrictions-eased-for-care-home-residents/    http://web.archive.org/web/20220204102448/https://www.gov.scot/publications/updated-guidance-on-self-isolation-for-residents-in-adult-care-homes-and-indoor-visiting-letter-from-deputy-chief-medical-officer-and-deputy-chief-nursing-officer/",,2,,3,,5-15 yrs,5-15 yrs,2,2,2,2,5,,1,,1110186,10149,V,74.99,38.89,26.85,32.87,29.86,47.40,40.62,44.01,42.32,48.81,41.07,44.94,43.01,37.50
United Kingdom,GBR,Scotland,UK_SCO,STATE_TOTAL,20220121,1.00,1,,,,,1.00,1,,,,2.00,1,1.00,1,1.00,1,,,,2.00,1,1.00,1,1.00,1,,0.00,,,,,,0.00,,,0.00,,,,,,0.00,,,0.00,,,,,,0.00,,,0.00,,,,,,0.00,,,,2.00,1.00,1.00,,1.00,0,,1.00,,,,,,2.00,1,,3.00,,1.00,,,,0.00,,2.00,1,,,,,2.00,1,,5.00,1,,1.00,1,,,,,1.00,1,,,2,,3,,5-15 yrs,5-15 yrs,2,2,2,2,5,,1,,1114066,10165,V,75.05,38.89,26.85,32.87,29.85,47.40,40.62,44.01,42.31,48.81,41.07,44.94,43.00,37.50
United Kingdom,GBR,Scotland,UK_SCO,STATE_TOTAL,20220122,1.00,1,,,,,1.00,1,,,,2.00,1,1.00,1,1.00,1,,,,2.00,1,1.00,1,1.00,1,,0.00,,,,,,0.00,,,0.00,,,,,,0.00,,,0.00,,,,,,0.00,,,0.00,,,,,,0.00,,,,2.00,1.00,1.00,,1.00,0,,1.00,,,,,,2.00,1,,3.00,,1.00,,,,0.00,,2.00,1,,,,,2.00,1,,5.00,1,,1.00,1,,,,,1.00,1,,,2,,3,,5-15 yrs,5-15 yrs,2,2,2,2,5,,1,,1117515,10195,V,75.10,38.89,26.85,32.87,29.85,47.40,40.62,44.01,42.31,48.81,41.07,44.94,43.00,37.50
United Kingdom,GBR,Scotland,UK_SCO,STATE_TOTAL,20220123,1.00,1,,,,,1.00,1,,,,2.00,1,1.00,1,1.00,1,,,,2.00,1,1.00,1,1.00,1,,0.00,,,,,,0.00,,,0.00,,,,,,0.00,,,0.00,,,,,,0.00,,,0.00,,,,,,0.00,,,,2.00,1.00,1.00,,1.00,0,,1.00,,,,,,2.00,1,,3.00,,1.00,,,,0.00,,2.00,1,,,,,2.00,1,,5.00,1,,1.00,1,,,,,1.00,1,,,2,,3,,5-15 yrs,5-15 yrs,2,2,2,2,5,,1,,1121094,10199,V,75.16,38.89,26.85,32.87,29.84,47.40,40.62,44.01,42.30,48.81,41.07,44.94,42.99,37.50
United Kingdom,GBR,Scotland,UK_SCO,STATE_TOTAL,20220124,1.00,1,,,,,1.00,1,,,,2.00,1,1.00,1,1.00,1,"Nicola Sturgeon Statement- The remaining statutory measures introduced in response to Omicron are as follows; limits on attendance at indoor public events; the requirement for 1 metre physical distancing between different groups in indoor public places; the requirement for table service in hospitality premises serving alcohol on the premises; and the closure of nightclubs.    Given the improving situation - and as I said last week we hoped to be able to do - I can confirm today that all of these measures will be lifted from next Monday, 24 January.    COVID passes required for entry to venues so coding remains 2 for non-vax, and masks requirement in some businesses keeps vaccinated at 1 level    http://web.archive.org/web/20220121134842/https://www.dailyrecord.co.uk/news/politics/covid-scotland-live-restrictions-lifted-25986204    http://web.archive.org/web/20220204101205/https://www.nhsinform.scot/nhs-scotland-covid-status/covid-status-common-questions/covid-status-guidance-common-questions/",,,2.00,1,1.00,1,1.00,1,"COVID passes required for venues large events despite easing of measures so coding remains 2G    http://web.archive.org/web/20220121134842/https://www.dailyrecord.co.uk/news/politics/covid-scotland-live-restrictions-lifted-25986204    http://web.archive.org/web/20220204101205/https://www.nhsinform.scot/nhs-scotland-covid-status/covid-status-common-questions/covid-status-guidance-common-questions/",0.00,,,,,,0.00,,,0.00,,,,,,0.00,,,0.00,,,,,,0.00,,,0.00,,,,,,0.00,,,,2.00,1.00,1.00,,1.00,0,,1.00,,,,,,2.00,1,,3.00,,1.00,,,,0.00,,2.00,1,,,,,2.00,1,,5.00,1,,1.00,1,,,,,1.00,1,,,2,,3,,5-15 yrs,5-15 yrs,2,2,2,2,5,,1,,1124048,10198,V,75.23,38.89,26.85,32.87,29.83,47.40,40.62,44.01,42.30,48.81,41.07,44.94,42.99,37.50
United Kingdom,GBR,Scotland,UK_SCO,STATE_TOTAL,20220125,1.00,1,,,,,1.00,1,,,,2.00,1,1.00,1,1.00,1,,,,2.00,1,1.00,1,1.00,1,,0.00,,,,,,0.00,,,0.00,,,,,,0.00,,,0.00,,,,,,0.00,,,0.00,,,,,,0.00,,,,2.00,1.00,1.00,,1.00,0,,1.00,,,,,,2.00,1,,3.00,,1.00,,,,0.00,,2.00,1,,,,,2.00,1,"Mask wearing requirements remain in Scotland, despite lifting in England    http://web.archive.org/web/20220204101539/https://www.dailyrecord.co.uk/lifestyle/12-places-face-masks-must-26003195    https://archive.vn/57Xfi  ",5.00,1,,1.00,1,,,,,1.00,1,,,2,,3,,5-15 yrs,5-15 yrs,2,2,2,2,5,,1,,1127067,10222,V,75.29,38.89,26.85,32.87,29.83,47.40,40.62,44.01,42.30,48.81,41.07,44.94,42.98,37.50
United Kingdom,GBR,Scotland,UK_SCO,STATE_TOTAL,20220126,1.00,1,,,,,1.00,1,,,,2.00,1,1.00,1,1.00,1,,,,2.00,1,1.00,1,1.00,1,,0.00,,,,,,0.00,,,0.00,,,,,,0.00,,,0.00,,,,,,0.00,,,0.00,,,,,,0.00,,,,2.00,1.00,1.00,,1.00,0,,1.00,,,,,,2.00,1,,3.00,,1.00,,,,0.00,,2.00,1,,,,,2.00,1,,5.00,1,,1.00,1,,,,,1.00,1,,,2,,3,,5-15 yrs,5-15 yrs,2,2,2,2,5,,1,,1131668,10255,V,75.33,38.89,26.85,32.87,29.82,47.40,40.62,44.01,42.29,48.81,41.07,44.94,42.98,37.50
United Kingdom,GBR,Scotland,UK_SCO,STATE_TOTAL,20220127,1.00,1,,,,,1.00,1,,,,2.00,1,1.00,1,1.00,1,,,,2.00,1,1.00,1,1.00,1,,0.00,,,,,,0.00,,,0.00,,,,,,0.00,,,0.00,,,,,,0.00,,,0.00,,,,,,0.00,,,,2.00,1.00,1.00,,1.00,0,,1.00,,,,,,2.00,1,,3.00,,1.00,,,,0.00,,2.00,1,,,,,2.00,1,,5.00,1,,1.00,1,,,,,1.00,1,,,2,,3,,5-15 yrs,5-15 yrs,2,2,2,2,5,,1,,1135991,10275,V,75.37,38.89,26.85,32.87,29.82,47.40,40.62,44.01,42.29,48.81,41.07,44.94,42.98,37.50
United Kingdom,GBR,Scotland,UK_SCO,STATE_TOTAL,20220128,1.00,1,,,,,1.00,1,,,,2.00,1,1.00,1,1.00,1,,,,2.00,1,1.00,1,1.00,1,,0.00,,,,,,0.00,,,0.00,,,,,,0.00,,,0.00,,,,,,0.00,,,0.00,,,,,,0.00,,,,2.00,1.00,1.00,,1.00,0,,1.00,,,,,,2.00,1,,3.00,,1.00,,,,0.00,,2.00,1,,,,,2.00,1,,5.00,1,,1.00,1,,,,,1.00,1,,,2,,3,,5-15 yrs,5-15 yrs,2,2,2,2,5,,1,,1139939,10291,V,75.41,38.89,26.85,32.87,29.81,47.40,40.62,44.01,42.29,48.81,41.07,44.94,42.97,37.50
United Kingdom,GBR,Scotland,UK_SCO,STATE_TOTAL,20220129,1.00,1,,,,,1.00,1,,,,2.00,1,1.00,1,1.00,1,,,,2.00,1,1.00,1,1.00,1,,0.00,,,,,,0.00,,,0.00,,,,,,0.00,,,0.00,,,,,,0.00,,,0.00,,,,,,0.00,,,,2.00,1.00,1.00,,1.00,0,,1.00,,,,,,2.00,1,,3.00,,1.00,,,,0.00,,2.00,1,,,,,2.00,1,,5.00,1,,1.00,1,,,,,1.00,1,,,2,,3,,5-15 yrs,5-15 yrs,2,2,2,2,5,,1,,1143275,10309,V,75.46,38.89,26.85,32.87,29.80,47.40,40.62,44.01,42.28,48.81,41.07,44.94,42.97,37.50
United Kingdom,GBR,Scotland,UK_SCO,STATE_TOTAL,20220130,1.00,1,,,,,1.00,1,,,,2.00,1,1.00,1,1.00,1,,,,2.00,1,1.00,1,1.00,1,,0.00,,,,,,0.00,,,0.00,,,,,,0.00,,,0.00,,,,,,0.00,,,0.00,,,,,,0.00,,,,2.00,1.00,1.00,,1.00,0,,1.00,,,,,,2.00,1,,3.00,,1.00,,,,0.00,,2.00,1,,,,,2.00,1,,5.00,1,,1.00,1,,,,,1.00,1,,,2,,3,,5-15 yrs,5-15 yrs,2,2,2,2,5,,1,,1146815,10311,V,75.50,38.89,26.85,32.87,29.80,47.40,40.62,44.01,42.28,48.81,41.07,44.94,42.97,37.50
United Kingdom,GBR,Scotland,UK_SCO,STATE_TOTAL,20220131,1.00,1,,,,,1.00,1,,,,2.00,1,1.00,1,1.00,1,,,,2.00,1,1.00,1,1.00,1,,0.00,,,,,,0.00,,,0.00,,,,,,0.00,,,0.00,,,,,,0.00,,,0.00,,,,,,0.00,,,,2.00,1.00,1.00,,1.00,0,,1.00,,,,,,2.00,1,,3.00,,1.00,,,,0.00,,2.00,1,,,,,2.00,1,,5.00,1,,1.00,1,,,,,1.00,1,,,2,,3,"31 January 2022    Since 11 November 2021, all care home workers, and anyone entering a care home, have needed to be fully vaccinated, unless they are exempt under the regulations.    As announced by the Secretary of State for Health and Social Care on 31 January 2022, the government has stated that its intention is to revoke the regulations making vaccines a condition of deployment for health and social care staff, subject to parliamentary process.    Legal requirement for health and social care staff to be double jabbed to be removed, subject to consultation and Parliamentary approval    http://web.archive.org/web/20220209045009/https://www.gov.uk/government/publications/vaccination-of-people-working-or-deployed-in-care-homes-operational-guidance/coronavirus-covid-19-vaccination-of-people-working-or-deployed-in-care-homes-operational-guidance    http://web.archive.org/web/20220208144510/https://www.gov.uk/government/news/consultation-on-removing-vaccination-as-a-condition-of-deployment-for-health-and-social-care-staff    http://web.archive.org/web/20220210124238/https://www.nursingtimes.net/news/coronavirus/government-confirms-u-turn-on-mandatory-vaccination-policy-31-01-2022/  ",5-15 yrs,5-15 yrs,2,2,2,2,5,"Free",0,"31 January 2022    Since 11 November 2021, all care home workers, and anyone entering a care home, have needed to be fully vaccinated, unless they are exempt under the regulations.    As announced by the Secretary of State for Health and Social Care on 31 January 2022, the government has stated that its intention is to revoke the regulations making vaccines a condition of deployment for health and social care staff, subject to parliamentary process.    Legal requirement for health and social care staff to be double jabbed to be removed, subject to consultation and Parliamentary approval    http://web.archive.org/web/20220209045009/https://www.gov.uk/government/publications/vaccination-of-people-working-or-deployed-in-care-homes-operational-guidance/coronavirus-covid-19-vaccination-of-people-working-or-deployed-in-care-homes-operational-guidance    http://web.archive.org/web/20220208144510/https://www.gov.uk/government/news/consultation-on-removing-vaccination-as-a-condition-of-deployment-for-health-and-social-care-staff    http://web.archive.org/web/20220210124238/https://www.nursingtimes.net/news/coronavirus/government-confirms-u-turn-on-mandatory-vaccination-policy-31-01-2022/  ",1148772,10311,V,75.55,38.89,26.85,32.87,29.79,47.40,40.62,44.01,42.28,48.81,41.07,44.94,42.96,37.50
United Kingdom,GBR,Scotland,UK_SCO,STATE_TOTAL,20220201,1.00,1,,,,,1.00,1,,,,2.00,1,1.00,1,1.00,1,,,,2.00,1,1.00,1,1.00,1,,0.00,,,,,,0.00,,,0.00,,,,,,0.00,,,0.00,,,,,,0.00,,,0.00,,,,,,0.00,,,,2.00,1.00,1.00,,1.00,0,,1.00,,,,,,2.00,1,,3.00,,1.00,,,,0.00,,2.00,1,,,,,2.00,1,,5.00,1,,1.00,1,,,,,1.00,1,,,2,,3,,5-15 yrs,5-15 yrs,2,2,2,2,5,,0,,1151614,10341,V,75.57,38.89,26.85,32.87,29.79,47.40,40.62,44.01,42.28,48.81,41.07,44.94,42.96,37.50
United Kingdom,GBR,Scotland,UK_SCO,STATE_TOTAL,20220202,1.00,1,,,,,1.00,1,,,,2.00,1,1.00,1,1.00,1,,,,2.00,1,1.00,1,1.00,1,,0.00,,,,,,0.00,,,0.00,,,,,,0.00,,,0.00,,,,,,0.00,,,0.00,,,,,,0.00,,,,2.00,1.00,1.00,"1/1/22 - 10/2/22 - 2/1  Fully vaccinated arrivals do not need to quarantine upon arrival, but must take a COVID-19 test within 48 hours upon arrival. Non-vaccinated arrivals must quarantine for 10 days, and must take a PCR test 48 hours prior to departure and then test upon arrival on days 2 and 8.These rules are set to change on 11 February.  As of 15 December 2021, there are no countries on the red list.   Source: http://web.archive.org/web/20220127010758/https://www.gov.uk/guidance/travel-to-england-from-another-country-during-coronavirus-covid-19#international-travel-rules-until-11-february-2022     Changes to be introduced 11 February for fully vaccinated travellers:    Mr Speaker, from 4am on the 11th February, and in time for the half-term break, eligible fully vaccinated passengers arriving in the UK will no longer have to take a post-arrival, lateral flow test.  Today I can announce that passengers who do not qualify as fully vaccinated will no longer be required to do a day 8 test after arrival or, indeed, to self-isolate. They will still need to fill out a passenger locator form to demonstrate proof of a negative COVID test taken 2 days before travel, and they must also take a post-arrival PCR test.  https://archive.vn/FNxIc",1.00,0,,1.00,,,,,,2.00,1,,3.00,,1.00,,,,0.00,,2.00,1,,,,,2.00,1,,5.00,1,,1.00,1,,,,,1.00,1,,,2,,3,,5-15 yrs,5-15 yrs,2,2,2,2,5,,0,,1156123,10359,V,75.59,38.89,26.85,32.87,29.79,47.40,40.62,44.01,42.27,48.81,41.07,44.94,42.96,37.50
United Kingdom,GBR,Scotland,UK_SCO,STATE_TOTAL,20220203,1.00,1,,,,,1.00,1,,,,2.00,1,1.00,1,1.00,1,,,,2.00,1,1.00,1,1.00,1,,0.00,,,,,,0.00,,,0.00,,,,,,0.00,,,0.00,,,,,,0.00,,,0.00,,,,,,0.00,,,,2.00,1.00,1.00,,1.00,0,,1.00,,,,,,2.00,1,,3.00,,1.00,,,,0.00,,2.00,1,,,,,2.00,1,,5.00,1,,1.00,1,,,,,1.00,1,,,2,,3,,5-15 yrs,5-15 yrs,2,2,2,2,5,,0,,1160448,10390,V,75.61,38.89,26.85,32.87,29.79,47.40,40.62,44.01,42.27,48.81,41.07,44.94,42.96,37.50
United Kingdom,GBR,Scotland,UK_SCO,STATE_TOTAL,20220204,1.00,1,,,,,1.00,1,,,,2.00,1,1.00,1,1.00,1,,,,2.00,1,1.00,1,1.00,1,,0.00,,,,,,0.00,,,0.00,,,,,,0.00,,,0.00,,,,,,0.00,,,0.00,,,,,,0.00,,,,2.00,1.00,1.00,,1.00,0,,1.00,,,,,,2.00,1,,3.00,,1.00,,,,0.00,,2.00,1,,,,,2.00,1,,5.00,1,,1.00,1,,,,,1.00,1,,,2,,3,,5-15 yrs,5-15 yrs,2,2,2,2,5,,0,,1164870,10407,V,75.64,38.89,26.85,32.87,29.78,47.40,40.62,44.01,42.27,48.81,41.07,44.94,42.96,37.50
United Kingdom,GBR,Scotland,UK_SCO,STATE_TOTAL,20220205,0.00,,,,,,0.00,,"Secondary school pupils in Scotland will not need to wear face coverings in classrooms from 28 February.    First Minister Nicola Sturgeon said scientific advisors had backed the move as part of a phased lifting of restrictions.    Pupils will still need to wear masks in communal areas and when moving around inside school buildings.    http://web.archive.org/web/20220210130959/https://www.bbc.com/news/uk-scotland-60334763",,,2.00,1,1.00,1,1.00,1,"Nightclubs are open but non-vaccinated must present a COVID-19 pass to enter    http://web.archive.org/web/20220202142252/https://news.sky.com/story/covid-19-what-are-the-coronavirus-rules-across-the-uk-and-how-do-they-differ-in-england-scotland-wales-and-northern-ireland-12519865",,,2.00,1,1.00,1,1.00,1,"COVID certificate required for non-vaccinated people for    • Indoor events (unseated) with 500 or more people    • Outdoor events (unseated) with 4,000 or more people    • Any event with 10,000 or more people    But from 24 January these two changes apply:    • Only 20% of attendees of large events must be checked for vaccination status - down from 50% - or at least 1,000 people, whichever figure is highest    http://web.archive.org/web/20220202142252/https://news.sky.com/story/covid-19-what-are-the-coronavirus-rules-across-the-uk-and-how-do-they-differ-in-england-scotland-wales-and-northern-ireland-12519865",0.00,,,,,,0.00,,,0.00,,,,,,0.00,,,0.00,,,,,,0.00,,,0.00,,,,,,0.00,,,,2.00,1.00,1.00,,1.00,0,,1.00,,,,,,2.00,1,,3.00,,1.00,,,,0.00,,2.00,1,,,,,2.00,1,,5.00,1,,1.00,1,,,,,1.00,1,,,2,,3,,5-15 yrs,5-15 yrs,2,2,2,2,5,,0,,1167763,10431,V,75.66,35.19,23.15,29.17,26.08,45.31,38.54,41.93,40.19,46.43,38.69,42.56,40.57,37.50
United Kingdom,GBR,Scotland,UK_SCO,STATE_TOTAL,20220206,0.00,,,,,,0.00,,,,,2.00,1,1.00,1,1.00,1,,,,2.00,1,1.00,1,1.00,1,,0.00,,,,,,0.00,,,0.00,,,,,,0.00,,,0.00,,,,,,0.00,,,0.00,,,,,,0.00,,,,2.00,1.00,1.00,,1.00,0,,1.00,,,,,,2.00,1,,3.00,,1.00,,,,0.00,,2.00,1,,,,,2.00,1,,5.00,1,,1.00,1,,,,,1.00,1,,,2,,3,,5-15 yrs,5-15 yrs,2,2,2,2,5,,0,,1171004,10433,V,75.68,35.19,23.15,29.17,26.08,45.31,38.54,41.93,40.19,46.43,38.69,42.56,40.57,37.50
United Kingdom,GBR,Scotland,UK_SCO,STATE_TOTAL,20220207,0.00,,,,,,0.00,,,,,2.00,1,1.00,1,1.00,1,,,,2.00,1,1.00,1,1.00,1,,0.00,,,,,,0.00,,,0.00,,,,,,0.00,,,0.00,,,,,,0.00,,,0.00,,,,,,0.00,,,,2.00,1.00,1.00,,1.00,0,,1.00,,,,,,2.00,1,,3.00,,1.00,,,,0.00,,2.00,1,,,,,2.00,1,,5.00,1,,1.00,1,,,,,1.00,1,,,2,,3,,5-15 yrs,5-15 yrs,2,2,2,2,5,,0,,1173535,10433,V,75.70,35.19,23.15,29.17,26.08,45.31,38.54,41.93,40.19,46.43,38.69,42.56,40.57,37.50
United Kingdom,GBR,Scotland,UK_SCO,STATE_TOTAL,20220208,0.00,,,,,,0.00,,,,,2.00,1,1.00,1,1.00,1,,,,2.00,1,1.00,1,1.00,1,,0.00,,,,,,0.00,,,0.00,,,,,,0.00,,,0.00,,,,,,0.00,,,0.00,,,,,,0.00,,,,2.00,1.00,1.00,,1.00,0,,1.00,,,,,,2.00,1,,3.00,,1.00,,,,0.00,,2.00,1,,,,,2.00,1,,5.00,1,,1.00,1,,,,,1.00,1,,,2,,3,,5-15 yrs,5-15 yrs,2,2,2,2,5,,0,,1176188,10447,V,75.72,35.19,23.15,29.17,26.07,45.31,38.54,41.93,40.18,46.43,38.69,42.56,40.57,37.50
United Kingdom,GBR,Scotland,UK_SCO,STATE_TOTAL,20220209,0.00,,,,,,0.00,,,,,2.00,1,1.00,1,1.00,1,,,,2.00,1,1.00,1,1.00,1,,0.00,,,,,,0.00,,,0.00,,,,,,0.00,,,0.00,,,,,,0.00,,,0.00,,,,,,0.00,,,,2.00,1.00,1.00,,1.00,0,,1.00,,,,,,2.00,1,,3.00,,1.00,,,,0.00,,2.00,1,,,,,2.00,1,,5.00,1,,1.00,1,,,,,1.00,1,,,2,,3,,5-15 yrs,5-15 yrs,2,2,2,2,5,,0,,1179974,10462,V,75.73,35.19,23.15,29.17,26.07,45.31,38.54,41.93,40.18,46.43,38.69,42.56,40.57,37.50
United Kingdom,GBR,Scotland,UK_SCO,STATE_TOTAL,20220210,0.00,,,,,,0.00,,,,,2.00,1,1.00,1,1.00,1,,,,2.00,1,1.00,1,1.00,1,,0.00,,,,,,0.00,,,0.00,,,,,,0.00,,,0.00,,,,,,0.00,,,0.00,,,,,,0.00,,,,2.00,1.00,1.00,,1.00,0,,1.00,,,,,,2.00,1,,3.00,,1.00,,,,0.00,,2.00,1,,,,,2.00,1,,5.00,1,,1.00,1,,,,,1.00,1,,,2,,3,,5-15 yrs,5-15 yrs,2,2,2,2,5,,0,,1283259,10485,V,75.75,35.19,23.15,29.17,26.07,45.31,38.54,41.93,40.18,46.43,38.69,42.56,40.57,37.50
United Kingdom,GBR,Scotland,UK_SCO,STATE_TOTAL,20220211,0.00,,,,,,0.00,,,,,2.00,1,1.00,1,1.00,1,,,,2.00,1,1.00,1,1.00,1,,0.00,,,,,,0.00,,,0.00,,,,,,0.00,,,0.00,,,,,,0.00,,,0.00,,,,,,0.00,,,,1.00,1.00,1.00,"11 February , this guidance applies toSCOTLAND  If you’re fully vaccinated, you no longer need to take a COVID-19 test either before or after arrival in Scotland. You still need to complete a passenger locator form.    If you are not fully vaccinated, you need to take a pre-departure test and a PCR test on or before day 2 after you arrive in Scotland. You do not need to quarantine unless the result of the PCR test is positive. You still need to complete a passenger locator form.    https://archive.vn/QGsHE    (Archived page shows England but text refers to 'Scotland' selection)",1.00,0,,1.00,,,,,,2.00,1,,3.00,,1.00,,,,0.00,,2.00,1,,,,,2.00,1,,5.00,1,,1.00,1,,,,,1.00,1,,,2,,3,,5-15 yrs,5-15 yrs,2,2,2,2,5,,0,,1290487,10496,V,75.77,32.41,23.15,27.78,25.39,43.75,38.54,41.15,39.80,44.64,38.69,41.67,40.13,37.50
United Kingdom,GBR,Scotland,UK_SCO,STATE_TOTAL,20220212,0.00,,,,,,0.00,,,,,2.00,1,1.00,1,1.00,1,,,,2.00,1,1.00,1,1.00,1,,0.00,,,,,,0.00,,,0.00,,,,,,0.00,,,0.00,,,,,,0.00,,,0.00,,,,,,0.00,,,,1.00,1.00,1.00,,1.00,0,,1.00,,,,,,2.00,1,,3.00,,1.00,,,,0.00,,2.00,1,,,,,2.00,1,,5.00,1,,1.00,1,,,,,1.00,1,,,2,,3,,5-15 yrs,5-15 yrs,2,2,2,2,5,,0,,1295991,10512,V,75.79,32.41,23.15,27.78,25.39,43.75,38.54,41.15,39.80,44.64,38.69,41.67,40.13,37.50
United Kingdom,GBR,Scotland,UK_SCO,STATE_TOTAL,20220213,0.00,,,,,,0.00,,,,,2.00,1,1.00,1,1.00,1,,,,2.00,1,1.00,1,1.00,1,,0.00,,,,,,0.00,,,0.00,,,,,,0.00,,,0.00,,,,,,0.00,,,0.00,,,,,,0.00,,,,1.00,1.00,1.00,,1.00,0,,1.00,,,,,,2.00,1,,3.00,,1.00,,,,0.00,,2.00,1,,,,,2.00,1,,5.00,1,,1.00,1,,,,,1.00,1,,,2,,3,,5-15 yrs,5-15 yrs,2,2,2,2,5,,0,,1301234,10512,V,75.81,32.41,23.15,27.78,25.39,43.75,38.54,41.15,39.80,44.64,38.69,41.67,40.13,37.50
United Kingdom,GBR,Scotland,UK_SCO,STATE_TOTAL,20220214,0.00,,,,,,0.00,,,,,2.00,1,1.00,1,1.00,1,,,,2.00,1,1.00,1,1.00,1,,0.00,,,,,,0.00,,,0.00,,,,,,0.00,,,0.00,,,,,,0.00,,,0.00,,,,,,0.00,,,,1.00,1.00,1.00,,1.00,0,,1.00,,,,,,2.00,1,,3.00,,1.00,,,,0.00,,2.00,1,,,,,2.00,1,,5.00,1,,1.00,1,,,,,1.00,1,,,2,,3,,5-15 yrs,5-15 yrs,2,2,2,2,5,,0,,1306292,10512,V,75.82,32.41,23.15,27.78,25.39,43.75,38.54,41.15,39.80,44.64,38.69,41.67,40.13,37.50
United Kingdom,GBR,Scotland,UK_SCO,STATE_TOTAL,20220215,0.00,,,,,,0.00,,,,,2.00,1,1.00,1,1.00,1,,,,2.00,1,1.00,1,1.00,1,,0.00,,,,,,0.00,,,0.00,,,,,,0.00,,,0.00,,,,,,0.00,,,0.00,,,,,,0.00,,,,1.00,1.00,1.00,,1.00,0,,1.00,,,,,,2.00,1,,3.00,,1.00,,,,0.00,,2.00,1,,,,,2.00,1,,5.00,1,,1.00,1,,,,,1.00,1,,,2,,3,,5-15 yrs,5-15 yrs,2,2,2,2,5,,0,,1312019,10528,V,75.85,32.41,23.15,27.78,25.39,43.75,38.54,41.15,39.80,44.64,38.69,41.67,40.13,37.50
United Kingdom,GBR,Scotland,UK_SCO,STATE_TOTAL,20220216,0.00,,,,,,0.00,,,,,2.00,1,1.00,1,1.00,1,,,,2.00,1,1.00,1,1.00,1,,0.00,,,,,,0.00,,,0.00,,,,,,0.00,,,0.00,,,,,,0.00,,,0.00,,,,,,0.00,,,,1.00,1.00,1.00,,1.00,0,,1.00,,,,,,2.00,1,,3.00,,1.00,,,,0.00,,2.00,1,,,,,2.00,1,,5.00,1,,1.00,1,,,,,1.00,1,,,2,,3,,5-15 yrs,5-15 yrs,2,2,2,2,5,,0,,1319373,10544,V,75.87,32.41,23.15,27.78,25.38,43.75,38.54,41.15,39.80,44.64,38.69,41.67,40.13,37.50
United Kingdom,GBR,Scotland,UK_SCO,STATE_TOTAL,20220217,0.00,,,,,,0.00,,,,,2.00,1,1.00,1,1.00,1,,,,2.00,1,1.00,1,1.00,1,,0.00,,,,,,0.00,,,0.00,,,,,,0.00,,,0.00,,,,,,0.00,,,0.00,,,,,,0.00,,,,1.00,1.00,1.00,,1.00,0,,1.00,,,,,,2.00,1,,3.00,,1.00,,,,0.00,,2.00,1,,,,,2.00,1,,5.00,1,,1.00,1,,,,,1.00,1,,,2,,3,,5-15 yrs,5-15 yrs,2,2,2,2,5,,0,,1326382,10566,V,75.89,32.41,23.15,27.78,25.38,43.75,38.54,41.15,39.80,44.64,38.69,41.67,40.12,37.50
United Kingdom,GBR,Scotland,UK_SCO,STATE_TOTAL,20220218,0.00,,,,,,0.00,,,,,2.00,1,1.00,1,1.00,1,,,,2.00,1,1.00,1,1.00,1,,0.00,,,,,,0.00,,,0.00,,,,,,0.00,,,0.00,,,,,,0.00,,,0.00,,,,,,0.00,,,,1.00,1.00,1.00,,1.00,0,,1.00,,,,,,2.00,1,,3.00,,1.00,,,,0.00,,2.00,1,,,,,2.00,1,,5.00,1,,1.00,1,,,,,1.00,1,,,2,,3,,5-15 yrs,5-15 yrs,2,2,2,2,5,,0,,1333332,10582,V,75.92,32.41,23.15,27.78,25.38,43.75,38.54,41.15,39.79,44.64,38.69,41.67,40.12,37.50
United Kingdom,GBR,Scotland,UK_SCO,STATE_TOTAL,20220219,0.00,,,,,,0.00,,,,,2.00,1,1.00,1,1.00,1,,,,2.00,1,1.00,1,1.00,1,,0.00,,,,,,0.00,,,0.00,,,,,,0.00,,,0.00,,,,,,0.00,,,0.00,,,,,,0.00,,,,1.00,1.00,1.00,,1.00,0,,1.00,,,,,,2.00,1,,3.00,,1.00,,,,0.00,,2.00,1,,,,,2.00,1,,5.00,1,,1.00,1,,,,,1.00,1,,,2,,3,,5-15 yrs,5-15 yrs,2,2,2,2,5,,0,,1338539,10596,V,75.93,32.41,23.15,27.78,25.38,43.75,38.54,41.15,39.79,44.64,38.69,41.67,40.12,37.50
United Kingdom,GBR,Scotland,UK_SCO,STATE_TOTAL,20220220,0.00,,,,,,0.00,,,,,2.00,1,1.00,1,1.00,1,,,,2.00,1,1.00,1,1.00,1,,0.00,,,,,,0.00,,,0.00,,,,,,0.00,,,0.00,,,,,,0.00,,,0.00,,,,,,0.00,,,,1.00,1.00,1.00,,1.00,0,,1.00,,,,,,2.00,1,,3.00,,1.00,,,,0.00,,2.00,1,,,,,2.00,1,,5.00,1,,1.00,1,,,,,1.00,1,,,2,,3,,5-15 yrs,5-15 yrs,2,2,2,2,5,,0,,1344013,10596,V,75.95,32.41,23.15,27.78,25.38,43.75,38.54,41.15,39.79,44.64,38.69,41.67,40.12,37.50
United Kingdom,GBR,Scotland,UK_SCO,STATE_TOTAL,20220221,0.00,,,,,,0.00,,,,,2.00,1,1.00,1,1.00,1,,,,2.00,1,1.00,1,1.00,1,,0.00,,,,,,0.00,,,0.00,,,,,,0.00,,,0.00,,,,,,0.00,,,0.00,,,,,,0.00,,,,1.00,1.00,1.00,,1.00,0,,1.00,,,,,,2.00,1,,3.00,,1.00,,,,0.00,,2.00,1,,,,,2.00,1,,5.00,1,,1.00,1,,,,,1.00,1,,,2,,3,,5-15 yrs,5-15 yrs,2,2,2,2,5,,0,,1349320,10596,V,75.97,32.41,23.15,27.78,25.38,43.75,38.54,41.15,39.79,44.64,38.69,41.67,40.12,37.50
United Kingdom,GBR,Scotland,UK_SCO,STATE_TOTAL,20220222,0.00,,,,,,0.00,,,,,2.00,1,1.00,1,1.00,1,,,,2.00,1,1.00,1,1.00,1,,0.00,,,,,,0.00,,,0.00,,,,,,0.00,,,0.00,,,,,,0.00,,,0.00,,,,,,0.00,,,,1.00,1.00,1.00,,1.00,0,,1.00,,,,,,2.00,1,,3.00,,1.00,,,,0.00,,2.00,1,,,,,2.00,1,,5.00,1,,1.00,1,,,,,1.00,1,,,2,,3,,5-15 yrs,5-15 yrs,2,2,2,2,5,,0,,1355657,10614,V,75.99,32.41,23.15,27.78,25.37,43.75,38.54,41.15,39.79,44.64,38.69,41.67,40.12,37.50
United Kingdom,GBR,Scotland,UK_SCO,STATE_TOTAL,20220223,0.00,,,,,,0.00,,,,,2.00,1,1.00,1,1.00,1,,,,2.00,1,1.00,1,1.00,1,,0.00,,,,,,0.00,,,0.00,,,,,,0.00,,,0.00,,,,,,0.00,,,0.00,,,,,,0.00,,,,1.00,1.00,1.00,,1.00,0,,1.00,,,,,,2.00,1,,3.00,,1.00,,,,0.00,,2.00,1,,,,,2.00,1,,5.00,1,,1.00,1,,,,,1.00,1,,,2,,3,,5-15 yrs,5-15 yrs,2,2,2,2,5,,0,,1362296,10629,V,76.00,32.41,23.15,27.78,25.37,43.75,38.54,41.15,39.79,44.64,38.69,41.67,40.12,37.50
United Kingdom,GBR,Scotland,UK_SCO,STATE_TOTAL,20220224,0.00,,,,,,0.00,,,,,2.00,1,1.00,1,1.00,1,,,,2.00,1,1.00,1,1.00,1,,0.00,,,,,,0.00,,,0.00,,,,,,0.00,,,0.00,,,,,,0.00,,,0.00,,,,,,0.00,,,,1.00,1.00,1.00,,1.00,0,,0.00,"No debt relief schemes in place in Scotland",,,,,2.00,1,,3.00,,1.00,,,,0.00,,2.00,1,,,,,2.00,1,,5.00,1,,1.00,1,,,,,1.00,1,,,2,,3,,5-15 yrs,5-15 yrs,2,2,2,2,5,,0,,1369385,10645,V,76.01,32.41,23.15,27.78,25.37,40.62,35.42,38.02,36.67,44.64,38.69,41.67,40.12,12.50
United Kingdom,GBR,Scotland,UK_SCO,STATE_TOTAL,20220225,1.00,1,,,,,1.00,1,"All school staff and secondary school pupils in Scotland and Northern Ireland are still asked to take two lateral flow tests (LFTs) a week (three in Wales).    http://web.archive.org/web/20220225131929/https://www.bbc.com/news/education-51643556",,,2.00,1,1.00,1,1.00,1,,,,2.00,1,1.00,1,1.00,1,,0.00,,,,,,0.00,,,0.00,,,,,,0.00,,,0.00,,,,,,0.00,,,0.00,,,,,,0.00,,,,1.00,1.00,1.00,,1.00,0,,0.00,,,,,,2.00,1,,3.00,,1.00,,,,0.00,,2.00,1,,,,,2.00,1,,5.00,1,,1.00,1,,,,,1.00,1,,,2,,3,,5-15 yrs,5-15 yrs,2,2,2,2,5,,0,,1374798,10656,V,76.03,36.11,26.85,31.48,29.07,42.71,37.50,40.10,38.75,47.02,41.07,44.04,42.50,12.50
United Kingdom,GBR,Scotland,UK_SCO,STATE_TOTAL,20220226,1.00,1,,,,,1.00,1,,,,2.00,1,1.00,1,1.00,1,,,,2.00,1,1.00,1,1.00,1,,0.00,,,,,,0.00,,,0.00,,,,,,0.00,,,0.00,,,,,,0.00,,,0.00,,,,,,0.00,,,,1.00,1.00,1.00,,1.00,0,,0.00,,,,,,2.00,1,,3.00,,1.00,,,,0.00,,2.00,1,,,,,2.00,1,,5.00,1,,1.00,1,,,,,1.00,1,,,2,,3,,5-15 yrs,5-15 yrs,2,2,2,2,5,,0,,1374798,10656,V,76.05,36.11,26.85,31.48,29.07,42.71,37.50,40.10,38.75,47.02,41.07,44.04,42.50,12.50
United Kingdom,GBR,Scotland,UK_SCO,STATE_TOTAL,20220227,1.00,1,,,,,1.00,1,,,,2.00,1,1.00,1,1.00,1,,,,2.00,1,1.00,1,1.00,1,,0.00,,,,,,0.00,,,0.00,,,,,,0.00,,,0.00,,,,,,0.00,,,0.00,,,,,,0.00,,,,1.00,1.00,1.00,,1.00,0,,0.00,,,,,,2.00,1,,3.00,,1.00,,,,0.00,,2.00,1,,,,,2.00,1,,5.00,1,,1.00,1,,,,,1.00,1,,,2,,3,,5-15 yrs,5-15 yrs,2,2,2,2,5,,0,,1374798,10656,V,76.06,36.11,26.85,31.48,29.07,42.71,37.50,40.10,38.75,47.02,41.07,44.04,42.49,12.50
United Kingdom,GBR,Scotland,UK_SCO,STATE_TOTAL,20220228,1.00,1,,,,,1.00,1,"Rules eased in schools on 28 February 2022 but operational changes remain  - 2x weekly home testing - Ventilation - Restrictions on school visitors - Environmental cleaning - Physical distancing for adults - One way systems  http://web.archive.org/web/20220318111942/https://www.gov.scot/news/covid-19-school-rules-to-be-eased/  http://web.archive.org/web/20220411153658/https://www.gov.scot/publications/coronavirus-covid-19-guidance-on-reducing-the-risks-in-schools/",0.00,,,,,,0.00,,"From 28 February 2022, the legal requirement to show a COVID-19 vaccine certificate or a record of a recent negative COVID-19 test (LFD or PCR) result to enter any premises or attend any event is lifted.    Masks are still required in some businesses     http://web.archive.org/web/20220302092440/https://www.gov.scot/publications/coronavirus-covid-19-certification-businesses-event-organisers/",0.00,,,,,,0.00,,"From 28 February 2022, the legal requirement to show a COVID-19 vaccine certificate or a record of a recent negative COVID-19 test (LFD or PCR) result to enter any premises or attend any event is lifted.    http://web.archive.org/web/20220302092440/https://www.gov.scot/publications/coronavirus-covid-19-certification-businesses-event-organisers/",0.00,,,,,,0.00,,,0.00,,,,,,0.00,,,0.00,,,,,,0.00,,,0.00,,,,,,0.00,,,,1.00,1.00,1.00,,1.00,0,,0.00,,,,,,2.00,1,,3.00,,1.00,,,,0.00,,2.00,1,,,,,2.00,1,,5.00,1,,1.00,1,,,,,1.00,1,,,2,,3,,5-15 yrs,5-15 yrs,2,2,2,2,5,,0,,1390996,10672,V,76.07,17.59,17.59,17.59,17.59,32.29,32.29,32.29,32.29,35.12,35.12,35.12,35.12,12.50
United Kingdom,GBR,Scotland,UK_SCO,STATE_TOTAL,20220301,1.00,1,,,,,1.00,1,,0.00,,,,,,0.00,,,0.00,,,,,,0.00,,,0.00,,,,,,0.00,,,0.00,,,,,,0.00,,,0.00,,,,,,0.00,,,0.00,,,,,,0.00,,,,1.00,1.00,1.00,,1.00,0,,0.00,,,,,,2.00,1,,3.00,,1.00,,,,0.00,,2.00,1,,,,,2.00,1,,5.00,1,,1.00,1,,,,,1.00,1,,,2,,3,,5-15 yrs,5-15 yrs,2,2,2,2,5,,0,,1458444,10768,V,76.09,17.59,17.59,17.59,17.59,32.29,32.29,32.29,32.29,35.12,35.12,35.12,35.12,12.50
United Kingdom,GBR,Scotland,UK_SCO,STATE_TOTAL,20220302,1.00,1,,,,,1.00,1,,0.00,,,,,,0.00,,,0.00,,,,,,0.00,,,0.00,,,,,,0.00,,,0.00,,,,,,0.00,,,0.00,,,,,,0.00,,,0.00,,,,,,0.00,,,,1.00,1.00,1.00,,1.00,0,,0.00,,,,,,2.00,1,,3.00,,1.00,,,,0.00,,2.00,1,,,,,2.00,1,,5.00,1,,1.00,1,,,,,1.00,1,"Guidance and operational changes relating to elderly care homes remain in place, enough to justify 1 level value    http://web.archive.org/web/20220302092808/https://www.gov.scot/publications/coronavirus-covid-19-adult-care-homes-visiting-guidance/  ",,2,,3,,5-15 yrs,5-15 yrs,2,2,2,2,5,,0,,1467078,10788,V,76.10,17.59,17.59,17.59,17.59,32.29,32.29,32.29,32.29,35.12,35.12,35.12,35.12,12.50
United Kingdom,GBR,Scotland,UK_SCO,STATE_TOTAL,20220303,1.00,1,,,,,1.00,1,,0.00,,,,,,0.00,,,0.00,,,,,,0.00,,,0.00,,,,,,0.00,,,0.00,,,,,,0.00,,,0.00,,,,,,0.00,,,0.00,,,,,,0.00,,,,1.00,1.00,1.00,,1.00,0,,0.00,,,,,,2.00,1,,3.00,,1.00,,,,0.00,,2.00,1,,,,,2.00,1,,5.00,1,,1.00,1,,,,,1.00,1,,,2,,3,,5-15 yrs,5-15 yrs,2,2,2,2,5,,0,,1476428,10824,V,76.11,17.59,17.59,17.59,17.59,32.29,32.29,32.29,32.29,35.12,35.12,35.12,35.12,12.50
United Kingdom,GBR,Scotland,UK_SCO,STATE_TOTAL,20220304,1.00,1,,,,,1.00,1,,0.00,,,,,,0.00,,,0.00,,,,,,0.00,,,0.00,,,,,,0.00,,,0.00,,,,,,0.00,,,0.00,,,,,,0.00,,,0.00,,,,,,0.00,,,,1.00,1.00,1.00,,1.00,0,,0.00,,,,,,2.00,1,,3.00,,1.00,,,,0.00,,2.00,1,,,,,2.00,1,,5.00,1,,1.00,1,,,,,1.00,1,,,2,,3,,5-15 yrs,5-15 yrs,2,2,2,2,5,,0,,1485872,10848,V,76.13,17.59,17.59,17.59,17.59,32.29,32.29,32.29,32.29,35.12,35.12,35.12,35.12,12.50
United Kingdom,GBR,Scotland,UK_SCO,STATE_TOTAL,20220305,1.00,1,,,,,1.00,1,,0.00,,,,,,0.00,,,0.00,,,,,,0.00,,,0.00,,,,,,0.00,,,0.00,,,,,,0.00,,,0.00,,,,,,0.00,,,0.00,,,,,,0.00,,,,1.00,1.00,1.00,,1.00,0,,0.00,,,,,,2.00,1,,3.00,,1.00,,,,0.00,,2.00,1,,,,,2.00,1,,5.00,1,,1.00,1,,,,,1.00,1,,,2,,3,,5-15 yrs,5-15 yrs,2,2,2,2,5,,0,,1485872,10848,V,76.14,17.59,17.59,17.59,17.59,32.29,32.29,32.29,32.29,35.12,35.12,35.12,35.12,12.50
United Kingdom,GBR,Scotland,UK_SCO,STATE_TOTAL,20220306,1.00,1,,,,,1.00,1,,0.00,,,,,,0.00,,,0.00,,,,,,0.00,,,0.00,,,,,,0.00,,,0.00,,,,,,0.00,,,0.00,,,,,,0.00,,,0.00,,,,,,0.00,,,,1.00,1.00,1.00,,1.00,0,,0.00,,,,,,2.00,1,,3.00,,1.00,,,,0.00,,2.00,1,,,,,2.00,1,,5.00,1,,1.00,1,,,,,1.00,1,,,2,,3,,5-15 yrs,5-15 yrs,2,2,2,2,5,,0,,1485872,10848,V,76.15,17.59,17.59,17.59,17.59,32.29,32.29,32.29,32.29,35.12,35.12,35.12,35.12,12.50
United Kingdom,GBR,Scotland,UK_SCO,STATE_TOTAL,20220307,1.00,1,,,,,1.00,1,,0.00,,,,,,0.00,,,0.00,,,,,,0.00,,,0.00,,,,,,0.00,,,0.00,,,,,,0.00,,,0.00,,,,,,0.00,,,0.00,,,,,,0.00,,,,1.00,1.00,1.00,,1.00,0,,0.00,,,,,,2.00,1,,3.00,,1.00,,,,0.00,,2.00,1,,,,,2.00,1,,5.00,1,,1.00,1,,,,,1.00,1,,,2,,3,,5-15 yrs,5-15 yrs,2,2,2,2,5,,0,,1510238,10869,V,76.17,17.59,17.59,17.59,17.59,32.29,32.29,32.29,32.29,35.12,35.12,35.12,35.12,12.50
United Kingdom,GBR,Scotland,UK_SCO,STATE_TOTAL,20220308,1.00,1,,,,,1.00,1,,0.00,,,,,,0.00,,,0.00,,,,,,0.00,,,0.00,,,,,,0.00,,,0.00,,,,,,0.00,,,0.00,,,,,,0.00,,,0.00,,,,,,0.00,,,,1.00,1.00,1.00,,1.00,0,,0.00,,,,,,2.00,1,,3.00,,1.00,,,,0.00,,2.00,1,,,,,2.00,1,,5.00,1,,1.00,1,,,,,1.00,1,,,2,,3,,5-15 yrs,5-15 yrs,2,2,2,2,5,,0,,1521797,10888,V,76.19,17.59,17.59,17.59,17.59,32.29,32.29,32.29,32.29,35.12,35.12,35.12,35.12,12.50
United Kingdom,GBR,Scotland,UK_SCO,STATE_TOTAL,20220309,1.00,1,,,,,1.00,1,,0.00,,,,,,0.00,,,0.00,,,,,,0.00,,,0.00,,,,,,0.00,,,0.00,,,,,,0.00,,,0.00,,,,,,0.00,,,0.00,,,,,,0.00,,,,1.00,1.00,1.00,,1.00,0,,0.00,,,,,,2.00,1,,3.00,,1.00,,,,0.00,,2.00,1,,,,,2.00,1,,5.00,1,,1.00,1,,,,,1.00,1,,,2,,3,,5-15 yrs,5-15 yrs,2,2,2,2,5,,0,,1533640,10906,V,76.21,17.59,17.59,17.59,17.59,32.29,32.29,32.29,32.29,35.12,35.12,35.12,35.12,12.50
United Kingdom,GBR,Scotland,UK_SCO,STATE_TOTAL,20220310,1.00,1,,,,,1.00,1,,0.00,,,,,,0.00,,,0.00,,,,,,0.00,,,0.00,,,,,,0.00,,,0.00,,,,,,0.00,,,0.00,,,,,,0.00,,,0.00,,,,,,0.00,,,,1.00,1.00,1.00,,1.00,0,,0.00,,,,,,2.00,1,,3.00,,1.00,,,,0.00,,2.00,1,,,,,2.00,1,,5.00,1,,1.00,1,,,,,1.00,1,,,2,,3,,5-15 yrs,5-15 yrs,2,2,2,2,5,,0,,1561034,10947,V,76.23,17.59,17.59,17.59,17.59,32.29,32.29,32.29,32.29,35.12,35.12,35.12,35.12,12.50
United Kingdom,GBR,Scotland,UK_SCO,STATE_TOTAL,20220311,1.00,1,,,,,1.00,1,,0.00,,,,,,0.00,,,0.00,,,,,,0.00,,,0.00,,,,,,0.00,,,0.00,,,,,,0.00,,,0.00,,,,,,0.00,,,0.00,,,,,,0.00,,,,1.00,1.00,1.00,,1.00,0,,0.00,,,,,,2.00,1,,3.00,,1.00,,,,0.00,,2.00,1,,,,,2.00,1,,5.00,1,,1.00,1,,,,,1.00,1,,,2,,3,,5-15 yrs,5-15 yrs,2,2,2,2,5,,0,,1574047,10969,V,76.23,17.59,17.59,17.59,17.59,32.29,32.29,32.29,32.29,35.12,35.12,35.12,35.12,12.50
United Kingdom,GBR,Scotland,UK_SCO,STATE_TOTAL,20220312,1.00,1,,,,,1.00,1,,0.00,,,,,,0.00,,,0.00,,,,,,0.00,,,0.00,,,,,,0.00,,,0.00,,,,,,0.00,,,0.00,,,,,,0.00,,,0.00,,,,,,0.00,,,,1.00,1.00,1.00,,1.00,0,,0.00,,,,,,2.00,1,,3.00,,1.00,,,,0.00,,2.00,1,,,,,2.00,1,,5.00,1,,1.00,1,,,,,1.00,1,,,2,,3,,5-15 yrs,5-15 yrs,2,2,2,2,5,,0,,1574047,10969,V,76.23,17.59,17.59,17.59,17.59,32.29,32.29,32.29,32.29,35.12,35.12,35.12,35.12,12.50
United Kingdom,GBR,Scotland,UK_SCO,STATE_TOTAL,20220313,1.00,1,,,,,1.00,1,,0.00,,,,,,0.00,,,0.00,,,,,,0.00,,,0.00,,,,,,0.00,,,0.00,,,,,,0.00,,,0.00,,,,,,0.00,,,0.00,,,,,,0.00,,,,1.00,1.00,1.00,,1.00,0,,0.00,,,,,,2.00,1,,3.00,,1.00,,,,0.00,,2.00,1,,,,,2.00,1,,5.00,1,,1.00,1,,,,,1.00,1,,,2,,3,,5-15 yrs,5-15 yrs,2,2,2,2,5,,0,,1574047,10969,V,76.23,17.59,17.59,17.59,17.59,32.29,32.29,32.29,32.29,35.12,35.12,35.12,35.12,12.50
United Kingdom,GBR,Scotland,UK_SCO,STATE_TOTAL,20220314,1.00,1,,,,,1.00,1,,0.00,,,,,,0.00,,,0.00,,,,,,0.00,,,0.00,,,,,,0.00,,,0.00,,,,,,0.00,,,0.00,,,,,,0.00,,,0.00,,,,,,0.00,,,,1.00,1.00,1.00,,1.00,0,,0.00,,,,,,2.00,1,,3.00,,1.00,,,,0.00,,2.00,1,,,,,2.00,1,,5.00,1,,1.00,1,,,,,1.00,1,,,2,,3,,5-15 yrs,5-15 yrs,2,2,2,2,5,,0,,1574047,10969,V,76.23,17.59,17.59,17.59,17.59,32.29,32.29,32.29,32.29,35.12,35.12,35.12,35.12,12.50
United Kingdom,GBR,Scotland,UK_SCO,STATE_TOTAL,20220315,1.00,1,,,,,1.00,1,,0.00,,,,,,0.00,,,0.00,,,,,,0.00,,,0.00,,,,,,0.00,,,0.00,,,,,,0.00,,,0.00,,,,,,0.00,,,0.00,,,,,,0.00,,,,1.00,1.00,1.00,,1.00,0,,0.00,,,,,,2.00,1,,3.00,,1.00,,,,0.00,,2.00,1,,,,,2.00,1,,5.00,1,,1.00,1,,,,,1.00,1,,,2,,3,,5-15 yrs,5-15 yrs,2,2,2,2,5,,0,,1622345,11016,V,76.23,17.59,17.59,17.59,17.59,32.29,32.29,32.29,32.29,35.12,35.12,35.12,35.12,12.50
United Kingdom,GBR,Scotland,UK_SCO,STATE_TOTAL,20220316,1.00,1,,,,,1.00,1,,0.00,,,,,,0.00,,,0.00,,,,,,0.00,,,0.00,,,,,,0.00,,,0.00,,,,,,0.00,,,0.00,,,,,,0.00,,,0.00,,,,,,0.00,,,,1.00,1.00,1.00,,1.00,0,,0.00,,,,,,2.00,1,,3.00,,1.00,,,,0.00,,2.00,1,,,,,2.00,1,,5.00,1,,1.00,1,,,,,1.00,1,,,2,,3,,5-15 yrs,5-15 yrs,2,2,2,2,5,,0,,1632909,11047,V,76.23,17.59,17.59,17.59,17.59,32.29,32.29,32.29,32.29,35.12,35.12,35.12,35.12,12.50
United Kingdom,GBR,Scotland,UK_SCO,STATE_TOTAL,20220317,1.00,1,,,,,1.00,1,,0.00,,,,,,0.00,,,0.00,,,,,,0.00,,,0.00,,,,,,0.00,,,0.00,,,,,,0.00,,,0.00,,,,,,0.00,,,0.00,,,,,,0.00,,,,1.00,1.00,1.00,,1.00,0,,0.00,,,,,,2.00,1,,3.00,,1.00,,,,0.00,,2.00,1,,,,,2.00,1,,5.00,1,,1.00,1,,,,,1.00,1,,,2,,3,,5-15 yrs,5-15 yrs,2,2,2,2,5,,0,,1643664,11075,V,76.23,17.59,17.59,17.59,17.59,32.29,32.29,32.29,32.29,35.12,35.12,35.12,35.12,12.50
United Kingdom,GBR,Scotland,UK_SCO,STATE_TOTAL,20220318,1.00,1,,,,,1.00,1,,0.00,,,,,,0.00,,,0.00,,,,,,0.00,,,0.00,,,,,,0.00,,,0.00,,,,,,0.00,,,0.00,,,,,,0.00,,,0.00,,,,,,0.00,,,0.00,,,0.00,"18 March 2022    The transport secretary has confirmed that all remaining Covid travel measures will be scrapped.    Currently, everyone travelling to the UK must complete a passenger locator form before they arrive.    Travellers who are not fully vaccinated have to take a Covid test before departure, fill in the form, and book and pay for a PCR test after arriving.    Grant Shapps confirmed in a tweet that these rules will end at 04:00 on Friday.    Scotland and Wales have agreed to follow England in scrapping the remaining coronavirus border measures.    http://web.archive.org/web/20220318104124/https://www.bbc.com/news/business-60741158",1.00,0,,0.00,,,,,,2.00,1,,3.00,,1.00,,,,0.00,,2.00,1,,,,,2.00,1,"Rules making mask-wearing in indoor public spaces like trains and buses may remain for longer than expected.    The First Minister had planned to drop the mask mandate at the end of March but the Health Secretary told the BBC today ministers would be considering whether to delay because of rising numbers of Covid cases.    https://archive.ph/qKOwC",5.00,1,,1.00,1,,,,,1.00,1,,,2,,3,,5-15 yrs,5-15 yrs,2,2,2,2,5,,0,,1663830,11098,V,76.23,14.81,14.81,14.81,14.81,30.73,30.73,30.73,30.73,33.33,33.33,33.33,33.33,12.50
United Kingdom,GBR,Scotland,UK_SCO,STATE_TOTAL,20220319,1.00,1,,,,,1.00,1,,0.00,,,,,,0.00,,,0.00,,,,,,0.00,,,0.00,,,,,,0.00,,,0.00,,,,,,0.00,,,0.00,,,,,,0.00,,,0.00,,,,,,0.00,,,0.00,,,0.00,,1.00,0,,0.00,,,,,,2.00,1,,3.00,,1.00,,,,0.00,,2.00,1,,,,,2.00,1,,5.00,1,,1.00,1,,,,,1.00,1,,,2,,3,,5-15 yrs,5-15 yrs,2,2,2,2,5,,0,,1663830,11098,V,76.23,14.81,14.81,14.81,14.81,30.73,30.73,30.73,30.73,33.33,33.33,33.33,33.33,12.50
United Kingdom,GBR,Scotland,UK_SCO,STATE_TOTAL,20220320,1.00,1,,,,,1.00,1,,0.00,,,,,,0.00,,,0.00,,,,,,0.00,,,0.00,,,,,,0.00,,,0.00,,,,,,0.00,,,0.00,,,,,,0.00,,,0.00,,,,,,0.00,,,0.00,,,0.00,,1.00,0,,0.00,,,,,,2.00,1,,3.00,,1.00,,,,0.00,,2.00,1,,,,,2.00,1,,5.00,1,,1.00,1,,,,,1.00,1,,,2,,3,,5-15 yrs,5-15 yrs,2,2,2,2,5,,0,,1663830,11098,V,76.23,14.81,14.81,14.81,14.81,30.73,30.73,30.73,30.73,33.33,33.33,33.33,33.33,12.50
United Kingdom,GBR,Scotland,UK_SCO,STATE_TOTAL,20220321,1.00,1,,,,,1.00,1,,0.00,,,,,,0.00,,,0.00,,,,,,0.00,,,0.00,,,,,,0.00,,,0.00,,,,,,0.00,,,0.00,,,,,,0.00,,,0.00,,,,,,0.00,,,0.00,,,0.00,,1.00,0,,0.00,,,,,,2.00,1,,3.00,,1.00,,,,0.00,,2.00,1,,,,,2.00,1,,5.00,1,,1.00,1,,,,,1.00,1,,,2,,3,,5-15 yrs,5-15 yrs,2,2,2,2,5,,0,,1693308,11126,V,76.23,14.81,14.81,14.81,14.81,30.73,30.73,30.73,30.73,33.33,33.33,33.33,33.33,12.50
United Kingdom,GBR,Scotland,UK_SCO,STATE_TOTAL,20220322,1.00,1,,,,,1.00,1,,0.00,,,,,,0.00,,,0.00,,,,,,0.00,,,0.00,,,,,,0.00,,,0.00,,,,,,0.00,,,0.00,,,,,,0.00,,,0.00,,,,,,0.00,,,0.00,,,0.00,,1.00,0,,0.00,,,,,,2.00,1,,3.00,,1.00,,,,0.00,,2.00,1,,,,,2.00,1,,5.00,1,,1.00,1,,,,,1.00,1,,,2,,3,,5-15 yrs,5-15 yrs,2,2,2,2,5,,0,,1705109,11163,V,76.23,14.81,14.81,14.81,14.81,30.73,30.73,30.73,30.73,33.33,33.33,33.33,33.33,12.50
United Kingdom,GBR,Scotland,UK_SCO,STATE_TOTAL,20220323,1.00,1,,,,,1.00,1,,0.00,,,,,,0.00,,,0.00,,,,,,0.00,,,0.00,,,,,,0.00,,,0.00,,,,,,0.00,,,0.00,,,,,,0.00,,,0.00,,,,,,0.00,,,0.00,,,0.00,,1.00,0,,0.00,,,,,,2.00,1,,3.00,,1.00,,,,0.00,,2.00,1,,,,,2.00,1,,5.00,1,,1.00,1,,,,,1.00,1,,,2,,3,,5-15 yrs,5-15 yrs,2,2,2,2,5,,0,,1717534,11202,V,76.27,14.81,14.81,14.81,14.81,30.73,30.73,30.73,30.73,33.33,33.33,33.33,33.33,12.50
United Kingdom,GBR,Scotland,UK_SCO,STATE_TOTAL,20220324,1.00,1,,,,,1.00,1,,0.00,,,,,,0.00,,,0.00,,,,,,0.00,,,0.00,,,,,,0.00,,,0.00,,,,,,0.00,,,0.00,,,,,,0.00,,,0.00,,,,,,0.00,,,0.00,,,0.00,,1.00,0,,0.00,,,,,,2.00,1,,3.00,,1.00,,,,0.00,,2.00,1,,,,,2.00,1,,5.00,1,,1.00,1,,,,,1.00,1,,,2,,3,,5-15 yrs,5-15 yrs,2,2,2,2,5,,0,,1730889,11246,V,76.28,14.81,14.81,14.81,14.81,30.73,30.73,30.73,30.73,33.33,33.33,33.33,33.33,12.50
United Kingdom,GBR,Scotland,UK_SCO,STATE_TOTAL,20220325,1.00,1,,,,,1.00,1,,0.00,,,,,,0.00,,,0.00,,,,,,0.00,,,0.00,,,,,,0.00,,,0.00,,,,,,0.00,,,0.00,,,,,,0.00,,,0.00,,,,,,0.00,,,0.00,,,0.00,,1.00,0,,0.00,,,,,,2.00,1,,3.00,,1.00,,,,0.00,,2.00,1,,,,,2.00,1,,5.00,1,,1.00,1,,,,,1.00,1,,,2,,3,,5-15 yrs,5-15 yrs,2,2,2,2,5,,0,,1740857,11287,V,76.30,14.81,14.81,14.81,14.81,30.73,30.73,30.73,30.73,33.33,33.33,33.33,33.33,12.50
United Kingdom,GBR,Scotland,UK_SCO,STATE_TOTAL,20220326,1.00,1,,,,,1.00,1,,0.00,,,,,,0.00,,,0.00,,,,,,0.00,,,0.00,,,,,,0.00,,,0.00,,,,,,0.00,,,0.00,,,,,,0.00,,,0.00,,,,,,0.00,,,0.00,,,0.00,,1.00,0,,0.00,,,,,,2.00,1,,3.00,,1.00,,,,0.00,,2.00,1,,,,,2.00,1,,5.00,1,,1.00,1,,,,,1.00,1,,,2,,3,,5-15 yrs,5-15 yrs,2,2,2,2,5,,0,,1740857,11287,V,76.31,14.81,14.81,14.81,14.81,30.73,30.73,30.73,30.73,33.33,33.33,33.33,33.33,12.50
United Kingdom,GBR,Scotland,UK_SCO,STATE_TOTAL,20220327,1.00,1,,,,,1.00,1,,0.00,,,,,,0.00,,,0.00,,,,,,0.00,,,0.00,,,,,,0.00,,,0.00,,,,,,0.00,,,0.00,,,,,,0.00,,,0.00,,,,,,0.00,,,0.00,,,0.00,,1.00,0,,0.00,,,,,,2.00,1,,3.00,,1.00,,,,0.00,,2.00,1,,,,,2.00,1,,5.00,1,,1.00,1,,,,,1.00,1,,,2,,3,,5-15 yrs,5-15 yrs,2,2,2,2,5,,0,,1740857,11287,V,76.32,14.81,14.81,14.81,14.81,30.73,30.73,30.73,30.73,33.33,33.33,33.33,33.33,12.50
United Kingdom,GBR,Scotland,UK_SCO,STATE_TOTAL,20220328,1.00,1,,,,,1.00,1,,0.00,,,,,,0.00,,,0.00,,,,,,0.00,,,0.00,,,,,,0.00,,,0.00,,,,,,0.00,,,0.00,,,,,,0.00,,,0.00,,,,,,0.00,,,0.00,,,0.00,,1.00,0,,0.00,,,,,,2.00,1,,3.00,,1.00,,,,0.00,,2.00,1,,,,,2.00,1,,5.00,1,,1.00,1,,,,,1.00,1,,,2,,3,,5-15 yrs,5-15 yrs,2,2,2,2,5,,0,,1766147,11320,V,76.34,14.81,14.81,14.81,14.81,30.73,30.73,30.73,30.73,33.33,33.33,33.33,33.33,12.50
United Kingdom,GBR,Scotland,UK_SCO,STATE_TOTAL,20220329,1.00,1,,,,,1.00,1,,0.00,,,,,,0.00,,,0.00,,,,,,0.00,,,0.00,,,,,,0.00,,,0.00,,,,,,0.00,,,0.00,,,,,,0.00,,,0.00,,,,,,0.00,,,0.00,,,0.00,,1.00,0,,0.00,,,,,,2.00,1,,3.00,,1.00,,,,0.00,,2.00,1,,,,,2.00,1,,5.00,1,,1.00,1,,,,,1.00,1,,,2,,3,,5-15 yrs,5-15 yrs,2,2,2,2,5,,0,,1775358,11359,V,76.35,14.81,14.81,14.81,14.81,30.73,30.73,30.73,30.73,33.33,33.33,33.33,33.33,12.50
United Kingdom,GBR,Scotland,UK_SCO,STATE_TOTAL,20220330,0.00,,,,,,0.00,,"Masks still required in communal areas in schools    http://web.archive.org/web/20220325024311/https://www.bbc.com/news/uk-scotland-60843171",0.00,,,,,,0.00,,,0.00,,,,,,0.00,,,0.00,,,,,,0.00,,,0.00,,,,,,0.00,,,0.00,,,,,,0.00,,,0.00,,,,,,0.00,,,0.00,,,0.00,,1.00,0,,0.00,,,,,,2.00,1,,3.00,,1.00,,,,0.00,,2.00,1,,,,,2.00,1,,5.00,1,,1.00,1,,,,,1.00,1,,,2,,3,,5-15 yrs,5-15 yrs,2,2,2,2,5,,0,,1784824,11393,V,76.36,11.11,11.11,11.11,11.11,28.65,28.65,28.65,28.65,30.95,30.95,30.95,30.95,12.50
United Kingdom,GBR,Scotland,UK_SCO,STATE_TOTAL,20220331,0.00,,,,,,0.00,,,0.00,,,,,,0.00,,,0.00,,,,,,0.00,,,0.00,,,,,,0.00,,,0.00,,,,,,0.00,,,0.00,,,,,,0.00,,,0.00,,,,,,0.00,,,0.00,,,0.00,,1.00,0,,0.00,,,,,,2.00,1,,3.00,,1.00,,,,0.00,,2.00,1,,,,,2.00,1,,5.00,1,,1.00,1,,,,,1.00,1,,,2,,3,,5-15 yrs,5-15 yrs,2,2,2,2,5,,0,,1793771,11428,V,76.37,11.11,11.11,11.11,11.11,28.65,28.65,28.65,28.65,30.95,30.95,30.95,30.95,12.50
United Kingdom,GBR,Scotland,UK_SCO,STATE_TOTAL,20220401,0.00,,,,,,0.00,,,0.00,,,,,,0.00,,,0.00,,,,,,0.00,,,0.00,,,,,,0.00,,,0.00,,,,,,0.00,,,0.00,,,,,,0.00,,,0.00,,,,,,0.00,,,0.00,,,0.00,,1.00,0,,0.00,,,,,,2.00,1,,3.00,,1.00,,,,0.00,,2.00,1,,,,,2.00,1,,5.00,1,,1.00,1,,,,,1.00,1,,,2,"Children aged five to 11 will be offered COVID-19 vaccination appointments in community clinics from 19 March 2022.  This follows the advice last week from the Joint Committee on Vaccination and Immunisation (JCVI) recommending the universal vaccination of five to 11 year olds.    https://web.archive.org/web/20230207072150/https://www.gov.scot/news/vaccinations-for-all-five-to-11-year-olds/",3,,5-15 yrs,5-15 yrs,2,2,2,2,5,,0,,1800581,11469,V,76.38,11.11,11.11,11.11,11.11,28.65,28.65,28.65,28.65,30.95,30.95,30.95,30.95,12.50
United Kingdom,GBR,Scotland,UK_SCO,STATE_TOTAL,20220402,0.00,,,,,,0.00,,,0.00,,,,,,0.00,,,0.00,,,,,,0.00,,,0.00,,,,,,0.00,,,0.00,,,,,,0.00,,,0.00,,,,,,0.00,,,0.00,,,,,,0.00,,,0.00,,,0.00,,1.00,0,,0.00,,,,,,2.00,1,,3.00,,1.00,,,,0.00,,2.00,1,,,,,2.00,1,,5.00,1,,1.00,1,,,,,1.00,1,,,2,,3,,5-15 yrs,5-15 yrs,2,2,2,2,5,,0,,1800581,11469,V,76.40,11.11,11.11,11.11,11.11,28.65,28.65,28.65,28.65,30.95,30.95,30.95,30.95,12.50
United Kingdom,GBR,Scotland,UK_SCO,STATE_TOTAL,20220403,0.00,,,,,,0.00,,,0.00,,,,,,0.00,,,0.00,,,,,,0.00,,,0.00,,,,,,0.00,,,0.00,,,,,,0.00,,,0.00,,,,,,0.00,,,0.00,,,,,,0.00,,,0.00,,,0.00,,1.00,0,,0.00,,,,,,2.00,1,,3.00,,1.00,,,,0.00,,2.00,1,,,,,2.00,1,,5.00,1,,1.00,1,,,,,1.00,1,,,2,,3,,5-15 yrs,5-15 yrs,2,2,2,2,5,,0,,1800581,11469,V,76.41,11.11,11.11,11.11,11.11,28.65,28.65,28.65,28.65,30.95,30.95,30.95,30.95,12.50
United Kingdom,GBR,Scotland,UK_SCO,STATE_TOTAL,20220404,0.00,,,,,,0.00,,,0.00,,,,,,0.00,,,0.00,,,,,,0.00,,,0.00,,,,,,0.00,,,0.00,,,,,,0.00,,,0.00,,,,,,0.00,,,0.00,,,,,,0.00,,,0.00,,,0.00,,1.00,0,,0.00,,,,,,2.00,1,,3.00,,1.00,,,,0.00,,2.00,1,,,,,2.00,1,,5.00,1,,1.00,1,,,,,1.00,1,,,2,,3,,5-15 yrs,5-15 yrs,2,2,2,2,5,,0,,1817661,11507,V,76.42,11.11,11.11,11.11,11.11,28.65,28.65,28.65,28.65,30.95,30.95,30.95,30.95,12.50
United Kingdom,GBR,Scotland,UK_SCO,STATE_TOTAL,20220405,0.00,,,,,,0.00,,,0.00,,,,,,0.00,,,0.00,,,,,,0.00,,,0.00,,,,,,0.00,,,0.00,,,,,,0.00,,,0.00,,,,,,0.00,,,0.00,,,,,,0.00,,,0.00,,,0.00,,1.00,0,,0.00,,,,,,2.00,1,,3.00,,1.00,,,,0.00,,2.00,1,,,,,2.00,1,,5.00,1,,1.00,1,,,,,1.00,1,,,2,,3,,5-15 yrs,5-15 yrs,2,2,2,2,5,,0,,1823661,11551,V,76.44,11.11,11.11,11.11,11.11,28.65,28.65,28.65,28.65,30.95,30.95,30.95,30.95,12.50
United Kingdom,GBR,Scotland,UK_SCO,STATE_TOTAL,20220406,0.00,,,,,,0.00,,,0.00,,,,,,0.00,,,0.00,,,,,,0.00,,,0.00,,,,,,0.00,,,0.00,,,,,,0.00,,,0.00,,,,,,0.00,,,0.00,,,,,,0.00,,,0.00,,,0.00,,1.00,0,,0.00,,,,,,2.00,1,,3.00,,1.00,,,,0.00,,2.00,1,,,,,2.00,1,,5.00,1,,1.00,1,,,,,1.00,1,,,2,,3,,5-15 yrs,5-15 yrs,2,2,2,2,5,,0,,1831010,11582,V,76.46,11.11,11.11,11.11,11.11,28.65,28.65,28.65,28.65,30.95,30.95,30.95,30.95,12.50
United Kingdom,GBR,Scotland,UK_SCO,STATE_TOTAL,20220407,0.00,,,,,,0.00,,,0.00,,,,,,0.00,,,0.00,,,,,,0.00,,,0.00,,,,,,0.00,,,0.00,,,,,,0.00,,,0.00,,,,,,0.00,,,0.00,,,,,,0.00,,,0.00,,,0.00,,1.00,0,,0.00,,,,,,2.00,1,,3.00,,1.00,,,,0.00,,2.00,1,,,,,2.00,1,,5.00,1,,1.00,1,,,,,1.00,1,,,2,,3,,5-15 yrs,5-15 yrs,2,2,2,2,5,,0,,1837704,11615,V,76.47,11.11,11.11,11.11,11.11,28.65,28.65,28.65,28.65,30.95,30.95,30.95,30.95,12.50
United Kingdom,GBR,Scotland,UK_SCO,STATE_TOTAL,20220408,0.00,,,,,,0.00,,,0.00,,,,,,0.00,,,0.00,,,,,,0.00,,,0.00,,,,,,0.00,,,0.00,,,,,,0.00,,,0.00,,,,,,0.00,,,0.00,,,,,,0.00,,,0.00,,,0.00,,1.00,0,,0.00,,,,,,2.00,1,,3.00,"LFTs and universal testing available in Scotland until 18 April 2022    http://web.archive.org/web/20220408111030/https://www.heraldscotland.com/politics/19996227.covid-scotland-universal-free-testing-end-april-18/",1.00,,,,0.00,,2.00,1,,,,,2.00,1,,5.00,1,,1.00,1,,,,,1.00,1,,,2,,3,,5-15 yrs,5-15 yrs,2,2,2,2,5,,0,,1843856,11650,V,76.48,11.11,11.11,11.11,11.11,28.65,28.65,28.65,28.65,30.95,30.95,30.95,30.95,12.50
United Kingdom,GBR,Scotland,UK_SCO,STATE_TOTAL,20220409,0.00,,,,,,0.00,,,0.00,,,,,,0.00,,,0.00,,,,,,0.00,,,0.00,,,,,,0.00,,,0.00,,,,,,0.00,,,0.00,,,,,,0.00,,,0.00,,,,,,0.00,,,0.00,,,0.00,,1.00,0,,0.00,,,,,,2.00,1,,3.00,,1.00,,,,0.00,,2.00,1,,,,,2.00,1,,5.00,1,,1.00,1,,,,,1.00,1,,,2,,3,,5-15 yrs,5-15 yrs,2,2,2,2,5,,0,,1843856,11650,V,76.50,11.11,11.11,11.11,11.11,28.65,28.65,28.65,28.65,30.95,30.95,30.95,30.95,12.50
United Kingdom,GBR,Scotland,UK_SCO,STATE_TOTAL,20220410,0.00,,,,,,0.00,,,0.00,,,,,,0.00,,,0.00,,,,,,0.00,,,0.00,,,,,,0.00,,,0.00,,,,,,0.00,,,0.00,,,,,,0.00,,,0.00,,,,,,0.00,,,0.00,,,0.00,,1.00,0,,0.00,,,,,,2.00,1,,3.00,,1.00,,,,0.00,,2.00,1,,,,,2.00,1,,5.00,1,,1.00,1,,,,,1.00,1,,,2,,3,,5-15 yrs,5-15 yrs,2,2,2,2,5,,0,,1843856,11650,V,76.51,11.11,11.11,11.11,11.11,28.65,28.65,28.65,28.65,30.95,30.95,30.95,30.95,12.50
United Kingdom,GBR,Scotland,UK_SCO,STATE_TOTAL,20220411,0.00,,,,,,0.00,,,0.00,,,,,,0.00,,,0.00,,,,,,0.00,,,0.00,,,,,,0.00,,,0.00,,,,,,0.00,,,0.00,,,,,,0.00,,,0.00,,,,,,0.00,,,0.00,,,0.00,,1.00,0,,0.00,,,,,,2.00,1,,3.00,,1.00,,,,0.00,,2.00,1,,,,,2.00,1,,5.00,1,,1.00,1,,,,,1.00,1,,,2,,3,,5-15 yrs,5-15 yrs,2,2,2,2,5,,0,,1857540,11675,V,76.53,11.11,11.11,11.11,11.11,28.65,28.65,28.65,28.65,30.95,30.95,30.95,30.95,12.50
United Kingdom,GBR,Scotland,UK_SCO,STATE_TOTAL,20220412,0.00,,,,,,0.00,,,0.00,,,,,,0.00,,,0.00,,,,,,0.00,,,0.00,,,,,,0.00,,,0.00,,,,,,0.00,,,0.00,,,,,,0.00,,,0.00,,,,,,0.00,,,0.00,,,0.00,,1.00,0,,0.00,,,,,,2.00,1,,3.00,,1.00,,,,0.00,,2.00,1,,,,,2.00,1,,5.00,1,,1.00,1,,,,,1.00,1,,,2,,3,,5-15 yrs,5-15 yrs,2,2,2,2,5,,0,,1863120,11706,V,76.54,11.11,11.11,11.11,11.11,28.65,28.65,28.65,28.65,30.95,30.95,30.95,30.95,12.50
United Kingdom,GBR,Scotland,UK_SCO,STATE_TOTAL,20220413,0.00,,,,,,0.00,,,0.00,,,,,,0.00,,,0.00,,,,,,0.00,,,0.00,,,,,,0.00,,,0.00,,,,,,0.00,,,0.00,,,,,,0.00,,,0.00,,,,,,0.00,,,0.00,,,0.00,,1.00,0,,0.00,,,,,,2.00,1,,3.00,,1.00,,,,0.00,,2.00,1,,,,,2.00,1,,5.00,1,,1.00,1,,,,,1.00,1,,,2,,3,,5-15 yrs,5-15 yrs,2,2,2,2,5,,0,,1868563,11734,V,76.56,11.11,11.11,11.11,11.11,28.65,28.65,28.65,28.65,30.95,30.95,30.95,30.95,12.50
United Kingdom,GBR,Scotland,UK_SCO,STATE_TOTAL,20220414,0.00,,,,,,0.00,,,0.00,,,,,,0.00,,,0.00,,,,,,0.00,,,0.00,,,,,,0.00,,,0.00,,,,,,0.00,,,0.00,,,,,,0.00,,,0.00,,,,,,0.00,,,0.00,,,0.00,,1.00,0,,0.00,,,,,,2.00,1,,3.00,,1.00,,,,0.00,,2.00,1,,,,,2.00,1,,5.00,1,,1.00,1,,,,,1.00,1,,,2,,3,,5-15 yrs,5-15 yrs,2,2,2,2,5,,0,,1872702,11774,V,76.57,11.11,11.11,11.11,11.11,28.65,28.65,28.65,28.65,30.95,30.95,30.95,30.95,12.50
United Kingdom,GBR,Scotland,UK_SCO,STATE_TOTAL,20220415,0.00,,,,,,0.00,,,0.00,,,,,,0.00,,,0.00,,,,,,0.00,,,0.00,,,,,,0.00,,,0.00,,,,,,0.00,,,0.00,,,,,,0.00,,,0.00,,,,,,0.00,,,0.00,,,0.00,,1.00,0,,0.00,,,,,,2.00,1,,3.00,,1.00,,,,0.00,,2.00,1,,,,,2.00,1,,5.00,1,,1.00,1,,,,,1.00,1,,,2,,3,,5-15 yrs,5-15 yrs,2,2,2,2,5,,0,,1872702,11774,V,76.58,11.11,11.11,11.11,11.11,28.65,28.65,28.65,28.65,30.95,30.95,30.95,30.95,12.50
United Kingdom,GBR,Scotland,UK_SCO,STATE_TOTAL,20220416,0.00,,,,,,0.00,,,0.00,,,,,,0.00,,,0.00,,,,,,0.00,,,0.00,,,,,,0.00,,,0.00,,,,,,0.00,,,0.00,,,,,,0.00,,,0.00,,,,,,0.00,,,0.00,,,0.00,,1.00,0,,0.00,,,,,,2.00,1,,3.00,,1.00,,,,0.00,,2.00,1,,,,,2.00,1,,5.00,1,,1.00,1,,,,,1.00,1,,,2,,3,,5-15 yrs,5-15 yrs,2,2,2,2,5,,0,,1872702,11774,V,76.60,11.11,11.11,11.11,11.11,28.65,28.65,28.65,28.65,30.95,30.95,30.95,30.95,12.50
United Kingdom,GBR,Scotland,UK_SCO,STATE_TOTAL,20220417,0.00,,,,,,0.00,,,0.00,,,,,,0.00,,,0.00,,,,,,0.00,,,0.00,,,,,,0.00,,,0.00,,,,,,0.00,,,0.00,,,,,,0.00,,,0.00,,,,,,0.00,,,0.00,,,0.00,,1.00,0,,0.00,,,,,,2.00,1,,3.00,,1.00,,,,0.00,,2.00,1,,,,,2.00,1,,5.00,1,,1.00,1,,,,,1.00,1,,,2,,3,,5-15 yrs,5-15 yrs,2,2,2,2,5,,0,,1872702,11774,V,76.61,11.11,11.11,11.11,11.11,28.65,28.65,28.65,28.65,30.95,30.95,30.95,30.95,12.50
United Kingdom,GBR,Scotland,UK_SCO,STATE_TOTAL,20220418,0.00,,,,,,0.00,,"As of this date only very limited operational changes remain  http://web.archive.org/web/20220325230056/https://www.gov.scot/publications/coronavirus-covid-19-guidance-on-reducing-the-risks-in-schools/pages/ventilation-and-heating/",0.00,,,,,,0.00,,"No legal requirements to wear face coverings as of 18 April 2022    http://web.archive.org/web/20220420083606/https://www.gov.scot/coronavirus-covid-19/  ",0.00,,,,,,0.00,,,0.00,,,,,,0.00,,,0.00,,,,,,0.00,,,0.00,,,,,,0.00,,,0.00,,,,,,0.00,,,0.00,,,0.00,,1.00,0,,0.00,,,,,,2.00,1,,2.00,"LFTs no longer widely available so this drops to a 2    If you have COVID-19 symptoms you should isolate and book a PCR test – this advice has not changed and testing will continue until 30 April 2022. Follow the guidance on NHS Inform on self-isolating and booking a test.    Free LFD tests are no longer generally available to members of the public.    Some groups can still get free LFD tests. You can order tests if you are:    a fully vaccinated close contact of someone who has tested positive  self-isolating due to having tested positive  visiting a hospital or care home  an unpaid carer  eligible for covid treatments  Health and care workers will continue to access lateral flow testing through their workplace.    Find out more about COVID-19 testing on NHS Inform.    http://web.archive.org/web/20220420083606/https://www.gov.scot/coronavirus-covid-19/",1.00,"Contact tracing website still live on Scottish Government website    http://web.archive.org/web/20220420090445/https://www.gov.scot/publications/coronavirus-covid-19-test-and-protect/pages/close-contact-testing/",,,0.00,,1.00,1,,,,,1.00,1,"No legal requirements to wear face coverings as of 18 April 2022, but recommendation still in place on government website so recorded as a 1    http://web.archive.org/web/20220420083606/https://www.gov.scot/coronavirus-covid-19/    ",5.00,1,,1.00,1,,,,,1.00,1,"Still evidence of ongoing protection and operational changes to care homes    http://web.archive.org/web/20220420090806/https://www.gov.scot/publications/coronavirus-covid-19-adult-care-homes-visiting-guidance/",,2,,3,,5-15 yrs,5-15 yrs,2,2,2,2,5,,0,,1872702,11774,V,76.61,11.11,11.11,11.11,11.11,25.00,25.00,25.00,25.00,26.79,26.79,26.79,26.79,12.50
United Kingdom,GBR,Scotland,UK_SCO,STATE_TOTAL,20220419,0.00,,,,,,0.00,,,0.00,,,,,,0.00,,,0.00,,,,,,0.00,,,0.00,,,,,,0.00,,,0.00,,,,,,0.00,,,0.00,,,,,,0.00,,,0.00,,,,,,0.00,,,0.00,,,0.00,,1.00,0,,0.00,,,,,,2.00,1,,2.00,,1.00,,,,0.00,,1.00,1,,,,,1.00,1,,5.00,1,,1.00,1,,,,,1.00,1,,,2,,3,,5-15 yrs,5-15 yrs,2,2,2,2,5,,0,,1892851,11815,V,76.62,11.11,11.11,11.11,11.11,25.00,25.00,25.00,25.00,26.79,26.79,26.79,26.79,12.50
United Kingdom,GBR,Scotland,UK_SCO,STATE_TOTAL,20220420,0.00,,,,,,0.00,,,0.00,,,,,,0.00,,,0.00,,,,,,0.00,,,0.00,,,,,,0.00,,,0.00,,,,,,0.00,,,0.00,,,,,,0.00,,,0.00,,,,,,0.00,,,0.00,,,0.00,,1.00,0,,0.00,,,,,,2.00,1,,2.00,,1.00,,,,0.00,,1.00,1,,,,,1.00,1,,5.00,1,,1.00,1,,,,,1.00,1,,,2,,3,,5-15 yrs,5-15 yrs,2,2,2,2,5,,0,,1896777,11860,V,76.63,11.11,11.11,11.11,11.11,25.00,25.00,25.00,25.00,26.79,26.79,26.79,26.79,12.50
United Kingdom,GBR,Scotland,UK_SCO,STATE_TOTAL,20220421,0.00,,,,,,0.00,,,0.00,,,,,,0.00,,,0.00,,,,,,0.00,,,0.00,,,,,,0.00,,,0.00,,,,,,0.00,,,0.00,,,,,,0.00,,,0.00,,,,,,0.00,,,0.00,,,0.00,,1.00,0,,0.00,,,,,,2.00,1,,2.00,,1.00,,,,0.00,,1.00,1,,,,,1.00,1,,5.00,1,,1.00,1,,,,,1.00,1,,,2,,3,,5-15 yrs,5-15 yrs,2,2,2,2,5,,0,,1900751,11896,V,76.64,11.11,11.11,11.11,11.11,25.00,25.00,25.00,25.00,26.79,26.79,26.79,26.79,12.50
United Kingdom,GBR,Scotland,UK_SCO,STATE_TOTAL,20220422,0.00,,,,,,0.00,,,0.00,,,,,,0.00,,,0.00,,,,,,0.00,,,0.00,,,,,,0.00,,,0.00,,,,,,0.00,,,0.00,,,,,,0.00,,,0.00,,,,,,0.00,,,0.00,,,0.00,,1.00,0,,0.00,,,,,,2.00,1,,2.00,,1.00,,,,0.00,,1.00,1,,,,,1.00,1,,5.00,1,,1.00,1,,,,,1.00,1,,,2,,3,,5-15 yrs,5-15 yrs,2,2,2,2,5,,0,,1903803,11924,V,76.66,11.11,11.11,11.11,11.11,25.00,25.00,25.00,25.00,26.79,26.79,26.79,26.79,12.50
United Kingdom,GBR,Scotland,UK_SCO,STATE_TOTAL,20220423,0.00,,,,,,0.00,,,0.00,,,,,,0.00,,,0.00,,,,,,0.00,,,0.00,,,,,,0.00,,,0.00,,,,,,0.00,,,0.00,,,,,,0.00,,,0.00,,,,,,0.00,,,0.00,,,0.00,,1.00,0,,0.00,,,,,,2.00,1,,2.00,,1.00,,,,0.00,,1.00,1,,,,,1.00,1,,5.00,1,,1.00,1,,,,,1.00,1,,,2,,3,,5-15 yrs,5-15 yrs,2,2,2,2,5,,0,,1903803,11924,V,76.67,11.11,11.11,11.11,11.11,25.00,25.00,25.00,25.00,26.79,26.79,26.79,26.79,12.50
United Kingdom,GBR,Scotland,UK_SCO,STATE_TOTAL,20220424,0.00,,,,,,0.00,,,0.00,,,,,,0.00,,,0.00,,,,,,0.00,,,0.00,,,,,,0.00,,,0.00,,,,,,0.00,,,0.00,,,,,,0.00,,,0.00,,,,,,0.00,,,0.00,,,0.00,,1.00,0,,0.00,,,,,,2.00,1,,2.00,,1.00,,,,0.00,,1.00,1,,,,,1.00,1,,5.00,1,,1.00,1,,,,,1.00,1,,,2,,3,,5-15 yrs,5-15 yrs,2,2,2,2,5,,0,,1903803,11924,V,76.68,11.11,11.11,11.11,11.11,25.00,25.00,25.00,25.00,26.79,26.79,26.79,26.79,12.50
United Kingdom,GBR,Scotland,UK_SCO,STATE_TOTAL,20220425,0.00,,,,,,0.00,,,0.00,,,,,,0.00,,,0.00,,,,,,0.00,,,0.00,,,,,,0.00,,,0.00,,,,,,0.00,,,0.00,,,,,,0.00,,,0.00,,,,,,0.00,,,0.00,,,0.00,,1.00,0,,0.00,,,,,,2.00,1,,2.00,,1.00,,,,0.00,,1.00,1,,,,,1.00,1,,5.00,1,,1.00,1,,,,,1.00,1,,,2,,3,,5-15 yrs,5-15 yrs,2,2,2,2,5,,0,,1911485,11955,V,76.69,11.11,11.11,11.11,11.11,25.00,25.00,25.00,25.00,26.79,26.79,26.79,26.79,12.50
United Kingdom,GBR,Scotland,UK_SCO,STATE_TOTAL,20220426,0.00,,,,,,0.00,,,0.00,,,,,,0.00,,,0.00,,,,,,0.00,,,0.00,,,,,,0.00,,,0.00,,,,,,0.00,,,0.00,,,,,,0.00,,,0.00,,,,,,0.00,,,0.00,,,0.00,,1.00,0,,0.00,,,,,,2.00,1,,2.00,,1.00,,,,0.00,,1.00,1,,,,,1.00,1,,5.00,1,,1.00,1,,,,,1.00,1,,,2,,3,,5-15 yrs,5-15 yrs,2,2,2,2,5,,0,,1914229,11979,V,76.70,11.11,11.11,11.11,11.11,25.00,25.00,25.00,25.00,26.79,26.79,26.79,26.79,12.50
United Kingdom,GBR,Scotland,UK_SCO,STATE_TOTAL,20220427,0.00,,,,,,0.00,,,0.00,,,,,,0.00,,,0.00,,,,,,0.00,,,0.00,,,,,,0.00,,,0.00,,,,,,0.00,,,0.00,,,,,,0.00,,,0.00,,,,,,0.00,,,0.00,,,0.00,,1.00,0,,0.00,,,,,,2.00,1,,2.00,,1.00,,,,0.00,,1.00,1,,,,,1.00,1,,5.00,1,,1.00,1,,,,,1.00,1,,,2,,3,,5-15 yrs,5-15 yrs,2,2,2,2,5,,0,,1917330,12006,V,76.71,11.11,11.11,11.11,11.11,25.00,25.00,25.00,25.00,26.79,26.79,26.79,26.79,12.50
United Kingdom,GBR,Scotland,UK_SCO,STATE_TOTAL,20220428,0.00,,,,,,0.00,,,0.00,,,,,,0.00,,,0.00,,,,,,0.00,,,0.00,,,,,,0.00,,,0.00,,,,,,0.00,,,0.00,,,,,,0.00,,,0.00,,,,,,0.00,,,0.00,,,0.00,,1.00,0,,0.00,,,,,,2.00,1,,2.00,,1.00,,,,0.00,,1.00,1,,,,,1.00,1,,5.00,1,,1.00,1,,,,,1.00,1,,,2,,3,,5-15 yrs,5-15 yrs,2,2,2,2,5,,0,,1919903,12035,V,76.72,11.11,11.11,11.11,11.11,25.00,25.00,25.00,25.00,26.79,26.79,26.79,26.79,12.50
United Kingdom,GBR,Scotland,UK_SCO,STATE_TOTAL,20220429,0.00,,,,,,0.00,,,0.00,,,,,,0.00,,,0.00,,,,,,0.00,,,0.00,,,,,,0.00,,,0.00,,,,,,0.00,,,0.00,,,,,,0.00,,,0.00,,,,,,0.00,,,0.00,,,0.00,,1.00,0,,0.00,,,,,,2.00,1,,2.00,,1.00,,,,0.00,,1.00,1,,,,,1.00,1,,5.00,1,,1.00,1,,,,,1.00,1,,,2,,3,,5-15 yrs,5-15 yrs,2,2,2,2,5,,0,,1922160,12058,V,76.74,11.11,11.11,11.11,11.11,25.00,25.00,25.00,25.00,26.79,26.79,26.79,26.79,12.50
United Kingdom,GBR,Scotland,UK_SCO,STATE_TOTAL,20220430,0.00,,,,,,0.00,,,0.00,,,,,,0.00,,,0.00,,,,,,0.00,,,0.00,,,,,,0.00,,,0.00,,,,,,0.00,,,0.00,,,,,,0.00,,,0.00,,,,,,0.00,,,0.00,,,0.00,,1.00,0,,0.00,,,,,,2.00,1,,2.00,,1.00,,,,0.00,,1.00,1,,,,,1.00,1,,5.00,1,,1.00,1,,,,,1.00,1,,,2,,3,,5-15 yrs,5-15 yrs,2,2,2,2,5,,0,,1922160,12058,V,76.75,11.11,11.11,11.11,11.11,25.00,25.00,25.00,25.00,26.79,26.79,26.79,26.79,12.50
United Kingdom,GBR,Scotland,UK_SCO,STATE_TOTAL,20220501,0.00,,,,,,0.00,,,0.00,,,,,,0.00,,,0.00,,,,,,0.00,,,0.00,,,,,,0.00,,,0.00,,,,,,0.00,,,0.00,,,,,,0.00,,,0.00,,,,,,0.00,,,0.00,,,0.00,,1.00,0,"From 1 May the grant amount will be £225. If you test positive on or after 1 May the public health guidance advises you to stay at home for 5 days. You will not need to self-isolate for 10 days.    If you’re a low paid worker, the grant can help cover lost earnings if:    you have a positive PCR test  someone you need to care for has a positive PCR test    http://web.archive.org/web/20220510094553/https://www.mygov.scot/self-isolation-grant",0.00,,,,,,2.00,1,,2.00,,1.00,,,,0.00,,1.00,1,,,,,1.00,1,,5.00,1,,1.00,1,,,,,1.00,1,,,2,,3,,5-15 yrs,5-15 yrs,2,2,2,2,5,,0,,1922160,12058,V,76.76,11.11,11.11,11.11,11.11,25.00,25.00,25.00,25.00,26.79,26.79,26.79,26.79,12.50
United Kingdom,GBR,Scotland,UK_SCO,STATE_TOTAL,20220502,0.00,,,,,,0.00,,,0.00,,,,,,0.00,,,0.00,,,,,,0.00,,,0.00,,,,,,0.00,,,0.00,,,,,,0.00,,,0.00,,,,,,0.00,,,0.00,,,,,,0.00,,,0.00,,,0.00,,1.00,0,,0.00,,,,,,2.00,1,,2.00,,1.00,,,,0.00,,1.00,1,,,,,1.00,1,,5.00,1,,1.00,1,,,,,1.00,1,,,2,,3,,5-15 yrs,5-15 yrs,2,2,2,2,5,,0,,1922160,12058,V,76.77,11.11,11.11,11.11,11.11,25.00,25.00,25.00,25.00,26.79,26.79,26.79,26.79,12.50
United Kingdom,GBR,Scotland,UK_SCO,STATE_TOTAL,20220503,0.00,,,,,,0.00,,,0.00,,,,,,0.00,,,0.00,,,,,,0.00,,,0.00,,,,,,0.00,,,0.00,,,,,,0.00,,,0.00,,,,,,0.00,,,0.00,,,,,,0.00,,,0.00,,,0.00,,1.00,0,,0.00,,,,,,2.00,1,,2.00,,1.00,,,,0.00,,1.00,1,,,,,1.00,1,,5.00,1,,1.00,1,,,,,1.00,1,,,2,,3,,5-15 yrs,5-15 yrs,2,2,2,2,5,,0,,1927583,12088,V,76.78,11.11,11.11,11.11,11.11,25.00,25.00,25.00,25.00,26.79,26.79,26.79,26.79,12.50
United Kingdom,GBR,Scotland,UK_SCO,STATE_TOTAL,20220504,0.00,,,,,,0.00,,,0.00,,,,,,0.00,,,0.00,,,,,,0.00,,,0.00,,,,,,0.00,,,0.00,,,,,,0.00,,,0.00,,,,,,0.00,,,0.00,,,,,,0.00,,,0.00,,,0.00,,1.00,0,,0.00,,,,,,2.00,1,,2.00,,1.00,,,,0.00,,1.00,1,,,,,1.00,1,,5.00,1,,1.00,1,,,,,1.00,1,,,2,,3,,5-15 yrs,5-15 yrs,2,2,2,2,5,,0,,1928951,12108,V,76.79,11.11,11.11,11.11,11.11,25.00,25.00,25.00,25.00,26.79,26.79,26.79,26.79,12.50
United Kingdom,GBR,Scotland,UK_SCO,STATE_TOTAL,20220505,0.00,,,,,,0.00,,,0.00,,,,,,0.00,,,0.00,,,,,,0.00,,,0.00,,,,,,0.00,,,0.00,,,,,,0.00,,,0.00,,,,,,0.00,,,0.00,,,,,,0.00,,,0.00,,,0.00,,1.00,0,,0.00,,,,,,2.00,1,,2.00,,1.00,,,,0.00,,1.00,1,,,,,1.00,1,,5.00,1,,1.00,1,,,,,1.00,1,,,2,,3,,5-15 yrs,5-15 yrs,2,2,2,2,5,,0,,1930600,12139,V,76.80,11.11,11.11,11.11,11.11,25.00,25.00,25.00,25.00,26.79,26.79,26.79,26.79,12.50
United Kingdom,GBR,Scotland,UK_SCO,STATE_TOTAL,20220506,0.00,,,,,,0.00,,,0.00,,,,,,0.00,,,0.00,,,,,,0.00,,,0.00,,,,,,0.00,,,0.00,,,,,,0.00,,,0.00,,,,,,0.00,,,0.00,,,,,,0.00,,,0.00,,,0.00,,1.00,0,,0.00,,,,,,2.00,1,,2.00,,1.00,,,,0.00,,1.00,1,,,,,1.00,1,,5.00,1,,1.00,1,,,,,1.00,1,,,2,,3,,5-15 yrs,5-15 yrs,2,2,2,2,5,,0,,1931816,12157,V,76.81,11.11,11.11,11.11,11.11,25.00,25.00,25.00,25.00,26.79,26.79,26.79,26.79,12.50
United Kingdom,GBR,Scotland,UK_SCO,STATE_TOTAL,20220507,0.00,,,,,,0.00,,,0.00,,,,,,0.00,,,0.00,,,,,,0.00,,,0.00,,,,,,0.00,,,0.00,,,,,,0.00,,,0.00,,,,,,0.00,,,0.00,,,,,,0.00,,,0.00,,,0.00,,1.00,0,,0.00,,,,,,2.00,1,,2.00,,1.00,,,,0.00,,1.00,1,,,,,1.00,1,,5.00,1,,1.00,1,,,,,1.00,1,,,2,,3,,5-15 yrs,5-15 yrs,2,2,2,2,5,,0,,1931816,12157,V,76.84,11.11,11.11,11.11,11.11,25.00,25.00,25.00,25.00,26.79,26.79,26.79,26.79,12.50
United Kingdom,GBR,Scotland,UK_SCO,STATE_TOTAL,20220508,0.00,,,,,,0.00,,,0.00,,,,,,0.00,,,0.00,,,,,,0.00,,,0.00,,,,,,0.00,,,0.00,,,,,,0.00,,,0.00,,,,,,0.00,,,0.00,,,,,,0.00,,,0.00,,,0.00,,1.00,0,,0.00,,,,,,2.00,1,,2.00,,1.00,,,,0.00,,1.00,1,,,,,1.00,1,,5.00,1,,1.00,1,,,,,1.00,1,,,2,,3,,5-15 yrs,5-15 yrs,2,2,2,2,5,,0,,1931816,12157,V,76.86,11.11,11.11,11.11,11.11,25.00,25.00,25.00,25.00,26.79,26.79,26.79,26.79,12.50
United Kingdom,GBR,Scotland,UK_SCO,STATE_TOTAL,20220509,0.00,,,,,,0.00,,,0.00,,,,,,0.00,,,0.00,,,,,,0.00,,,0.00,,,,,,0.00,,,0.00,,,,,,0.00,,,0.00,,,,,,0.00,,,0.00,,,,,,0.00,,,0.00,,,0.00,,1.00,0,,0.00,,,,,,2.00,1,,2.00,,1.00,,,,0.00,,1.00,1,,,,,1.00,1,,5.00,1,,1.00,1,,,,,1.00,1,,,2,,3,,5-15 yrs,5-15 yrs,2,2,2,2,5,,0,,1935488,12179,V,76.87,11.11,11.11,11.11,11.11,25.00,25.00,25.00,25.00,26.79,26.79,26.79,26.79,12.50
United Kingdom,GBR,Scotland,UK_SCO,STATE_TOTAL,20220510,0.00,,,,,,0.00,,,0.00,,,,,,0.00,,,0.00,,,,,,0.00,,,0.00,,,,,,0.00,,,0.00,,,,,,0.00,,,0.00,,,,,,0.00,,,0.00,,,,,,0.00,,,0.00,,,0.00,,1.00,0,,0.00,,,,,,2.00,1,,1.00,,1.00,,,,0.00,,1.00,1,,,,,1.00,1,,5.00,1,,1.00,1,,,,,1.00,1,,,2,,3,,5-15 yrs,5-15 yrs,2,2,2,2,5,,0,,1935488,12179,V,76.88,11.11,11.11,11.11,11.11,22.92,22.92,22.92,22.92,24.40,24.40,24.40,24.40,12.50
United Kingdom,GBR,Scotland,UK_SCO,STATE_TOTAL,20220511,0.00,,,,,,0.00,,,0.00,,,,,,0.00,,,0.00,,,,,,0.00,,,0.00,,,,,,0.00,,,0.00,,,,,,0.00,,,0.00,,,,,,0.00,,,0.00,,,,,,0.00,,,0.00,,,0.00,,1.00,0,,0.00,,,,,,2.00,1,,1.00,,1.00,,,,0.00,,1.00,1,,,,,1.00,1,,5.00,1,,1.00,1,,,,,1.00,1,,,2,,3,,5-15 yrs,5-15 yrs,2,2,2,2,5,,0,,1935488,12179,V,76.89,11.11,11.11,11.11,11.11,22.92,22.92,22.92,22.92,24.40,24.40,24.40,24.40,12.50
United Kingdom,GBR,Scotland,UK_SCO,STATE_TOTAL,20220512,0.00,,,,,,0.00,,,0.00,,,,,,0.00,,,0.00,,,,,,0.00,,,0.00,,,,,,0.00,,,0.00,,,,,,0.00,,,0.00,,,,,,0.00,,,0.00,,,,,,0.00,,,0.00,,,0.00,,1.00,0,,0.00,,,,,,2.00,1,,1.00,,1.00,,,,0.00,,1.00,1,,,,,1.00,1,,5.00,1,,1.00,1,,,,,1.00,1,,,2,,3,,5-15 yrs,5-15 yrs,2,2,2,2,5,,0,,1939321,12232,V,76.90,11.11,11.11,11.11,11.11,22.92,22.92,22.92,22.92,24.40,24.40,24.40,24.40,12.50
United Kingdom,GBR,Scotland,UK_SCO,STATE_TOTAL,20220513,0.00,,,,,,0.00,,,0.00,,,,,,0.00,,,0.00,,,,,,0.00,,,0.00,,,,,,0.00,,,0.00,,,,,,0.00,,,0.00,,,,,,0.00,,,0.00,,,,,,0.00,,,0.00,,,0.00,,1.00,0,,0.00,,,,,,2.00,1,,1.00,,1.00,,,,0.00,,1.00,1,,,,,1.00,1,,5.00,1,,1.00,1,,,,,1.00,1,,,2,,3,,5-15 yrs,5-15 yrs,2,2,2,2,5,,0,,1939321,12232,V,76.90,11.11,11.11,11.11,11.11,22.92,22.92,22.92,22.92,24.40,24.40,24.40,24.40,12.50
United Kingdom,GBR,Scotland,UK_SCO,STATE_TOTAL,20220514,0.00,,,,,,0.00,,,0.00,,,,,,0.00,,,0.00,,,,,,0.00,,,0.00,,,,,,0.00,,,0.00,,,,,,0.00,,,0.00,,,,,,0.00,,,0.00,,,,,,0.00,,,0.00,,,0.00,,1.00,0,,0.00,,,,,,2.00,1,,1.00,,1.00,,,,0.00,,1.00,1,,,,,1.00,1,,5.00,1,,1.00,1,,,,,1.00,1,,,2,,3,,5-15 yrs,5-15 yrs,2,2,2,2,5,,0,,1939321,12232,V,76.92,11.11,11.11,11.11,11.11,22.92,22.92,22.92,22.92,24.40,24.40,24.40,24.40,12.50
United Kingdom,GBR,Scotland,UK_SCO,STATE_TOTAL,20220515,0.00,,,,,,0.00,,,0.00,,,,,,0.00,,,0.00,,,,,,0.00,,,0.00,,,,,,0.00,,,0.00,,,,,,0.00,,,0.00,,,,,,0.00,,,0.00,,,,,,0.00,,,0.00,,,0.00,,1.00,0,,0.00,,,,,,2.00,1,,1.00,,1.00,,,,0.00,,1.00,1,,,,,1.00,1,,5.00,1,,1.00,1,,,,,1.00,1,,,2,,3,,5-15 yrs,5-15 yrs,2,2,2,2,5,,0,,1939321,12232,V,76.93,11.11,11.11,11.11,11.11,22.92,22.92,22.92,22.92,24.40,24.40,24.40,24.40,12.50
United Kingdom,GBR,Scotland,UK_SCO,STATE_TOTAL,20220516,0.00,,,,,,0.00,,,0.00,,,,,,0.00,,,0.00,,,,,,0.00,,,0.00,,,,,,0.00,,,0.00,,,,,,0.00,,,0.00,,,,,,0.00,,,0.00,,,,,,0.00,,,0.00,,,0.00,,1.00,0,,0.00,,,,,,2.00,1,,1.00,,1.00,,,,0.00,,1.00,1,,,,,1.00,1,,5.00,1,,1.00,1,,,,,1.00,1,,,2,,3,,5-15 yrs,5-15 yrs,2,2,2,2,5,,0,,1944429,12256,V,76.94,11.11,11.11,11.11,11.11,22.92,22.92,22.92,22.92,24.40,24.40,24.40,24.40,12.50
United Kingdom,GBR,Scotland,UK_SCO,STATE_TOTAL,20220517,0.00,,,,,,0.00,,,0.00,,,,,,0.00,,,0.00,,,,,,0.00,,,0.00,,,,,,0.00,,,0.00,,,,,,0.00,,,0.00,,,,,,0.00,,,0.00,,,,,,0.00,,,0.00,,,0.00,,1.00,0,,0.00,,,,,,2.00,1,,1.00,,1.00,,,,0.00,,1.00,1,,,,,1.00,1,,5.00,1,,1.00,1,,,,,1.00,1,,,2,,3,,5-15 yrs,5-15 yrs,2,2,2,2,5,,0,,1944429,12256,V,76.94,11.11,11.11,11.11,11.11,22.92,22.92,22.92,22.92,24.40,24.40,24.40,24.40,12.50
United Kingdom,GBR,Scotland,UK_SCO,STATE_TOTAL,20220518,0.00,,,,,,0.00,,,0.00,,,,,,0.00,,,0.00,,,,,,0.00,,,0.00,,,,,,0.00,,,0.00,,,,,,0.00,,,0.00,,,,,,0.00,,,0.00,,,,,,0.00,,,0.00,,,0.00,,1.00,0,,0.00,,,,,,2.00,1,,1.00,,1.00,,,,0.00,,1.00,1,,,,,1.00,1,,5.00,1,,1.00,1,,,,,1.00,1,,,2,,3,,5-15 yrs,5-15 yrs,2,2,2,2,5,,0,,1944429,12256,V,76.95,11.11,11.11,11.11,11.11,22.92,22.92,22.92,22.92,24.40,24.40,24.40,24.40,12.50
United Kingdom,GBR,Scotland,UK_SCO,STATE_TOTAL,20220519,0.00,,,,,,0.00,,,0.00,,,,,,0.00,,,0.00,,,,,,0.00,,,0.00,,,,,,0.00,,,0.00,,,,,,0.00,,,0.00,,,,,,0.00,,,0.00,,,,,,0.00,,,0.00,,,0.00,,1.00,0,,0.00,,,,,,2.00,1,,1.00,,1.00,,,,0.00,,1.00,1,,,,,1.00,1,,5.00,1,,1.00,1,,,,,1.00,1,,,2,,3,,5-15 yrs,5-15 yrs,2,2,2,2,5,,0,,1949599,12298,V,76.96,11.11,11.11,11.11,11.11,22.92,22.92,22.92,22.92,24.40,24.40,24.40,24.40,12.50
United Kingdom,GBR,Scotland,UK_SCO,STATE_TOTAL,20220520,0.00,,,,,,0.00,,,0.00,,,,,,0.00,,,0.00,,,,,,0.00,,,0.00,,,,,,0.00,,,0.00,,,,,,0.00,,,0.00,,,,,,0.00,,,0.00,,,,,,0.00,,,0.00,,,0.00,,1.00,0,,0.00,,,,,,2.00,1,,1.00,,1.00,,,,0.00,,1.00,1,,,,,1.00,1,,5.00,1,,1.00,1,,,,,1.00,1,,,2,,3,,5-15 yrs,5-15 yrs,2,2,2,2,5,,0,,1949599,12298,V,76.97,11.11,11.11,11.11,11.11,22.92,22.92,22.92,22.92,24.40,24.40,24.40,24.40,12.50
United Kingdom,GBR,Scotland,UK_SCO,STATE_TOTAL,20220521,0.00,,,,,,0.00,,,0.00,,,,,,0.00,,,0.00,,,,,,0.00,,,0.00,,,,,,0.00,,,0.00,,,,,,0.00,,,0.00,,,,,,0.00,,,0.00,,,,,,0.00,,,0.00,,,0.00,,1.00,0,,0.00,,,,,,2.00,1,,1.00,,1.00,,,,0.00,,1.00,1,,,,,1.00,1,,5.00,1,,1.00,1,,,,,1.00,1,,,2,,3,,5-15 yrs,5-15 yrs,2,2,2,2,5,,0,,1949599,12298,V,76.98,11.11,11.11,11.11,11.11,22.92,22.92,22.92,22.92,24.40,24.40,24.40,24.40,12.50
United Kingdom,GBR,Scotland,UK_SCO,STATE_TOTAL,20220522,0.00,,,,,,0.00,,,0.00,,,,,,0.00,,,0.00,,,,,,0.00,,,0.00,,,,,,0.00,,,0.00,,,,,,0.00,,,0.00,,,,,,0.00,,,0.00,,,,,,0.00,,,0.00,,,0.00,,1.00,0,,0.00,,,,,,2.00,1,,1.00,,1.00,,,,0.00,,1.00,1,,,,,1.00,1,,5.00,1,,1.00,1,,,,,1.00,1,,,2,,3,,5-15 yrs,5-15 yrs,2,2,2,2,5,,0,,1949599,12298,V,77.00,11.11,11.11,11.11,11.11,22.92,22.92,22.92,22.92,24.40,24.40,24.40,24.40,12.50
United Kingdom,GBR,Scotland,UK_SCO,STATE_TOTAL,20220523,0.00,,,,,,0.00,,,0.00,,,,,,0.00,,,0.00,,,,,,0.00,,,0.00,,,,,,0.00,,,0.00,,,,,,0.00,,,0.00,,,,,,0.00,,,0.00,,,,,,0.00,,,0.00,,,0.00,,1.00,0,,0.00,,,,,,2.00,1,,1.00,,1.00,,,,0.00,,1.00,1,,,,,1.00,1,,5.00,1,,1.00,1,,,,,1.00,1,,,2,,3,,5-15 yrs,5-15 yrs,2,2,2,2,5,,0,,1960940,12319,V,77.01,11.11,11.11,11.11,11.11,22.92,22.92,22.92,22.92,24.40,24.40,24.40,24.40,12.50
United Kingdom,GBR,Scotland,UK_SCO,STATE_TOTAL,20220524,0.00,,,,,,0.00,,,0.00,,,,,,0.00,,,0.00,,,,,,0.00,,,0.00,,,,,,0.00,,,0.00,,,,,,0.00,,,0.00,,,,,,0.00,,,0.00,,,,,,0.00,,,0.00,,,0.00,,1.00,0,,0.00,,,,,,2.00,1,,1.00,,1.00,,,,0.00,,1.00,1,,,,,1.00,1,,5.00,1,,1.00,1,,,,,1.00,1,,,2,,3,,5-15 yrs,5-15 yrs,2,2,2,2,5,,0,,1960940,12319,V,77.01,11.11,11.11,11.11,11.11,22.92,22.92,22.92,22.92,24.40,24.40,24.40,24.40,12.50
United Kingdom,GBR,Scotland,UK_SCO,STATE_TOTAL,20220525,0.00,,,,,,0.00,,,0.00,,,,,,0.00,,,0.00,,,,,,0.00,,,0.00,,,,,,0.00,,,0.00,,,,,,0.00,,,0.00,,,,,,0.00,,,0.00,,,,,,0.00,,,0.00,,,0.00,,1.00,0,,0.00,,,,,,2.00,1,,1.00,,1.00,,,,0.00,,1.00,1,,,,,1.00,1,,5.00,1,,1.00,1,,,,,1.00,1,,,2,,3,,5-15 yrs,5-15 yrs,2,2,2,2,5,,0,,1960940,12319,V,77.02,11.11,11.11,11.11,11.11,22.92,22.92,22.92,22.92,24.40,24.40,24.40,24.40,12.50
United Kingdom,GBR,Scotland,UK_SCO,STATE_TOTAL,20220526,0.00,,,,,,0.00,,,0.00,,,,,,0.00,,,0.00,,,,,,0.00,,,0.00,,,,,,0.00,,,0.00,,,,,,0.00,,,0.00,,,,,,0.00,,,0.00,,,,,,0.00,,,0.00,,,0.00,,1.00,0,,0.00,,,,,,2.00,1,,1.00,,1.00,,,,0.00,,1.00,1,,,,,1.00,1,,5.00,1,,1.00,1,,,,,1.00,1,,,2,,3,,5-15 yrs,5-15 yrs,2,2,2,2,5,,0,,1951671,12344,V,77.03,11.11,11.11,11.11,11.11,22.92,22.92,22.92,22.92,24.40,24.40,24.40,24.40,12.50
United Kingdom,GBR,Scotland,UK_SCO,STATE_TOTAL,20220527,0.00,,,,,,0.00,,,0.00,,,,,,0.00,,,0.00,,,,,,0.00,,,0.00,,,,,,0.00,,,0.00,,,,,,0.00,,,0.00,,,,,,0.00,,,0.00,,,,,,0.00,,,0.00,,,0.00,,1.00,0,,0.00,,,,,,2.00,1,,1.00,,1.00,,,,0.00,,1.00,1,,,,,1.00,1,,5.00,1,,1.00,1,,,,,1.00,1,,,2,,3,,5-15 yrs,5-15 yrs,2,2,2,2,5,,0,,1951671,12344,V,77.04,11.11,11.11,11.11,11.11,22.92,22.92,22.92,22.92,24.40,24.40,24.40,24.40,12.50
United Kingdom,GBR,Scotland,UK_SCO,STATE_TOTAL,20220528,0.00,,,,,,0.00,,,0.00,,,,,,0.00,,,0.00,,,,,,0.00,,,0.00,,,,,,0.00,,,0.00,,,,,,0.00,,,0.00,,,,,,0.00,,,0.00,,,,,,0.00,,,0.00,,,0.00,,1.00,0,,0.00,,,,,,2.00,1,,1.00,,1.00,,,,0.00,,1.00,1,,,,,1.00,1,,5.00,1,,1.00,1,,,,,1.00,1,,,2,,3,,5-15 yrs,5-15 yrs,2,2,2,2,5,,0,,1951671,12344,V,77.05,11.11,11.11,11.11,11.11,22.92,22.92,22.92,22.92,24.40,24.40,24.40,24.40,12.50
United Kingdom,GBR,Scotland,UK_SCO,STATE_TOTAL,20220529,0.00,,,,,,0.00,,,0.00,,,,,,0.00,,,0.00,,,,,,0.00,,,0.00,,,,,,0.00,,,0.00,,,,,,0.00,,,0.00,,,,,,0.00,,,0.00,,,,,,0.00,,,0.00,,,0.00,,1.00,0,,0.00,,,,,,2.00,1,,1.00,,1.00,,,,0.00,,1.00,1,,,,,1.00,1,,5.00,1,,1.00,1,,,,,1.00,1,,,2,,3,,5-15 yrs,5-15 yrs,2,2,2,2,5,,0,,1951671,12344,V,77.06,11.11,11.11,11.11,11.11,22.92,22.92,22.92,22.92,24.40,24.40,24.40,24.40,12.50
United Kingdom,GBR,Scotland,UK_SCO,STATE_TOTAL,20220530,0.00,,,,,,0.00,,,0.00,,,,,,0.00,,,0.00,,,,,,0.00,,,0.00,,,,,,0.00,,,0.00,,,,,,0.00,,,0.00,,,,,,0.00,,,0.00,,,,,,0.00,,,0.00,,,0.00,,1.00,0,,0.00,,,,,,2.00,1,,1.00,,1.00,,,,0.00,,1.00,1,,,,,1.00,1,,5.00,1,,1.00,1,,,,,1.00,1,,,2,,3,,5-15 yrs,5-15 yrs,2,2,2,2,5,,0,,1955185,12361,V,77.07,11.11,11.11,11.11,11.11,22.92,22.92,22.92,22.92,24.40,24.40,24.40,24.40,12.50
United Kingdom,GBR,Scotland,UK_SCO,STATE_TOTAL,20220531,0.00,,,,,,0.00,,,0.00,,,,,,0.00,,,0.00,,,,,,0.00,,,0.00,,,,,,0.00,,,0.00,,,,,,0.00,,,0.00,,,,,,0.00,,,0.00,,,,,,0.00,,,0.00,,,0.00,,1.00,0,,0.00,,,,,,2.00,1,,1.00,,1.00,,,,0.00,,1.00,1,,,,,1.00,1,,5.00,1,,1.00,1,,,,,1.00,1,,,2,,3,,5-15 yrs,5-15 yrs,2,2,2,2,5,,0,,1955185,12361,V,77.08,11.11,11.11,11.11,11.11,22.92,22.92,22.92,22.92,24.40,24.40,24.40,24.40,12.50
United Kingdom,GBR,Scotland,UK_SCO,STATE_TOTAL,20220601,0.00,,,,,,0.00,,,0.00,,,,,,0.00,,,0.00,,,,,,0.00,,,0.00,,,,,,0.00,,,0.00,,,,,,0.00,,,0.00,,,,,,0.00,,,0.00,,,,,,0.00,,,0.00,,,0.00,,1.00,0,,0.00,,,,,,2.00,1,,1.00,,1.00,,,,0.00,,1.00,1,,,,,1.00,1,,5.00,1,,1.00,1,,,,,1.00,1,,,2,,3,,5-15 yrs,5-15 yrs,2,2,2,2,5,,0,,1955185,12361,V,77.09,11.11,11.11,11.11,11.11,22.92,22.92,22.92,22.92,24.40,24.40,24.40,24.40,12.50
United Kingdom,GBR,Scotland,UK_SCO,STATE_TOTAL,20220602,0.00,,,,,,0.00,,,0.00,,,,,,0.00,,,0.00,,,,,,0.00,,,0.00,,,,,,0.00,,,0.00,,,,,,0.00,,,0.00,,,,,,0.00,,,0.00,,,,,,0.00,,,0.00,,,0.00,,1.00,0,,0.00,,,,,,2.00,1,,1.00,,1.00,,,,0.00,,1.00,1,,,,,1.00,1,,5.00,1,,1.00,1,,,,,1.00,1,,,2,,3,,5-15 yrs,5-15 yrs,2,2,2,2,5,,0,,1958838,12389,V,77.10,11.11,11.11,11.11,11.11,22.92,22.92,22.92,22.92,24.40,24.40,24.40,24.40,12.50
United Kingdom,GBR,Scotland,UK_SCO,STATE_TOTAL,20220603,0.00,,,,,,0.00,,,0.00,,,,,,0.00,,,0.00,,,,,,0.00,,,0.00,,,,,,0.00,,,0.00,,,,,,0.00,,,0.00,,,,,,0.00,,,0.00,,,,,,0.00,,,0.00,,,0.00,,1.00,0,,0.00,,,,,,2.00,1,,1.00,,1.00,,,,0.00,,1.00,1,,,,,1.00,1,,5.00,1,,1.00,1,,,,,1.00,1,,,2,,3,,5-15 yrs,5-15 yrs,2,2,2,2,5,,0,,1958838,,V,77.10,11.11,11.11,11.11,11.11,22.92,22.92,22.92,22.92,24.40,24.40,24.40,24.40,12.50
United Kingdom,GBR,Scotland,UK_SCO,STATE_TOTAL,20220604,0.00,,,,,,0.00,,,0.00,,,,,,0.00,,,0.00,,,,,,0.00,,,0.00,,,,,,0.00,,,0.00,,,,,,0.00,,,0.00,,,,,,0.00,,,0.00,,,,,,0.00,,,0.00,,,0.00,,1.00,0,,0.00,,,,,,2.00,1,,1.00,,1.00,,,,0.00,,1.00,1,,,,,1.00,1,,5.00,1,,1.00,1,,,,,1.00,1,,,2,,3,,5-15 yrs,5-15 yrs,2,2,2,2,5,,0,,1958838,,V,77.11,11.11,11.11,11.11,11.11,22.92,22.92,22.92,22.92,24.40,24.40,24.40,24.40,12.50
United Kingdom,GBR,Scotland,UK_SCO,STATE_TOTAL,20220605,0.00,,,,,,0.00,,,0.00,,,,,,0.00,,,0.00,,,,,,0.00,,,0.00,,,,,,0.00,,,0.00,,,,,,0.00,,,0.00,,,,,,0.00,,,0.00,,,,,,0.00,,,0.00,,,0.00,,1.00,0,,0.00,,,,,,2.00,1,,1.00,,1.00,,,,0.00,,1.00,1,,,,,1.00,1,,5.00,1,,1.00,1,,,,,1.00,1,,,2,,3,,5-15 yrs,5-15 yrs,2,2,2,2,5,,0,,1958838,,V,77.13,11.11,11.11,11.11,11.11,22.92,22.92,22.92,22.92,24.40,24.40,24.40,24.40,12.50
United Kingdom,GBR,Scotland,UK_SCO,STATE_TOTAL,20220606,0.00,,,,,,0.00,,,0.00,,,,,,0.00,,,0.00,,,,,,0.00,,,0.00,,,,,,0.00,,,0.00,,,,,,0.00,,,0.00,,,,,,0.00,,,0.00,,,,,,0.00,,,0.00,,,0.00,,1.00,0,"Page still live offering small amount for self isolation    https://archive.ph/0P9Sp",0.00,,,,,,2.00,1,,1.00,,1.00,,,,0.00,,1.00,1,,,,,1.00,1,,5.00,1,,1.00,1,,,,,1.00,1,,,2,,3,,5-15 yrs,5-15 yrs,2,2,2,2,5,,0,,1958838,,V,77.14,11.11,11.11,11.11,11.11,22.92,22.92,22.92,22.92,24.40,24.40,24.40,24.40,12.50
United Kingdom,GBR,Scotland,UK_SCO,STATE_TOTAL,20220607,0.00,,,,,,0.00,,,0.00,,,,,,0.00,,,0.00,,,,,,0.00,,,0.00,,,,,,0.00,,,0.00,,,,,,0.00,,,0.00,,,,,,0.00,,,0.00,,,,,,0.00,,,0.00,,,0.00,,1.00,0,,0.00,,,,,,2.00,1,,1.00,,1.00,,,,0.00,,1.00,1,,,,,1.00,1,,5.00,1,,1.00,1,,,,,1.00,1,,,2,,3,,5-15 yrs,5-15 yrs,2,2,2,2,5,,0,,1958838,,V,77.15,11.11,11.11,11.11,11.11,22.92,22.92,22.92,22.92,24.40,24.40,24.40,24.40,12.50
United Kingdom,GBR,Scotland,UK_SCO,STATE_TOTAL,20220608,0.00,,,,,,0.00,,,0.00,,,,,,0.00,,,0.00,,,,,,0.00,,,0.00,,,,,,0.00,,,0.00,,,,,,0.00,,,0.00,,,,,,0.00,,,0.00,,,,,,0.00,,,0.00,,,0.00,,1.00,0,,0.00,,,,,,2.00,1,,1.00,,1.00,,,,0.00,,1.00,1,,,,,1.00,1,,5.00,1,,1.00,1,,,,,1.00,1,,,2,,3,,5-15 yrs,5-15 yrs,2,2,2,2,5,,0,,1963426,,V,77.16,11.11,11.11,11.11,11.11,22.92,22.92,22.92,22.92,24.40,24.40,24.40,24.40,12.50
United Kingdom,GBR,Scotland,UK_SCO,STATE_TOTAL,20220609,0.00,,,,,,0.00,,,0.00,,,,,,0.00,,,0.00,,,,,,0.00,,,0.00,,,,,,0.00,,,0.00,,,,,,0.00,,,0.00,,,,,,0.00,,,0.00,,,,,,0.00,,,0.00,,,0.00,,1.00,0,,0.00,,,,,,2.00,1,,1.00,,1.00,,,,0.00,,1.00,1,,,,,1.00,1,,5.00,1,,1.00,1,,,,,1.00,1,,,2,,3,,5-15 yrs,5-15 yrs,2,2,2,2,5,,0,,1963426,,V,77.17,11.11,11.11,11.11,11.11,22.92,22.92,22.92,22.92,24.40,24.40,24.40,24.40,12.50
United Kingdom,GBR,Scotland,UK_SCO,STATE_TOTAL,20220610,0.00,,,,,,0.00,,,0.00,,,,,,0.00,,,0.00,,,,,,0.00,,,0.00,,,,,,0.00,,,0.00,,,,,,0.00,,,0.00,,,,,,0.00,,,0.00,,,,,,0.00,,,0.00,,,0.00,,1.00,0,,0.00,,,,,,2.00,1,,1.00,,1.00,,,,0.00,,1.00,1,,,,,1.00,1,,5.00,1,,1.00,1,,,,,1.00,1,,,2,,3,,5-15 yrs,5-15 yrs,2,2,2,2,5,,0,,1963426,,V,77.17,11.11,11.11,11.11,11.11,22.92,22.92,22.92,22.92,24.40,24.40,24.40,24.40,12.50
United Kingdom,GBR,Scotland,UK_SCO,STATE_TOTAL,20220611,0.00,,,,,,0.00,,,0.00,,,,,,0.00,,,0.00,,,,,,0.00,,,0.00,,,,,,0.00,,,0.00,,,,,,0.00,,,0.00,,,,,,0.00,,,0.00,,,,,,0.00,,,0.00,,,0.00,,1.00,0,,0.00,,,,,,2.00,1,,1.00,,1.00,,,,0.00,,1.00,1,,,,,1.00,1,,5.00,1,,1.00,1,,,,,1.00,1,,,2,,3,,5-15 yrs,5-15 yrs,2,2,2,2,5,,0,,1963426,,V,77.20,11.11,11.11,11.11,11.11,22.92,22.92,22.92,22.92,24.40,24.40,24.40,24.40,12.50
United Kingdom,GBR,Scotland,UK_SCO,STATE_TOTAL,20220612,0.00,,,,,,0.00,,,0.00,,,,,,0.00,,,0.00,,,,,,0.00,,,0.00,,,,,,0.00,,,0.00,,,,,,0.00,,,0.00,,,,,,0.00,,,0.00,,,,,,0.00,,,0.00,,,0.00,,1.00,0,,0.00,,,,,,2.00,1,,1.00,,1.00,,,,0.00,,1.00,1,,,,,1.00,1,,5.00,1,,1.00,1,,,,,1.00,1,,,2,,3,,5-15 yrs,5-15 yrs,2,2,2,2,5,,0,,1963426,,V,77.21,11.11,11.11,11.11,11.11,22.92,22.92,22.92,22.92,24.40,24.40,24.40,24.40,12.50
United Kingdom,GBR,Scotland,UK_SCO,STATE_TOTAL,20220613,0.00,,,,,,0.00,,,0.00,,,,,,0.00,,,0.00,,,,,,0.00,,,0.00,,,,,,0.00,,,0.00,,,,,,0.00,,,0.00,,,,,,0.00,,,0.00,,,,,,0.00,,,0.00,,,0.00,,1.00,0,,0.00,,,,,,2.00,1,,1.00,,1.00,,,,0.00,,1.00,1,,,,,1.00,1,,5.00,1,,1.00,1,,,,,1.00,1,,,2,,3,,5-15 yrs,5-15 yrs,2,2,2,2,5,,0,,1963426,,V,77.22,11.11,11.11,11.11,11.11,22.92,22.92,22.92,22.92,24.40,24.40,24.40,24.40,12.50
United Kingdom,GBR,Scotland,UK_SCO,STATE_TOTAL,20220614,0.00,,,,,,0.00,,,0.00,,,,,,0.00,,,0.00,,,,,,0.00,,,0.00,,,,,,0.00,,,0.00,,,,,,0.00,,,0.00,,,,,,0.00,,,0.00,,,,,,0.00,,,0.00,,,0.00,,1.00,0,,0.00,,,,,,2.00,1,,1.00,,1.00,,,,0.00,,1.00,1,,,,,1.00,1,,5.00,1,,1.00,1,,,,,1.00,1,,,2,,3,,5-15 yrs,5-15 yrs,2,2,2,2,5,,0,,1963426,,V,77.23,11.11,11.11,11.11,11.11,22.92,22.92,22.92,22.92,24.40,24.40,24.40,24.40,12.50
United Kingdom,GBR,Scotland,UK_SCO,STATE_TOTAL,20220615,0.00,,,,,,0.00,,,0.00,,,,,,0.00,,,0.00,,,,,,0.00,,,0.00,,,,,,0.00,,,0.00,,,,,,0.00,,,0.00,,,,,,0.00,,,0.00,,,,,,0.00,,,0.00,,,0.00,,1.00,0,,0.00,,,,,,2.00,1,,1.00,,1.00,,,,0.00,,1.00,1,,,,,1.00,1,,5.00,1,,1.00,1,,,,,1.00,1,,,2,,3,,5-15 yrs,5-15 yrs,2,2,2,2,5,,0,,1975331,,V,77.23,11.11,11.11,11.11,11.11,22.92,22.92,22.92,22.92,24.40,24.40,24.40,24.40,12.50
United Kingdom,GBR,Scotland,UK_SCO,STATE_TOTAL,20220616,0.00,,,,,,0.00,,,0.00,,,,,,0.00,,,0.00,,,,,,0.00,,,0.00,,,,,,0.00,,,0.00,,,,,,0.00,,,0.00,,,,,,0.00,,,0.00,,,,,,0.00,,,0.00,,,0.00,,1.00,0,,0.00,,,,,,2.00,1,,1.00,,1.00,,,,0.00,,1.00,1,,,,,1.00,1,,5.00,1,,1.00,1,,,,,1.00,1,,,2,,3,,5-15 yrs,5-15 yrs,2,2,2,2,5,,0,,1975331,,V,77.25,11.11,11.11,11.11,11.11,22.92,22.92,22.92,22.92,24.40,24.40,24.40,24.40,12.50
United Kingdom,GBR,Scotland,UK_SCO,STATE_TOTAL,20220617,0.00,,,,,,0.00,,,0.00,,,,,,0.00,,,0.00,,,,,,0.00,,,0.00,,,,,,0.00,,,0.00,,,,,,0.00,,,0.00,,,,,,0.00,,,0.00,,,,,,0.00,,,0.00,,,0.00,,1.00,0,,0.00,,,,,,2.00,1,,1.00,,1.00,,,,0.00,,1.00,1,,,,,1.00,1,,5.00,1,,1.00,1,,,,,1.00,1,,,2,,3,,5-15 yrs,5-15 yrs,2,2,2,2,5,,0,,1975331,,V,77.26,11.11,11.11,11.11,11.11,22.92,22.92,22.92,22.92,24.40,24.40,24.40,24.40,12.50
United Kingdom,GBR,Scotland,UK_SCO,STATE_TOTAL,20220618,0.00,,,,,,0.00,,,0.00,,,,,,0.00,,,0.00,,,,,,0.00,,,0.00,,,,,,0.00,,,0.00,,,,,,0.00,,,0.00,,,,,,0.00,,,0.00,,,,,,0.00,,,0.00,,,0.00,,1.00,0,,0.00,,,,,,2.00,1,,1.00,,1.00,,,,0.00,,1.00,1,,,,,1.00,1,,5.00,1,,1.00,1,,,,,1.00,1,,,2,,3,,5-15 yrs,5-15 yrs,2,2,2,2,5,,0,,1975331,,V,77.29,11.11,11.11,11.11,11.11,22.92,22.92,22.92,22.92,24.40,24.40,24.40,24.40,12.50
United Kingdom,GBR,Scotland,UK_SCO,STATE_TOTAL,20220619,0.00,,,,,,0.00,,,0.00,,,,,,0.00,,,0.00,,,,,,0.00,,,0.00,,,,,,0.00,,,0.00,,,,,,0.00,,,0.00,,,,,,0.00,,,0.00,,,,,,0.00,,,0.00,,,0.00,,1.00,0,,0.00,,,,,,2.00,1,,1.00,,1.00,,,,0.00,,1.00,1,,,,,1.00,1,,5.00,1,,1.00,1,,,,,1.00,1,,,2,,3,,5-15 yrs,5-15 yrs,2,2,2,2,5,,0,,1975331,,V,77.34,11.11,11.11,11.11,11.11,22.92,22.92,22.92,22.92,24.40,24.40,24.40,24.40,12.50
United Kingdom,GBR,Scotland,UK_SCO,STATE_TOTAL,20220620,0.00,,,,,,0.00,,,0.00,,,,,,0.00,,,0.00,,,,,,0.00,,,0.00,,,,,,0.00,,,0.00,,,,,,0.00,,,0.00,,,,,,0.00,,,0.00,,,,,,0.00,,,0.00,,,0.00,,1.00,0,,0.00,,,,,,2.00,1,,1.00,,1.00,,,,0.00,,1.00,1,,,,,1.00,1,,5.00,1,,1.00,1,,,,,1.00,1,,,2,,3,,5-15 yrs,5-15 yrs,2,2,2,2,5,,0,,1975331,,V,77.35,11.11,11.11,11.11,11.11,22.92,22.92,22.92,22.92,24.40,24.40,24.40,24.40,12.50
United Kingdom,GBR,Scotland,UK_SCO,STATE_TOTAL,20220621,0.00,,,,,,0.00,,,0.00,,,,,,0.00,,,0.00,,,,,,0.00,,,0.00,,,,,,0.00,,,0.00,,,,,,0.00,,,0.00,,,,,,0.00,,,0.00,,,,,,0.00,,,0.00,,,0.00,,1.00,0,,0.00,,,,,,2.00,1,,1.00,,1.00,,,,0.00,,1.00,1,,,,,1.00,1,,5.00,1,,1.00,1,,,,,1.00,1,,,2,,3,,5-15 yrs,5-15 yrs,2,2,2,2,5,,0,,1975331,,V,77.36,11.11,11.11,11.11,11.11,22.92,22.92,22.92,22.92,24.40,24.40,24.40,24.40,12.50
United Kingdom,GBR,Scotland,UK_SCO,STATE_TOTAL,20220622,0.00,,,,,,0.00,,,0.00,,,,,,0.00,,,0.00,,,,,,0.00,,,0.00,,,,,,0.00,,,0.00,,,,,,0.00,,,0.00,,,,,,0.00,,,0.00,,,,,,0.00,,,0.00,,,0.00,,1.00,0,,0.00,,,,,,2.00,1,,1.00,,1.00,,,,0.00,,1.00,1,,,,,1.00,1,,5.00,1,,1.00,1,,,,,1.00,1,,,2,,3,,5-15 yrs,5-15 yrs,2,2,2,2,5,,0,,1990859,,V,77.37,11.11,11.11,11.11,11.11,22.92,22.92,22.92,22.92,24.40,24.40,24.40,24.40,12.50
United Kingdom,GBR,Scotland,UK_SCO,STATE_TOTAL,20220623,0.00,,,,,,0.00,,,0.00,,,,,,0.00,,,0.00,,,,,,0.00,,,0.00,,,,,,0.00,,,0.00,,,,,,0.00,,,0.00,,,,,,0.00,,,0.00,,,,,,0.00,,,0.00,,,0.00,,1.00,0,"Support still in place for loss of earning due to COVID-19 as of mid October 2022    http://web.archive.org/web/20221010135611/https://www.mygov.scot/self-isolation-grant/check-if-you-qualify-and-how-to-apply",0.00,,,,,,2.00,1,,1.00,,1.00,,,,0.00,,1.00,1,,,,,1.00,1,"Recommendations still in place on gvt website Oct 2022    http://web.archive.org/web/20221010140235/https://www.gov.scot/coronavirus-covid-19/",5.00,1,,1.00,1,,,,,1.00,1,"Recommended guidance remains Oct 2022    http://web.archive.org/web/20221010140359/https://www.gov.scot/publications/coronavirus-covid-19-adult-care-homes-visiting-guidance/",,2,,3,,5-15 yrs,5-15 yrs,2,2,2,2,5,,0,,1990859,,V,77.38,11.11,11.11,11.11,11.11,22.92,22.92,22.92,22.92,24.40,24.40,24.40,24.40,12.50
United Kingdom,GBR,Scotland,UK_SCO,STATE_TOTAL,20220624,0.00,,,,,,0.00,,,0.00,,,,,,0.00,,,0.00,,,,,,0.00,,,0.00,,,,,,0.00,,,0.00,,,,,,0.00,,,0.00,,,,,,0.00,,,0.00,,,,,,0.00,,,0.00,,,0.00,,1.00,0,,0.00,,,,,,2.00,1,,1.00,,1.00,,,,0.00,,1.00,1,,,,,1.00,1,,5.00,1,,1.00,1,,,,,1.00,1,,,2,,3,,5-15 yrs,5-15 yrs,2,2,2,2,5,,0,,1990859,,V,77.39,11.11,11.11,11.11,11.11,22.92,22.92,22.92,22.92,24.40,24.40,24.40,24.40,12.50
United Kingdom,GBR,Scotland,UK_SCO,STATE_TOTAL,20220625,0.00,,,,,,0.00,,,0.00,,,,,,0.00,,,0.00,,,,,,0.00,,,0.00,,,,,,0.00,,,0.00,,,,,,0.00,,,0.00,,,,,,0.00,,,0.00,,,,,,0.00,,,0.00,,,0.00,,1.00,0,,0.00,,,,,,2.00,1,,1.00,,1.00,,,,0.00,,1.00,1,,,,,1.00,1,,5.00,1,,1.00,1,,,,,1.00,1,,,2,,3,,5-15 yrs,5-15 yrs,2,2,2,2,5,,0,,1990859,,V,77.45,11.11,11.11,11.11,11.11,22.92,22.92,22.92,22.92,24.40,24.40,24.40,24.40,12.50
United Kingdom,GBR,Scotland,UK_SCO,STATE_TOTAL,20220626,0.00,,,,,,0.00,,,0.00,,,,,,0.00,,,0.00,,,,,,0.00,,,0.00,,,,,,0.00,,,0.00,,,,,,0.00,,,0.00,,,,,,0.00,,,0.00,,,,,,0.00,,,0.00,,,0.00,,1.00,0,,0.00,,,,,,2.00,1,,1.00,,1.00,,,,0.00,,1.00,1,,,,,1.00,1,,5.00,1,,1.00,1,,,,,1.00,1,,,2,,3,,5-15 yrs,5-15 yrs,2,2,2,2,5,,0,,1990859,,V,77.50,11.11,11.11,11.11,11.11,22.92,22.92,22.92,22.92,24.40,24.40,24.40,24.40,12.50
United Kingdom,GBR,Scotland,UK_SCO,STATE_TOTAL,20220627,0.00,,,,,,0.00,,,0.00,,,,,,0.00,,,0.00,,,,,,0.00,,,0.00,,,,,,0.00,,,0.00,,,,,,0.00,,,0.00,,,,,,0.00,,,0.00,,,,,,0.00,,,0.00,,,0.00,,1.00,0,,0.00,,,,,,2.00,1,,1.00,,1.00,,,,0.00,,1.00,1,,,,,1.00,1,,5.00,1,,1.00,1,,,,,1.00,1,,,2,,3,,5-15 yrs,5-15 yrs,2,2,2,2,5,,0,,1990859,,V,77.52,11.11,11.11,11.11,11.11,22.92,22.92,22.92,22.92,24.40,24.40,24.40,24.40,12.50
United Kingdom,GBR,Scotland,UK_SCO,STATE_TOTAL,20220628,0.00,,,,,,0.00,,,0.00,,,,,,0.00,,,0.00,,,,,,0.00,,,0.00,,,,,,0.00,,,0.00,,,,,,0.00,,,0.00,,,,,,0.00,,,0.00,,,,,,0.00,,,0.00,,,0.00,,1.00,0,,0.00,,,,,,2.00,1,,1.00,,1.00,,,,0.00,,1.00,1,,,,,1.00,1,,5.00,1,,1.00,1,,,,,1.00,1,,,2,,3,,5-15 yrs,5-15 yrs,2,2,2,2,5,,0,,1990859,,V,77.54,11.11,11.11,11.11,11.11,22.92,22.92,22.92,22.92,24.40,24.40,24.40,24.40,12.50
United Kingdom,GBR,Scotland,UK_SCO,STATE_TOTAL,20220629,0.00,,,,,,0.00,,,0.00,,,,,,0.00,,,0.00,,,,,,0.00,,,0.00,,,,,,0.00,,,0.00,,,,,,0.00,,,0.00,,,,,,0.00,,,0.00,,,,,,0.00,,,0.00,,,0.00,,1.00,0,,0.00,,,,,,2.00,1,,1.00,,1.00,,,,0.00,,1.00,1,,,,,1.00,1,,5.00,1,,1.00,1,,,,,1.00,1,,,2,,3,,5-15 yrs,5-15 yrs,2,2,2,2,5,,0,,2005335,,V,77.56,11.11,11.11,11.11,11.11,22.92,22.92,22.92,22.92,24.40,24.40,24.40,24.40,12.50
United Kingdom,GBR,Scotland,UK_SCO,STATE_TOTAL,20220630,0.00,,,,,,0.00,,,0.00,,,,,,0.00,,,0.00,,,,,,0.00,,,0.00,,,,,,0.00,,,0.00,,,,,,0.00,,,0.00,,,,,,0.00,,,0.00,,,,,,0.00,,,0.00,,,0.00,,1.00,0,,0.00,,,,,,2.00,1,,1.00,,1.00,,,,0.00,,1.00,1,,,,,1.00,1,,5.00,1,,1.00,1,,,,,1.00,1,,,2,,3,,5-15 yrs,5-15 yrs,2,2,2,2,5,,0,,2005335,,V,77.58,11.11,11.11,11.11,11.11,22.92,22.92,22.92,22.92,24.40,24.40,24.40,24.40,12.50
United Kingdom,GBR,Scotland,UK_SCO,STATE_TOTAL,20220701,0.00,,,,,,0.00,,,0.00,,,,,,0.00,,,0.00,,,,,,0.00,,,0.00,,,,,,0.00,,,0.00,,,,,,0.00,,,0.00,,,,,,0.00,,,0.00,,,,,,0.00,,,0.00,,,0.00,,1.00,0,,0.00,,,,,,2.00,1,,1.00,,0.00,,,,0.00,,1.00,1,,,,,1.00,1,,5.00,1,,1.00,1,,,,,1.00,1,,,2,,3,,5-15 yrs,5-15 yrs,2,2,2,2,5,,0,,2005335,,V,77.59,11.11,11.11,11.11,11.11,19.79,19.79,19.79,19.79,20.83,20.83,20.83,20.83,12.50
United Kingdom,GBR,Scotland,UK_SCO,STATE_TOTAL,20220702,0.00,,,,,,0.00,,,0.00,,,,,,0.00,,,0.00,,,,,,0.00,,,0.00,,,,,,0.00,,,0.00,,,,,,0.00,,,0.00,,,,,,0.00,,,0.00,,,,,,0.00,,,0.00,,,0.00,,1.00,0,,0.00,,,,,,2.00,1,,1.00,,0.00,,,,0.00,,1.00,1,,,,,1.00,1,,5.00,1,,1.00,1,,,,,1.00,1,,,2,,3,,5-15 yrs,5-15 yrs,2,2,2,2,5,,0,,2005335,,V,77.60,11.11,11.11,11.11,11.11,19.79,19.79,19.79,19.79,20.83,20.83,20.83,20.83,12.50
United Kingdom,GBR,Scotland,UK_SCO,STATE_TOTAL,20220703,0.00,,,,,,0.00,,,0.00,,,,,,0.00,,,0.00,,,,,,0.00,,,0.00,,,,,,0.00,,,0.00,,,,,,0.00,,,0.00,,,,,,0.00,,,0.00,,,,,,0.00,,,0.00,,,0.00,,1.00,0,,0.00,,,,,,2.00,1,,1.00,,0.00,,,,0.00,,1.00,1,,,,,1.00,1,,5.00,1,,1.00,1,,,,,1.00,1,,,2,,3,,5-15 yrs,5-15 yrs,2,2,2,2,5,,0,,2005335,,V,77.63,11.11,11.11,11.11,11.11,19.79,19.79,19.79,19.79,20.83,20.83,20.83,20.83,12.50
United Kingdom,GBR,Scotland,UK_SCO,STATE_TOTAL,20220704,0.00,,,,,,0.00,,,0.00,,,,,,0.00,,,0.00,,,,,,0.00,,,0.00,,,,,,0.00,,,0.00,,,,,,0.00,,,0.00,,,,,,0.00,,,0.00,,,,,,0.00,,,0.00,,,0.00,,1.00,0,,0.00,,,,,,2.00,1,,1.00,,0.00,,,,0.00,,1.00,1,,,,,1.00,1,,5.00,1,,1.00,1,,,,,1.00,1,,,2,,3,,5-15 yrs,5-15 yrs,2,2,2,2,5,,0,,2005335,,V,77.66,11.11,11.11,11.11,11.11,19.79,19.79,19.79,19.79,20.83,20.83,20.83,20.83,12.50
United Kingdom,GBR,Scotland,UK_SCO,STATE_TOTAL,20220705,0.00,,,,,,0.00,,,0.00,,,,,,0.00,,,0.00,,,,,,0.00,,,0.00,,,,,,0.00,,,0.00,,,,,,0.00,,,0.00,,,,,,0.00,,,0.00,,,,,,0.00,,,0.00,,,0.00,,1.00,0,,0.00,,,,,,2.00,1,,1.00,,0.00,,,,0.00,,1.00,1,,,,,1.00,1,,5.00,1,,1.00,1,,,,,1.00,1,,,2,,3,,5-15 yrs,5-15 yrs,2,2,2,2,5,,0,,2005335,,V,77.67,11.11,11.11,11.11,11.11,19.79,19.79,19.79,19.79,20.83,20.83,20.83,20.83,12.50
United Kingdom,GBR,Scotland,UK_SCO,STATE_TOTAL,20220706,0.00,,,,,,0.00,,,0.00,,,,,,0.00,,,0.00,,,,,,0.00,,,0.00,,,,,,0.00,,,0.00,,,,,,0.00,,,0.00,,,,,,0.00,,,0.00,,,,,,0.00,,,0.00,,,0.00,,1.00,0,,0.00,,,,,,2.00,1,,1.00,,0.00,,,,0.00,,1.00,1,,,,,1.00,1,,5.00,1,,1.00,1,,,,,1.00,1,,,2,,3,,5-15 yrs,5-15 yrs,2,2,2,2,5,,0,,2028133,,V,77.69,11.11,11.11,11.11,11.11,19.79,19.79,19.79,19.79,20.83,20.83,20.83,20.83,12.50
United Kingdom,GBR,Scotland,UK_SCO,STATE_TOTAL,20220707,0.00,,,,,,0.00,,,0.00,,,,,,0.00,,,0.00,,,,,,0.00,,,0.00,,,,,,0.00,,,0.00,,,,,,0.00,,,0.00,,,,,,0.00,,,0.00,,,,,,0.00,,,0.00,,,0.00,,1.00,0,,0.00,,,,,,2.00,1,,1.00,,0.00,,,,0.00,,1.00,1,,,,,1.00,1,,5.00,1,,1.00,1,,,,,1.00,1,,,2,,3,,5-15 yrs,5-15 yrs,2,2,2,2,5,,0,,2028133,,V,77.71,11.11,11.11,11.11,11.11,19.79,19.79,19.79,19.79,20.83,20.83,20.83,20.83,12.50
United Kingdom,GBR,Scotland,UK_SCO,STATE_TOTAL,20220708,0.00,,,,,,0.00,,,0.00,,,,,,0.00,,,0.00,,,,,,0.00,,,0.00,,,,,,0.00,,,0.00,,,,,,0.00,,,0.00,,,,,,0.00,,,0.00,,,,,,0.00,,,0.00,,,0.00,,1.00,0,,0.00,,,,,,2.00,1,,1.00,,0.00,,,,0.00,,1.00,1,,,,,1.00,1,,5.00,1,,1.00,1,,,,,1.00,1,,,2,,3,,5-15 yrs,5-15 yrs,2,2,2,2,5,,0,,2028133,,V,77.73,11.11,11.11,11.11,11.11,19.79,19.79,19.79,19.79,20.83,20.83,20.83,20.83,12.50
United Kingdom,GBR,Scotland,UK_SCO,STATE_TOTAL,20220709,0.00,,,,,,0.00,,,0.00,,,,,,0.00,,,0.00,,,,,,0.00,,,0.00,,,,,,0.00,,,0.00,,,,,,0.00,,,0.00,,,,,,0.00,,,0.00,,,,,,0.00,,,0.00,,,0.00,,1.00,0,,0.00,,,,,,2.00,1,,1.00,,0.00,,,,0.00,,1.00,1,,,,,1.00,1,,5.00,1,,1.00,1,,,,,1.00,1,,,2,,3,,5-15 yrs,5-15 yrs,2,2,2,2,5,,0,,2028133,,V,77.77,11.11,11.11,11.11,11.11,19.79,19.79,19.79,19.79,20.83,20.83,20.83,20.83,12.50
United Kingdom,GBR,Scotland,UK_SCO,STATE_TOTAL,20220710,0.00,,,,,,0.00,,,0.00,,,,,,0.00,,,0.00,,,,,,0.00,,,0.00,,,,,,0.00,,,0.00,,,,,,0.00,,,0.00,,,,,,0.00,,,0.00,,,,,,0.00,,,0.00,,,0.00,,1.00,0,,0.00,,,,,,2.00,1,,1.00,,0.00,,,,0.00,,1.00,1,,,,,1.00,1,,5.00,1,,1.00,1,,,,,1.00,1,,,2,,3,,5-15 yrs,5-15 yrs,2,2,2,2,5,,0,,2028133,,V,77.79,11.11,11.11,11.11,11.11,19.79,19.79,19.79,19.79,20.83,20.83,20.83,20.83,12.50
United Kingdom,GBR,Scotland,UK_SCO,STATE_TOTAL,20220711,0.00,,,,,,0.00,,,0.00,,,,,,0.00,,,0.00,,,,,,0.00,,,0.00,,,,,,0.00,,,0.00,,,,,,0.00,,,0.00,,,,,,0.00,,,0.00,,,,,,0.00,,,0.00,,,0.00,,1.00,0,,0.00,,,,,,2.00,1,,1.00,,0.00,,,,0.00,,1.00,1,,,,,1.00,1,,5.00,1,,1.00,1,,,,,1.00,1,,,2,,3,,5-15 yrs,5-15 yrs,2,2,2,2,5,,0,,2028133,,V,77.80,11.11,11.11,11.11,11.11,19.79,19.79,19.79,19.79,20.83,20.83,20.83,20.83,12.50
United Kingdom,GBR,Scotland,UK_SCO,STATE_TOTAL,20220712,0.00,,,,,,0.00,,,0.00,,,,,,0.00,,,0.00,,,,,,0.00,,,0.00,,,,,,0.00,,,0.00,,,,,,0.00,,,0.00,,,,,,0.00,,,0.00,,,,,,0.00,,,0.00,,,0.00,,1.00,0,,0.00,,,,,,2.00,1,,1.00,,0.00,,,,0.00,,1.00,1,,,,,1.00,1,,5.00,1,,1.00,1,,,,,1.00,1,,,2,,3,,5-15 yrs,5-15 yrs,2,2,2,2,5,,0,,2028133,,V,77.81,11.11,11.11,11.11,11.11,19.79,19.79,19.79,19.79,20.83,20.83,20.83,20.83,12.50
United Kingdom,GBR,Scotland,UK_SCO,STATE_TOTAL,20220713,0.00,,,,,,0.00,,,0.00,,,,,,0.00,,,0.00,,,,,,0.00,,,0.00,,,,,,0.00,,,0.00,,,,,,0.00,,,0.00,,,,,,0.00,,,0.00,,,,,,0.00,,,0.00,,,0.00,,1.00,0,,0.00,,,,,,2.00,1,,1.00,,0.00,,,,0.00,,1.00,1,,,,,1.00,1,,5.00,1,,1.00,1,,,,,1.00,1,,,2,,3,,5-15 yrs,5-15 yrs,2,2,2,2,5,,0,,2045821,,V,77.82,11.11,11.11,11.11,11.11,19.79,19.79,19.79,19.79,20.83,20.83,20.83,20.83,12.50
United Kingdom,GBR,Scotland,UK_SCO,STATE_TOTAL,20220714,0.00,,,,,,0.00,,,0.00,,,,,,0.00,,,0.00,,,,,,0.00,,,0.00,,,,,,0.00,,,0.00,,,,,,0.00,,,0.00,,,,,,0.00,,,0.00,,,,,,0.00,,,0.00,,,0.00,,1.00,0,,0.00,,,,,,2.00,1,,1.00,,0.00,,,,0.00,,1.00,1,,,,,1.00,1,,5.00,1,,1.00,1,,,,,1.00,1,,,2,,3,,5-15 yrs,5-15 yrs,2,2,2,2,5,,0,,2045821,,V,77.83,11.11,11.11,11.11,11.11,19.79,19.79,19.79,19.79,20.83,20.83,20.83,20.83,12.50
United Kingdom,GBR,Scotland,UK_SCO,STATE_TOTAL,20220715,0.00,,,,,,0.00,,,0.00,,,,,,0.00,,,0.00,,,,,,0.00,,,0.00,,,,,,0.00,,,0.00,,,,,,0.00,,,0.00,,,,,,0.00,,,0.00,,,,,,0.00,,,0.00,,,0.00,,1.00,0,,0.00,,,,,,2.00,1,,1.00,,0.00,,,,0.00,,1.00,1,,,,,1.00,1,,5.00,1,,1.00,1,,,,,1.00,1,,,2,,3,,5-15 yrs,5-15 yrs,2,2,2,2,5,,0,,2045821,,V,77.84,11.11,11.11,11.11,11.11,19.79,19.79,19.79,19.79,20.83,20.83,20.83,20.83,12.50
United Kingdom,GBR,Scotland,UK_SCO,STATE_TOTAL,20220716,0.00,,,,,,0.00,,,0.00,,,,,,0.00,,,0.00,,,,,,0.00,,,0.00,,,,,,0.00,,,0.00,,,,,,0.00,,,0.00,,,,,,0.00,,,0.00,,,,,,0.00,,,0.00,,,0.00,,1.00,0,,0.00,,,,,,2.00,1,,1.00,,0.00,,,,0.00,,1.00,1,,,,,1.00,1,,5.00,1,,1.00,1,,,,,1.00,1,,,2,,3,,5-15 yrs,5-15 yrs,2,2,2,2,5,,0,,2045821,,V,77.87,11.11,11.11,11.11,11.11,19.79,19.79,19.79,19.79,20.83,20.83,20.83,20.83,12.50
United Kingdom,GBR,Scotland,UK_SCO,STATE_TOTAL,20220717,0.00,,,,,,0.00,,,0.00,,,,,,0.00,,,0.00,,,,,,0.00,,,0.00,,,,,,0.00,,,0.00,,,,,,0.00,,,0.00,,,,,,0.00,,,0.00,,,,,,0.00,,,0.00,,,0.00,,1.00,0,,0.00,,,,,,2.00,1,,1.00,,0.00,,,,0.00,,1.00,1,,,,,1.00,1,,5.00,1,,1.00,1,,,,,1.00,1,,,2,,3,,5-15 yrs,5-15 yrs,2,2,2,2,5,,0,,2045821,,V,77.88,11.11,11.11,11.11,11.11,19.79,19.79,19.79,19.79,20.83,20.83,20.83,20.83,12.50
United Kingdom,GBR,Scotland,UK_SCO,STATE_TOTAL,20220718,0.00,,,,,,0.00,,,0.00,,,,,,0.00,,,0.00,,,,,,0.00,,,0.00,,,,,,0.00,,,0.00,,,,,,0.00,,,0.00,,,,,,0.00,,,0.00,,,,,,0.00,,,0.00,,,0.00,,1.00,0,,0.00,,,,,,2.00,1,,1.00,,0.00,,,,0.00,,1.00,1,,,,,1.00,1,,5.00,1,,1.00,1,,,,,1.00,1,,,2,,3,,5-15 yrs,5-15 yrs,2,2,2,2,5,,0,,2045821,,V,77.89,11.11,11.11,11.11,11.11,19.79,19.79,19.79,19.79,20.83,20.83,20.83,20.83,12.50
United Kingdom,GBR,Scotland,UK_SCO,STATE_TOTAL,20220719,0.00,,,,,,0.00,,,0.00,,,,,,0.00,,,0.00,,,,,,0.00,,,0.00,,,,,,0.00,,,0.00,,,,,,0.00,,,0.00,,,,,,0.00,,,0.00,,,,,,0.00,,,0.00,,,0.00,,1.00,0,,0.00,,,,,,2.00,1,,1.00,,0.00,,,,0.00,,1.00,1,,,,,1.00,1,,5.00,1,,1.00,1,,,,,1.00,1,,,2,,3,,5-15 yrs,5-15 yrs,2,2,2,2,5,,0,,2045821,,V,77.89,11.11,11.11,11.11,11.11,19.79,19.79,19.79,19.79,20.83,20.83,20.83,20.83,12.50
United Kingdom,GBR,Scotland,UK_SCO,STATE_TOTAL,20220720,0.00,,,,,,0.00,,,0.00,,,,,,0.00,,,0.00,,,,,,0.00,,,0.00,,,,,,0.00,,,0.00,,,,,,0.00,,,0.00,,,,,,0.00,,,0.00,,,,,,0.00,,,0.00,,,0.00,,1.00,0,,0.00,,,,,,2.00,1,,1.00,,0.00,,,,0.00,,1.00,1,,,,,1.00,1,,5.00,1,,1.00,1,,,,,1.00,1,,,2,,3,,5-15 yrs,5-15 yrs,2,2,2,2,5,,0,,2058616,,V,77.90,11.11,11.11,11.11,11.11,19.79,19.79,19.79,19.79,20.83,20.83,20.83,20.83,12.50
United Kingdom,GBR,Scotland,UK_SCO,STATE_TOTAL,20220721,0.00,,,,,,0.00,,,0.00,,,,,,0.00,,,0.00,,,,,,0.00,,,0.00,,,,,,0.00,,,0.00,,,,,,0.00,,,0.00,,,,,,0.00,,,0.00,,,,,,0.00,,,0.00,,,0.00,,1.00,0,,0.00,,,,,,2.00,1,,1.00,,0.00,,,,0.00,,1.00,1,,,,,1.00,1,,5.00,1,,1.00,1,,,,,1.00,1,,,2,,3,,5-15 yrs,5-15 yrs,2,2,2,2,5,,0,,2058616,,V,77.91,11.11,11.11,11.11,11.11,19.79,19.79,19.79,19.79,20.83,20.83,20.83,20.83,12.50
United Kingdom,GBR,Scotland,UK_SCO,STATE_TOTAL,20220722,0.00,,,,,,0.00,,,0.00,,,,,,0.00,,,0.00,,,,,,0.00,,,0.00,,,,,,0.00,,,0.00,,,,,,0.00,,,0.00,,,,,,0.00,,,0.00,,,,,,0.00,,,0.00,,,0.00,,1.00,0,,0.00,,,,,,2.00,1,,1.00,,0.00,,,,0.00,,1.00,1,,,,,1.00,1,,5.00,1,,1.00,1,,,,,1.00,1,,,2,,3,,5-15 yrs,5-15 yrs,2,2,2,2,5,,0,,2058616,,V,77.93,11.11,11.11,11.11,11.11,19.79,19.79,19.79,19.79,20.83,20.83,20.83,20.83,12.50
United Kingdom,GBR,Scotland,UK_SCO,STATE_TOTAL,20220723,0.00,,,,,,0.00,,,0.00,,,,,,0.00,,,0.00,,,,,,0.00,,,0.00,,,,,,0.00,,,0.00,,,,,,0.00,,,0.00,,,,,,0.00,,,0.00,,,,,,0.00,,,0.00,,,0.00,,1.00,0,,0.00,,,,,,2.00,1,,1.00,,0.00,,,,0.00,,1.00,1,,,,,1.00,1,,5.00,1,,1.00,1,,,,,1.00,1,,,2,,3,,5-15 yrs,5-15 yrs,2,2,2,2,5,,0,,2058616,,V,77.96,11.11,11.11,11.11,11.11,19.79,19.79,19.79,19.79,20.83,20.83,20.83,20.83,12.50
United Kingdom,GBR,Scotland,UK_SCO,STATE_TOTAL,20220724,0.00,,,,,,0.00,,,0.00,,,,,,0.00,,,0.00,,,,,,0.00,,,0.00,,,,,,0.00,,,0.00,,,,,,0.00,,,0.00,,,,,,0.00,,,0.00,,,,,,0.00,,,0.00,,,0.00,,1.00,0,,0.00,,,,,,2.00,1,,1.00,,0.00,,,,0.00,,1.00,1,,,,,1.00,1,,5.00,1,,1.00,1,,,,,1.00,1,,,2,,3,,5-15 yrs,5-15 yrs,2,2,2,2,5,,0,,2058616,,V,77.97,11.11,11.11,11.11,11.11,19.79,19.79,19.79,19.79,20.83,20.83,20.83,20.83,12.50
United Kingdom,GBR,Scotland,UK_SCO,STATE_TOTAL,20220725,0.00,,,,,,0.00,,,0.00,,,,,,0.00,,,0.00,,,,,,0.00,,,0.00,,,,,,0.00,,,0.00,,,,,,0.00,,,0.00,,,,,,0.00,,,0.00,,,,,,0.00,,,0.00,,,0.00,,1.00,0,,0.00,,,,,,2.00,1,,1.00,,0.00,,,,0.00,,1.00,1,,,,,1.00,1,,5.00,1,,1.00,1,,,,,1.00,1,,,2,,3,,5-15 yrs,5-15 yrs,2,2,2,2,5,,0,,2058616,,V,77.98,11.11,11.11,11.11,11.11,19.79,19.79,19.79,19.79,20.83,20.83,20.83,20.83,12.50
United Kingdom,GBR,Scotland,UK_SCO,STATE_TOTAL,20220726,0.00,,,,,,0.00,,,0.00,,,,,,0.00,,,0.00,,,,,,0.00,,,0.00,,,,,,0.00,,,0.00,,,,,,0.00,,,0.00,,,,,,0.00,,,0.00,,,,,,0.00,,,0.00,,,0.00,,1.00,0,,0.00,,,,,,2.00,1,,1.00,,0.00,,,,0.00,,1.00,1,,,,,1.00,1,,5.00,1,,1.00,1,,,,,1.00,1,,,2,,3,,5-15 yrs,5-15 yrs,2,2,2,2,5,,0,,2058616,,V,77.99,11.11,11.11,11.11,11.11,19.79,19.79,19.79,19.79,20.83,20.83,20.83,20.83,12.50
United Kingdom,GBR,Scotland,UK_SCO,STATE_TOTAL,20220727,0.00,,,,,,0.00,,,0.00,,,,,,0.00,,,0.00,,,,,,0.00,,,0.00,,,,,,0.00,,,0.00,,,,,,0.00,,,0.00,,,,,,0.00,,,0.00,,,,,,0.00,,,0.00,,,0.00,,1.00,0,,0.00,,,,,,2.00,1,,1.00,,0.00,,,,0.00,,1.00,1,,,,,1.00,1,,5.00,1,,1.00,1,,,,,1.00,1,,,2,,3,,5-15 yrs,5-15 yrs,2,2,2,2,5,,0,,2067712,,V,77.99,11.11,11.11,11.11,11.11,19.79,19.79,19.79,19.79,20.83,20.83,20.83,20.83,12.50
United Kingdom,GBR,Scotland,UK_SCO,STATE_TOTAL,20220728,0.00,,,,,,0.00,,,0.00,,,,,,0.00,,,0.00,,,,,,0.00,,,0.00,,,,,,0.00,,,0.00,,,,,,0.00,,,0.00,,,,,,0.00,,,0.00,,,,,,0.00,,,0.00,,,0.00,,1.00,0,,0.00,,,,,,2.00,1,,1.00,,0.00,,,,0.00,,1.00,1,,,,,1.00,1,,5.00,1,,1.00,1,,,,,1.00,1,,,2,,3,,5-15 yrs,5-15 yrs,2,2,2,2,5,,0,,2067712,,V,78.00,11.11,11.11,11.11,11.11,19.79,19.79,19.79,19.79,20.83,20.83,20.83,20.83,12.50
United Kingdom,GBR,Scotland,UK_SCO,STATE_TOTAL,20220729,0.00,,,,,,0.00,,,0.00,,,,,,0.00,,,0.00,,,,,,0.00,,,0.00,,,,,,0.00,,,0.00,,,,,,0.00,,,0.00,,,,,,0.00,,,0.00,,,,,,0.00,,,0.00,,,0.00,,1.00,0,,0.00,,,,,,2.00,1,,1.00,,0.00,,,,0.00,,1.00,1,,,,,1.00,1,,5.00,1,,1.00,1,,,,,1.00,1,,,2,,3,,5-15 yrs,5-15 yrs,2,2,2,2,5,,0,,2067712,,V,78.02,11.11,11.11,11.11,11.11,19.79,19.79,19.79,19.79,20.83,20.83,20.83,20.83,12.50
United Kingdom,GBR,Scotland,UK_SCO,STATE_TOTAL,20220730,0.00,,,,,,0.00,,,0.00,,,,,,0.00,,,0.00,,,,,,0.00,,,0.00,,,,,,0.00,,,0.00,,,,,,0.00,,,0.00,,,,,,0.00,,,0.00,,,,,,0.00,,,0.00,,,0.00,,1.00,0,,0.00,,,,,,2.00,1,,1.00,,0.00,,,,0.00,,1.00,1,,,,,1.00,1,,5.00,1,,1.00,1,,,,,1.00,1,,,2,,3,,5-15 yrs,5-15 yrs,2,2,2,2,5,,0,,2067712,,V,78.04,11.11,11.11,11.11,11.11,19.79,19.79,19.79,19.79,20.83,20.83,20.83,20.83,12.50
United Kingdom,GBR,Scotland,UK_SCO,STATE_TOTAL,20220731,0.00,,,,,,0.00,,,0.00,,,,,,0.00,,,0.00,,,,,,0.00,,,0.00,,,,,,0.00,,,0.00,,,,,,0.00,,,0.00,,,,,,0.00,,,0.00,,,,,,0.00,,,0.00,,,0.00,,1.00,0,,0.00,,,,,,2.00,1,,1.00,,0.00,,,,0.00,,1.00,1,,,,,1.00,1,,5.00,1,,1.00,1,,,,,1.00,1,,,2,,3,,5-15 yrs,5-15 yrs,2,2,2,2,5,,0,,2067712,,V,78.05,11.11,11.11,11.11,11.11,19.79,19.79,19.79,19.79,20.83,20.83,20.83,20.83,12.50
United Kingdom,GBR,Scotland,UK_SCO,STATE_TOTAL,20220801,0.00,,,,,,0.00,,,0.00,,,,,,0.00,,,0.00,,,,,,0.00,,,0.00,,,,,,0.00,,,0.00,,,,,,0.00,,,0.00,,,,,,0.00,,,0.00,,,,,,0.00,,,0.00,,,0.00,,1.00,0,,0.00,,,,,,2.00,1,,1.00,,0.00,,,,0.00,,1.00,1,,,,,1.00,1,,5.00,1,,1.00,1,,,,,1.00,1,,,2,,3,,5-15 yrs,5-15 yrs,2,2,2,2,5,,0,,2067712,,V,78.06,11.11,11.11,11.11,11.11,19.79,19.79,19.79,19.79,20.83,20.83,20.83,20.83,12.50
United Kingdom,GBR,Scotland,UK_SCO,STATE_TOTAL,20220802,0.00,,,,,,0.00,,,0.00,,,,,,0.00,,,0.00,,,,,,0.00,,,0.00,,,,,,0.00,,,0.00,,,,,,0.00,,,0.00,,,,,,0.00,,,0.00,,,,,,0.00,,,0.00,,,0.00,,1.00,0,,0.00,,,,,,2.00,1,,1.00,,0.00,,,,0.00,,1.00,1,,,,,1.00,1,,5.00,1,,1.00,1,,,,,1.00,1,,,2,,3,,5-15 yrs,5-15 yrs,2,2,2,2,5,,0,,2067712,,V,78.06,11.11,11.11,11.11,11.11,19.79,19.79,19.79,19.79,20.83,20.83,20.83,20.83,12.50
United Kingdom,GBR,Scotland,UK_SCO,STATE_TOTAL,20220803,0.00,,,,,,0.00,,,0.00,,,,,,0.00,,,0.00,,,,,,0.00,,,0.00,,,,,,0.00,,,0.00,,,,,,0.00,,,0.00,,,,,,0.00,,,0.00,,,,,,0.00,,,0.00,,,0.00,,1.00,0,,0.00,,,,,,2.00,1,,1.00,,0.00,,,,0.00,,1.00,1,,,,,1.00,1,,5.00,1,,1.00,1,,,,,1.00,1,,,2,,3,,5-15 yrs,5-15 yrs,2,2,2,2,5,,0,,2074217,,V,78.07,11.11,11.11,11.11,11.11,19.79,19.79,19.79,19.79,20.83,20.83,20.83,20.83,12.50
United Kingdom,GBR,Scotland,UK_SCO,STATE_TOTAL,20220804,0.00,,,,,,0.00,,,0.00,,,,,,0.00,,,0.00,,,,,,0.00,,,0.00,,,,,,0.00,,,0.00,,,,,,0.00,,,0.00,,,,,,0.00,,,0.00,,,,,,0.00,,,0.00,,,0.00,,1.00,0,,0.00,,,,,,2.00,1,,1.00,,0.00,,,,0.00,,1.00,1,,,,,1.00,1,,5.00,1,,1.00,1,,,,,1.00,1,,,2,,3,,5-15 yrs,5-15 yrs,2,2,2,2,5,,0,,2074217,,V,78.08,11.11,11.11,11.11,11.11,19.79,19.79,19.79,19.79,20.83,20.83,20.83,20.83,12.50
United Kingdom,GBR,Scotland,UK_SCO,STATE_TOTAL,20220805,0.00,,,,,,0.00,,,0.00,,,,,,0.00,,,0.00,,,,,,0.00,,,0.00,,,,,,0.00,,,0.00,,,,,,0.00,,,0.00,,,,,,0.00,,,0.00,,,,,,0.00,,,0.00,,,0.00,,1.00,0,,0.00,,,,,,2.00,1,,1.00,,0.00,,,,0.00,,1.00,1,,,,,1.00,1,,5.00,1,,1.00,1,,,,,1.00,1,,,2,,3,,5-15 yrs,5-15 yrs,2,2,2,2,5,,0,,2074217,,V,78.09,11.11,11.11,11.11,11.11,19.79,19.79,19.79,19.79,20.83,20.83,20.83,20.83,12.50
United Kingdom,GBR,Scotland,UK_SCO,STATE_TOTAL,20220806,0.00,,,,,,0.00,,,0.00,,,,,,0.00,,,0.00,,,,,,0.00,,,0.00,,,,,,0.00,,,0.00,,,,,,0.00,,,0.00,,,,,,0.00,,,0.00,,,,,,0.00,,,0.00,,,0.00,,1.00,0,,0.00,,,,,,2.00,1,,1.00,,0.00,,,,0.00,,1.00,1,,,,,1.00,1,,5.00,1,,1.00,1,,,,,1.00,1,,,2,,3,,5-15 yrs,5-15 yrs,2,2,2,2,5,,0,,2074217,,V,78.12,11.11,11.11,11.11,11.11,19.79,19.79,19.79,19.79,20.83,20.83,20.83,20.83,12.50
United Kingdom,GBR,Scotland,UK_SCO,STATE_TOTAL,20220807,0.00,,,,,,0.00,,,0.00,,,,,,0.00,,,0.00,,,,,,0.00,,,0.00,,,,,,0.00,,,0.00,,,,,,0.00,,,0.00,,,,,,0.00,,,0.00,,,,,,0.00,,,0.00,,,0.00,,1.00,0,,0.00,,,,,,2.00,1,,1.00,,0.00,,,,0.00,,1.00,1,,,,,1.00,1,,5.00,1,,1.00,1,,,,,1.00,1,,,2,,3,,5-15 yrs,5-15 yrs,2,2,2,2,5,,0,,2074217,,V,78.13,11.11,11.11,11.11,11.11,19.79,19.79,19.79,19.79,20.83,20.83,20.83,20.83,12.50
United Kingdom,GBR,Scotland,UK_SCO,STATE_TOTAL,20220808,0.00,,,,,,0.00,,,0.00,,,,,,0.00,,,0.00,,,,,,0.00,,,0.00,,,,,,0.00,,,0.00,,,,,,0.00,,,0.00,,,,,,0.00,,,0.00,,,,,,0.00,,,0.00,,,0.00,,1.00,0,,0.00,,,,,,2.00,1,,1.00,,0.00,,,,0.00,,1.00,1,,,,,1.00,1,,5.00,1,,1.00,1,,,,,1.00,1,,,2,,3,,5-15 yrs,5-15 yrs,2,2,2,2,5,,0,,2074217,,V,78.14,11.11,11.11,11.11,11.11,19.79,19.79,19.79,19.79,20.83,20.83,20.83,20.83,12.50
United Kingdom,GBR,Scotland,UK_SCO,STATE_TOTAL,20220809,0.00,,,,,,0.00,,,0.00,,,,,,0.00,,,0.00,,,,,,0.00,,,0.00,,,,,,0.00,,,0.00,,,,,,0.00,,,0.00,,,,,,0.00,,,0.00,,,,,,0.00,,,0.00,,,0.00,,1.00,0,,0.00,,,,,,2.00,1,,1.00,,0.00,,,,0.00,,1.00,1,,,,,1.00,1,,5.00,1,,1.00,1,,,,,1.00,1,,,2,,3,,5-15 yrs,5-15 yrs,2,2,2,2,5,,0,,2074217,,V,78.15,11.11,11.11,11.11,11.11,19.79,19.79,19.79,19.79,20.83,20.83,20.83,20.83,12.50
United Kingdom,GBR,Scotland,UK_SCO,STATE_TOTAL,20220810,0.00,,,,,,0.00,,,0.00,,,,,,0.00,,,0.00,,,,,,0.00,,,0.00,,,,,,0.00,,,0.00,,,,,,0.00,,,0.00,,,,,,0.00,,,0.00,,,,,,0.00,,,0.00,,,0.00,,1.00,0,,0.00,,,,,,2.00,1,,1.00,,0.00,,,,0.00,,1.00,1,,,,,1.00,1,,5.00,1,,1.00,1,,,,,1.00,1,,,2,,3,,5-15 yrs,5-15 yrs,2,2,2,2,5,,0,,2079366,,V,78.15,11.11,11.11,11.11,11.11,19.79,19.79,19.79,19.79,20.83,20.83,20.83,20.83,12.50
United Kingdom,GBR,Scotland,UK_SCO,STATE_TOTAL,20220811,0.00,,,,,,0.00,,,0.00,,,,,,0.00,,,0.00,,,,,,0.00,,,0.00,,,,,,0.00,,,0.00,,,,,,0.00,,,0.00,,,,,,0.00,,,0.00,,,,,,0.00,,,0.00,,,0.00,,1.00,0,,0.00,,,,,,2.00,1,,1.00,,0.00,,,,0.00,,1.00,1,,,,,1.00,1,,5.00,1,,1.00,1,,,,,1.00,1,,,2,,3,,5-15 yrs,5-15 yrs,2,2,2,2,5,,0,,2079366,,V,78.17,11.11,11.11,11.11,11.11,19.79,19.79,19.79,19.79,20.83,20.83,20.83,20.83,12.50
United Kingdom,GBR,Scotland,UK_SCO,STATE_TOTAL,20220812,0.00,,,,,,0.00,,,0.00,,,,,,0.00,,,0.00,,,,,,0.00,,,0.00,,,,,,0.00,,,0.00,,,,,,0.00,,,0.00,,,,,,0.00,,,0.00,,,,,,0.00,,,0.00,,,0.00,,1.00,0,,0.00,,,,,,2.00,1,,1.00,,0.00,,,,0.00,,1.00,1,,,,,1.00,1,,5.00,1,,1.00,1,,,,,1.00,1,,,2,,3,,5-15 yrs,5-15 yrs,2,2,2,2,5,,0,,2079366,,V,78.17,11.11,11.11,11.11,11.11,19.79,19.79,19.79,19.79,20.83,20.83,20.83,20.83,12.50
United Kingdom,GBR,Scotland,UK_SCO,STATE_TOTAL,20220813,0.00,,,,,,0.00,,,0.00,,,,,,0.00,,,0.00,,,,,,0.00,,,0.00,,,,,,0.00,,,0.00,,,,,,0.00,,,0.00,,,,,,0.00,,,0.00,,,,,,0.00,,,0.00,,,0.00,,1.00,0,,0.00,,,,,,2.00,1,,1.00,,0.00,,,,0.00,,1.00,1,,,,,1.00,1,,5.00,1,,1.00,1,,,,,1.00,1,,,2,,3,,5-15 yrs,5-15 yrs,2,2,2,2,5,,0,,2079366,,V,78.20,11.11,11.11,11.11,11.11,19.79,19.79,19.79,19.79,20.83,20.83,20.83,20.83,12.50
United Kingdom,GBR,Scotland,UK_SCO,STATE_TOTAL,20220814,0.00,,,,,,0.00,,,0.00,,,,,,0.00,,,0.00,,,,,,0.00,,,0.00,,,,,,0.00,,,0.00,,,,,,0.00,,,0.00,,,,,,0.00,,,0.00,,,,,,0.00,,,0.00,,,0.00,,1.00,0,,0.00,,,,,,2.00,1,,1.00,,0.00,,,,0.00,,1.00,1,,,,,1.00,1,,5.00,1,,1.00,1,,,,,1.00,1,,,2,,3,,5-15 yrs,5-15 yrs,2,2,2,2,5,,0,,2079366,,V,78.21,11.11,11.11,11.11,11.11,19.79,19.79,19.79,19.79,20.83,20.83,20.83,20.83,12.50
United Kingdom,GBR,Scotland,UK_SCO,STATE_TOTAL,20220815,0.00,,,,,,0.00,,,0.00,,,,,,0.00,,,0.00,,,,,,0.00,,,0.00,,,,,,0.00,,,0.00,,,,,,0.00,,,0.00,,,,,,0.00,,,0.00,,,,,,0.00,,,0.00,,,0.00,,1.00,0,,0.00,,,,,,2.00,1,,1.00,,0.00,,,,0.00,,1.00,1,,,,,1.00,1,,5.00,1,,1.00,1,,,,,1.00,1,,,2,,3,,5-15 yrs,5-15 yrs,2,2,2,2,5,,0,,2079366,,V,78.21,11.11,11.11,11.11,11.11,19.79,19.79,19.79,19.79,20.83,20.83,20.83,20.83,12.50
United Kingdom,GBR,Scotland,UK_SCO,STATE_TOTAL,20220816,0.00,,,,,,0.00,,,0.00,,,,,,0.00,,,0.00,,,,,,0.00,,,0.00,,,,,,0.00,,,0.00,,,,,,0.00,,,0.00,,,,,,0.00,,,0.00,,,,,,0.00,,,0.00,,,0.00,,1.00,0,,0.00,,,,,,2.00,1,,1.00,,0.00,,,,0.00,,1.00,1,,,,,1.00,1,,5.00,1,,1.00,1,,,,,1.00,1,,,2,,3,,5-15 yrs,5-15 yrs,2,2,2,2,5,,0,,2079366,,V,78.22,11.11,11.11,11.11,11.11,19.79,19.79,19.79,19.79,20.83,20.83,20.83,20.83,12.50
United Kingdom,GBR,Scotland,UK_SCO,STATE_TOTAL,20220817,0.00,,,,,,0.00,,,0.00,,,,,,0.00,,,0.00,,,,,,0.00,,,0.00,,,,,,0.00,,,0.00,,,,,,0.00,,,0.00,,,,,,0.00,,,0.00,,,,,,0.00,,,0.00,,,0.00,,1.00,0,,0.00,,,,,,2.00,1,,1.00,,0.00,,,,0.00,,1.00,1,,,,,1.00,1,,5.00,1,,1.00,1,,,,,1.00,1,,,2,,3,,5-15 yrs,5-15 yrs,2,2,2,2,5,,0,,2083741,,V,78.22,11.11,11.11,11.11,11.11,19.79,19.79,19.79,19.79,20.83,20.83,20.83,20.83,12.50
United Kingdom,GBR,Scotland,UK_SCO,STATE_TOTAL,20220818,0.00,,,,,,0.00,,,0.00,,,,,,0.00,,,0.00,,,,,,0.00,,,0.00,,,,,,0.00,,,0.00,,,,,,0.00,,,0.00,,,,,,0.00,,,0.00,,,,,,0.00,,,0.00,,,0.00,,1.00,0,,0.00,,,,,,1.00,1,,1.00,,0.00,,,,0.00,,1.00,1,,,,,1.00,1,,5.00,1,,1.00,1,,,,,1.00,1,,,2,,3,,5-15 yrs,5-15 yrs,2,2,2,2,5,,0,,2083741,,V,78.23,5.56,5.56,5.56,5.56,16.67,16.67,16.67,16.67,17.26,17.26,17.26,17.26,12.50
United Kingdom,GBR,Scotland,UK_SCO,STATE_TOTAL,20220819,0.00,,,,,,0.00,,,0.00,,,,,,0.00,,,0.00,,,,,,0.00,,,0.00,,,,,,0.00,,,0.00,,,,,,0.00,,,0.00,,,,,,0.00,,,0.00,,,,,,0.00,,,0.00,,,0.00,,1.00,0,,0.00,,,,,,1.00,1,,1.00,,0.00,,,,0.00,,1.00,1,,,,,1.00,1,,5.00,1,,1.00,1,,,,,1.00,1,,,2,,3,,5-15 yrs,5-15 yrs,2,2,2,2,5,,0,,2083741,,V,78.23,5.56,5.56,5.56,5.56,16.67,16.67,16.67,16.67,17.26,17.26,17.26,17.26,12.50
United Kingdom,GBR,Scotland,UK_SCO,STATE_TOTAL,20220820,0.00,,,,,,0.00,,,0.00,,,,,,0.00,,,0.00,,,,,,0.00,,,0.00,,,,,,0.00,,,0.00,,,,,,0.00,,,0.00,,,,,,0.00,,,0.00,,,,,,0.00,,,0.00,,,0.00,,1.00,0,,0.00,,,,,,1.00,1,,1.00,,0.00,,,,0.00,,1.00,1,,,,,1.00,1,,5.00,1,,1.00,1,,,,,1.00,1,,,2,,3,,5-15 yrs,5-15 yrs,2,2,2,2,5,,0,,2083741,,V,78.26,5.56,5.56,5.56,5.56,16.67,16.67,16.67,16.67,17.26,17.26,17.26,17.26,12.50
United Kingdom,GBR,Scotland,UK_SCO,STATE_TOTAL,20220821,0.00,,,,,,0.00,,,0.00,,,,,,0.00,,,0.00,,,,,,0.00,,,0.00,,,,,,0.00,,,0.00,,,,,,0.00,,,0.00,,,,,,0.00,,,0.00,,,,,,0.00,,,0.00,,,0.00,,1.00,0,,0.00,,,,,,1.00,1,,1.00,,0.00,,,,0.00,,1.00,1,,,,,1.00,1,,5.00,1,,1.00,1,,,,,1.00,1,,,2,,3,,5-15 yrs,5-15 yrs,2,2,2,2,5,,0,,2083741,,V,78.27,5.56,5.56,5.56,5.56,16.67,16.67,16.67,16.67,17.26,17.26,17.26,17.26,12.50
United Kingdom,GBR,Scotland,UK_SCO,STATE_TOTAL,20220822,0.00,,,,,,0.00,,,0.00,,,,,,0.00,,,0.00,,,,,,0.00,,,0.00,,,,,,0.00,,,0.00,,,,,,0.00,,,0.00,,,,,,0.00,,,0.00,,,,,,0.00,,,0.00,,,0.00,,1.00,0,,0.00,,,,,,1.00,1,,1.00,,0.00,,,,0.00,,1.00,1,,,,,1.00,1,,5.00,1,,1.00,1,,,,,1.00,1,,,2,,3,,5-15 yrs,5-15 yrs,2,2,2,2,5,,0,,2083741,,V,78.28,5.56,5.56,5.56,5.56,16.67,16.67,16.67,16.67,17.26,17.26,17.26,17.26,12.50
United Kingdom,GBR,Scotland,UK_SCO,STATE_TOTAL,20220823,0.00,,,,,,0.00,,,0.00,,,,,,0.00,,,0.00,,,,,,0.00,,,0.00,,,,,,0.00,,,0.00,,,,,,0.00,,,0.00,,,,,,0.00,,,0.00,,,,,,0.00,,,0.00,,,0.00,,1.00,0,,0.00,,,,,,1.00,1,,1.00,,0.00,,,,0.00,,1.00,1,,,,,1.00,1,,5.00,1,,1.00,1,,,,,1.00,1,,,2,,3,,5-15 yrs,5-15 yrs,2,2,2,2,5,,0,,2083741,,V,78.28,5.56,5.56,5.56,5.56,16.67,16.67,16.67,16.67,17.26,17.26,17.26,17.26,12.50
United Kingdom,GBR,Scotland,UK_SCO,STATE_TOTAL,20220824,0.00,,,,,,0.00,,,0.00,,,,,,0.00,,,0.00,,,,,,0.00,,,0.00,,,,,,0.00,,,0.00,,,,,,0.00,,,0.00,,,,,,0.00,,,0.00,,,,,,0.00,,,0.00,,,0.00,,1.00,0,,0.00,,,,,,1.00,1,,1.00,,0.00,,,,0.00,,1.00,1,,,,,1.00,1,,5.00,1,,1.00,1,,,,,1.00,1,,,2,,3,,5-15 yrs,5-15 yrs,2,2,2,2,5,,0,,2087616,,V,78.29,5.56,5.56,5.56,5.56,16.67,16.67,16.67,16.67,17.26,17.26,17.26,17.26,12.50
United Kingdom,GBR,Scotland,UK_SCO,STATE_TOTAL,20220825,0.00,,,,,,0.00,,,0.00,,,,,,0.00,,,0.00,,,,,,0.00,,,0.00,,,,,,0.00,,,0.00,,,,,,0.00,,,0.00,,,,,,0.00,,,0.00,,,,,,0.00,,,0.00,,,0.00,,1.00,0,,0.00,,,,,,1.00,1,,1.00,,0.00,,,,0.00,,1.00,1,,,,,1.00,1,,5.00,1,,1.00,1,,,,,1.00,1,,,2,,3,,5-15 yrs,5-15 yrs,2,2,2,2,5,,0,,2087616,,V,78.29,5.56,5.56,5.56,5.56,16.67,16.67,16.67,16.67,17.26,17.26,17.26,17.26,12.50
United Kingdom,GBR,Scotland,UK_SCO,STATE_TOTAL,20220826,0.00,,,,,,0.00,,,0.00,,,,,,0.00,,,0.00,,,,,,0.00,,,0.00,,,,,,0.00,,,0.00,,,,,,0.00,,,0.00,,,,,,0.00,,,0.00,,,,,,0.00,,,0.00,,,0.00,,1.00,0,,0.00,,,,,,1.00,1,,1.00,,0.00,,,,0.00,,1.00,1,,,,,1.00,1,,5.00,1,,1.00,1,,,,,1.00,1,,,2,,3,,5-15 yrs,5-15 yrs,2,2,2,2,5,,0,,2087616,,V,78.29,5.56,5.56,5.56,5.56,16.67,16.67,16.67,16.67,17.26,17.26,17.26,17.26,12.50
United Kingdom,GBR,Scotland,UK_SCO,STATE_TOTAL,20220827,0.00,,,,,,0.00,,,0.00,,,,,,0.00,,,0.00,,,,,,0.00,,,0.00,,,,,,0.00,,,0.00,,,,,,0.00,,,0.00,,,,,,0.00,,,0.00,,,,,,0.00,,,0.00,,,0.00,,1.00,0,,0.00,,,,,,1.00,1,,1.00,,0.00,,,,0.00,,1.00,1,,,,,1.00,1,,5.00,1,,1.00,1,,,,,1.00,1,,,2,,3,,5-15 yrs,5-15 yrs,2,2,2,2,5,,0,,2087616,,V,78.32,5.56,5.56,5.56,5.56,16.67,16.67,16.67,16.67,17.26,17.26,17.26,17.26,12.50
United Kingdom,GBR,Scotland,UK_SCO,STATE_TOTAL,20220828,0.00,,,,,,0.00,,,0.00,,,,,,0.00,,,0.00,,,,,,0.00,,,0.00,,,,,,0.00,,,0.00,,,,,,0.00,,,0.00,,,,,,0.00,,,0.00,,,,,,0.00,,,0.00,,,0.00,,1.00,0,,0.00,,,,,,1.00,1,,1.00,,0.00,,,,0.00,,1.00,1,,,,,1.00,1,,5.00,1,,1.00,1,,,,,1.00,1,,,2,,3,,5-15 yrs,5-15 yrs,2,2,2,2,5,,0,,2087616,,V,78.33,5.56,5.56,5.56,5.56,16.67,16.67,16.67,16.67,17.26,17.26,17.26,17.26,12.50
United Kingdom,GBR,Scotland,UK_SCO,STATE_TOTAL,20220829,0.00,,,,,,0.00,,,0.00,,,,,,0.00,,,0.00,,,,,,0.00,,,0.00,,,,,,0.00,,,0.00,,,,,,0.00,,,0.00,,,,,,0.00,,,0.00,,,,,,0.00,,,0.00,,,0.00,,1.00,0,,0.00,,,,,,1.00,1,,1.00,,0.00,,,,0.00,,1.00,1,,,,,1.00,1,,5.00,1,,1.00,1,,,,,1.00,1,,,2,,3,,5-15 yrs,5-15 yrs,2,2,2,2,5,,0,,2087616,,V,78.33,5.56,5.56,5.56,5.56,16.67,16.67,16.67,16.67,17.26,17.26,17.26,17.26,12.50
United Kingdom,GBR,Scotland,UK_SCO,STATE_TOTAL,20220830,0.00,,,,,,0.00,,,0.00,,,,,,0.00,,,0.00,,,,,,0.00,,,0.00,,,,,,0.00,,,0.00,,,,,,0.00,,,0.00,,,,,,0.00,,,0.00,,,,,,0.00,,,0.00,,,0.00,,1.00,0,,0.00,,,,,,1.00,1,,1.00,,0.00,,,,0.00,,1.00,1,,,,,1.00,1,,5.00,1,,1.00,1,,,,,1.00,1,,,2,,3,,5-15 yrs,5-15 yrs,2,2,2,2,5,,0,,2087616,,V,78.34,5.56,5.56,5.56,5.56,16.67,16.67,16.67,16.67,17.26,17.26,17.26,17.26,12.50
United Kingdom,GBR,Scotland,UK_SCO,STATE_TOTAL,20220831,0.00,,,,,,0.00,,,0.00,,,,,,0.00,,,0.00,,,,,,0.00,,,0.00,,,,,,0.00,,,0.00,,,,,,0.00,,,0.00,,,,,,0.00,,,0.00,,,,,,0.00,,,0.00,,,0.00,,1.00,0,,0.00,,,,,,1.00,1,,1.00,,0.00,,,,0.00,,1.00,1,,,,,1.00,1,,5.00,1,,1.00,1,,,,,1.00,1,,,2,,3,,5-15 yrs,5-15 yrs,2,2,2,2,5,,0,,2091313,,V,78.34,5.56,5.56,5.56,5.56,16.67,16.67,16.67,16.67,17.26,17.26,17.26,17.26,12.50
United Kingdom,GBR,Scotland,UK_SCO,STATE_TOTAL,20220901,0.00,,,,,,0.00,,,0.00,,,,,,0.00,,,0.00,,,,,,0.00,,,0.00,,,,,,0.00,,,0.00,,,,,,0.00,,,0.00,,,,,,0.00,,,0.00,,,,,,0.00,,,0.00,,,0.00,,1.00,0,,0.00,,,,,,1.00,1,,1.00,,0.00,,,,0.00,,1.00,1,,,,,1.00,1,,5.00,1,,1.00,1,,,,,1.00,1,,,2,,3,,5-15 yrs,5-15 yrs,2,2,2,2,5,,0,,2091313,,V,78.35,5.56,5.56,5.56,5.56,16.67,16.67,16.67,16.67,17.26,17.26,17.26,17.26,12.50
United Kingdom,GBR,Scotland,UK_SCO,STATE_TOTAL,20220902,0.00,,,,,,0.00,,,0.00,,,,,,0.00,,,0.00,,,,,,0.00,,,0.00,,,,,,0.00,,,0.00,,,,,,0.00,,,0.00,,,,,,0.00,,,0.00,,,,,,0.00,,,0.00,,,0.00,,1.00,0,,0.00,,,,,,1.00,1,,1.00,,0.00,,,,0.00,,1.00,1,,,,,1.00,1,,5.00,1,,1.00,1,,,,,1.00,1,,,2,,3,,5-15 yrs,5-15 yrs,2,2,2,2,5,,0,,2091313,,V,78.35,5.56,5.56,5.56,5.56,16.67,16.67,16.67,16.67,17.26,17.26,17.26,17.26,12.50
United Kingdom,GBR,Scotland,UK_SCO,STATE_TOTAL,20220903,0.00,,,,,,0.00,,,0.00,,,,,,0.00,,,0.00,,,,,,0.00,,,0.00,,,,,,0.00,,,0.00,,,,,,0.00,,,0.00,,,,,,0.00,,,0.00,,,,,,0.00,,,0.00,,,0.00,,1.00,0,,0.00,,,,,,1.00,1,,1.00,,0.00,,,,0.00,,1.00,1,,,,,1.00,1,,5.00,1,,1.00,1,,,,,1.00,1,,,2,,3,,5-15 yrs,5-15 yrs,2,2,2,2,5,,0,,2091313,,V,78.38,5.56,5.56,5.56,5.56,16.67,16.67,16.67,16.67,17.26,17.26,17.26,17.26,12.50
United Kingdom,GBR,Scotland,UK_SCO,STATE_TOTAL,20220904,0.00,,,,,,0.00,,,0.00,,,,,,0.00,,,0.00,,,,,,0.00,,,0.00,,,,,,0.00,,,0.00,,,,,,0.00,,,0.00,,,,,,0.00,,,0.00,,,,,,0.00,,,0.00,,,0.00,,1.00,0,,0.00,,,,,,1.00,1,,1.00,,0.00,,,,0.00,,1.00,1,,,,,1.00,1,,5.00,1,,1.00,1,,,,,1.00,1,,,2,,3,,5-15 yrs,5-15 yrs,2,2,2,2,5,,0,,2091313,,V,78.39,5.56,5.56,5.56,5.56,16.67,16.67,16.67,16.67,17.26,17.26,17.26,17.26,12.50
United Kingdom,GBR,Scotland,UK_SCO,STATE_TOTAL,20220905,0.00,,,,,,0.00,,,0.00,,,,,,0.00,,,0.00,,,,,,0.00,,,0.00,,,,,,0.00,,,0.00,,,,,,0.00,,,0.00,,,,,,0.00,,,0.00,,,,,,0.00,,,0.00,,,0.00,,1.00,0,,0.00,,,,,,1.00,1,,1.00,,0.00,,,,0.00,,1.00,1,,,,,1.00,1,,5.00,1,,1.00,1,,,,,1.00,1,,,2,,3,,5-15 yrs,5-15 yrs,2,2,2,2,5,,0,,2091313,,V,78.39,5.56,5.56,5.56,5.56,16.67,16.67,16.67,16.67,17.26,17.26,17.26,17.26,12.50
United Kingdom,GBR,Scotland,UK_SCO,STATE_TOTAL,20220906,0.00,,,,,,0.00,,,0.00,,,,,,0.00,,,0.00,,,,,,0.00,,,0.00,,,,,,0.00,,,0.00,,,,,,0.00,,,0.00,,,,,,0.00,,,0.00,,,,,,0.00,,,0.00,,,0.00,,1.00,0,,0.00,,,,,,1.00,1,,1.00,,0.00,,,,0.00,,1.00,1,,,,,1.00,1,,5.00,1,,1.00,1,,,,,1.00,1,,,2,,3,,5-15 yrs,5-15 yrs,2,2,2,2,5,,0,,2091313,,V,78.39,5.56,5.56,5.56,5.56,16.67,16.67,16.67,16.67,17.26,17.26,17.26,17.26,12.50
United Kingdom,GBR,Scotland,UK_SCO,STATE_TOTAL,20220907,0.00,,,,,,0.00,,,0.00,,,,,,0.00,,,0.00,,,,,,0.00,,,0.00,,,,,,0.00,,,0.00,,,,,,0.00,,,0.00,,,,,,0.00,,,0.00,,,,,,0.00,,,0.00,,,0.00,,1.00,0,,0.00,,,,,,1.00,1,,1.00,,0.00,,,,0.00,,1.00,1,,,,,1.00,1,,5.00,1,,1.00,1,,,,,1.00,1,,,2,,3,,5-15 yrs,5-15 yrs,2,2,2,2,5,,0,,2095171,,V,78.39,5.56,5.56,5.56,5.56,16.67,16.67,16.67,16.67,17.26,17.26,17.26,17.26,12.50
United Kingdom,GBR,Scotland,UK_SCO,STATE_TOTAL,20220908,0.00,,,,,,0.00,,,0.00,,,,,,0.00,,,0.00,,,,,,0.00,,,0.00,,,,,,0.00,,,0.00,,,,,,0.00,,,0.00,,,,,,0.00,,,0.00,,,,,,0.00,,,0.00,,,0.00,,1.00,0,,0.00,,,,,,1.00,1,,1.00,,0.00,,,,0.00,,1.00,1,,,,,1.00,1,,5.00,1,,1.00,1,,,,,1.00,1,,,2,,3,,5-15 yrs,5-15 yrs,2,2,2,2,5,,0,,2095171,,V,78.40,5.56,5.56,5.56,5.56,16.67,16.67,16.67,16.67,17.26,17.26,17.26,17.26,12.50
United Kingdom,GBR,Scotland,UK_SCO,STATE_TOTAL,20220909,0.00,,,,,,0.00,,,0.00,,,,,,0.00,,,0.00,,,,,,0.00,,,0.00,,,,,,0.00,,,0.00,,,,,,0.00,,,0.00,,,,,,0.00,,,0.00,,,,,,0.00,,,0.00,,,0.00,,1.00,0,,0.00,,,,,,1.00,1,,1.00,,0.00,,,,0.00,,1.00,1,,,,,1.00,1,,5.00,1,,1.00,1,,,,,1.00,1,,,2,,3,,5-15 yrs,5-15 yrs,2,2,2,2,5,,0,,2095171,,V,78.40,5.56,5.56,5.56,5.56,16.67,16.67,16.67,16.67,17.26,17.26,17.26,17.26,12.50
United Kingdom,GBR,Scotland,UK_SCO,STATE_TOTAL,20220910,0.00,,,,,,0.00,,,0.00,,,,,,0.00,,,0.00,,,,,,0.00,,,0.00,,,,,,0.00,,,0.00,,,,,,0.00,,,0.00,,,,,,0.00,,,0.00,,,,,,0.00,,,0.00,,,0.00,,1.00,0,,0.00,,,,,,1.00,1,,1.00,,0.00,,,,0.00,,1.00,1,,,,,1.00,1,,5.00,1,,1.00,1,,,,,1.00,1,,,2,,3,,5-15 yrs,5-15 yrs,2,2,2,2,5,,0,,2095171,,V,78.41,5.56,5.56,5.56,5.56,16.67,16.67,16.67,16.67,17.26,17.26,17.26,17.26,12.50
United Kingdom,GBR,Scotland,UK_SCO,STATE_TOTAL,20220911,0.00,,,,,,0.00,,,0.00,,,,,,0.00,,,0.00,,,,,,0.00,,,0.00,,,,,,0.00,,,0.00,,,,,,0.00,,,0.00,,,,,,0.00,,,0.00,,,,,,0.00,,,0.00,,,0.00,,1.00,0,,0.00,,,,,,1.00,1,,1.00,,0.00,,,,0.00,,1.00,1,,,,,1.00,1,,5.00,1,,1.00,1,,,,,1.00,1,,,2,,3,,5-15 yrs,5-15 yrs,2,2,2,2,5,,0,,2095171,,V,78.41,5.56,5.56,5.56,5.56,16.67,16.67,16.67,16.67,17.26,17.26,17.26,17.26,12.50
United Kingdom,GBR,Scotland,UK_SCO,STATE_TOTAL,20220912,0.00,,,,,,0.00,,,0.00,,,,,,0.00,,,0.00,,,,,,0.00,,,0.00,,,,,,0.00,,,0.00,,,,,,0.00,,,0.00,,,,,,0.00,,,0.00,,,,,,0.00,,,0.00,,,0.00,,1.00,0,,0.00,,,,,,1.00,1,,1.00,,0.00,,,,0.00,,1.00,1,,,,,1.00,1,,5.00,1,,1.00,1,,,,,1.00,1,,,2,,3,,5-15 yrs,5-15 yrs,2,2,2,2,5,,0,,2095171,,V,78.41,5.56,5.56,5.56,5.56,16.67,16.67,16.67,16.67,17.26,17.26,17.26,17.26,12.50
United Kingdom,GBR,Scotland,UK_SCO,STATE_TOTAL,20220913,0.00,,,,,,0.00,,,0.00,,,,,,0.00,,,0.00,,,,,,0.00,,,0.00,,,,,,0.00,,,0.00,,,,,,0.00,,,0.00,,,,,,0.00,,,0.00,,,,,,0.00,,,0.00,,,0.00,,1.00,0,,0.00,,,,,,1.00,1,,1.00,,0.00,,,,0.00,,1.00,1,,,,,1.00,1,,5.00,1,,1.00,1,,,,,1.00,1,,,2,,3,,5-15 yrs,5-15 yrs,2,2,2,2,5,,0,,2095171,,V,78.41,5.56,5.56,5.56,5.56,16.67,16.67,16.67,16.67,17.26,17.26,17.26,17.26,12.50
United Kingdom,GBR,Scotland,UK_SCO,STATE_TOTAL,20220914,0.00,,,,,,0.00,,,0.00,,,,,,0.00,,,0.00,,,,,,0.00,,,0.00,,,,,,0.00,,,0.00,,,,,,0.00,,,0.00,,,,,,0.00,,,0.00,,,,,,0.00,,,0.00,,,0.00,,1.00,0,,0.00,,,,,,1.00,1,,1.00,,0.00,,,,0.00,,1.00,1,,,,,1.00,1,,5.00,1,,1.00,1,,,,,1.00,1,,,2,,3,,5-15 yrs,5-15 yrs,2,2,2,2,5,,0,,2098635,,V,78.41,5.56,5.56,5.56,5.56,16.67,16.67,16.67,16.67,17.26,17.26,17.26,17.26,12.50
United Kingdom,GBR,Scotland,UK_SCO,STATE_TOTAL,20220915,0.00,,,,,,0.00,,,0.00,,,,,,0.00,,,0.00,,,,,,0.00,,,0.00,,,,,,0.00,,,0.00,,,,,,0.00,,,0.00,,,,,,0.00,,,0.00,,,,,,0.00,,,0.00,,,0.00,,1.00,0,,0.00,,,,,,1.00,1,,1.00,,0.00,,,,0.00,,1.00,1,,,,,1.00,1,,5.00,1,,1.00,1,,,,,1.00,1,,,2,,3,,5-15 yrs,5-15 yrs,2,2,2,2,5,,0,,2098635,,V,78.41,5.56,5.56,5.56,5.56,16.67,16.67,16.67,16.67,17.26,17.26,17.26,17.26,12.50
United Kingdom,GBR,Scotland,UK_SCO,STATE_TOTAL,20220916,0.00,,,,,,0.00,,,0.00,,,,,,0.00,,,0.00,,,,,,0.00,,,0.00,,,,,,0.00,,,0.00,,,,,,0.00,,,0.00,,,,,,0.00,,,0.00,,,,,,0.00,,,0.00,,,0.00,,1.00,0,,0.00,,,,,,1.00,1,,1.00,,0.00,,,,0.00,,1.00,1,,,,,1.00,1,,5.00,1,,1.00,1,,,,,1.00,1,,,2,,3,,5-15 yrs,5-15 yrs,2,2,2,2,5,,0,,2098635,,V,78.41,5.56,5.56,5.56,5.56,16.67,16.67,16.67,16.67,17.26,17.26,17.26,17.26,12.50
United Kingdom,GBR,Scotland,UK_SCO,STATE_TOTAL,20220917,0.00,,,,,,0.00,,,0.00,,,,,,0.00,,,0.00,,,,,,0.00,,,0.00,,,,,,0.00,,,0.00,,,,,,0.00,,,0.00,,,,,,0.00,,,0.00,,,,,,0.00,,,0.00,,,0.00,,1.00,0,,0.00,,,,,,1.00,1,,1.00,,0.00,,,,0.00,,1.00,1,,,,,1.00,1,,5.00,1,,1.00,1,,,,,1.00,1,,,2,,3,,5-15 yrs,5-15 yrs,2,2,2,2,5,,0,,2098635,,V,78.41,5.56,5.56,5.56,5.56,16.67,16.67,16.67,16.67,17.26,17.26,17.26,17.26,12.50
United Kingdom,GBR,Scotland,UK_SCO,STATE_TOTAL,20220918,0.00,,,,,,0.00,,,0.00,,,,,,0.00,,,0.00,,,,,,0.00,,,0.00,,,,,,0.00,,,0.00,,,,,,0.00,,,0.00,,,,,,0.00,,,0.00,,,,,,0.00,,,0.00,,,0.00,,1.00,0,,0.00,,,,,,1.00,1,,1.00,,0.00,,,,0.00,,1.00,1,,,,,1.00,1,,5.00,1,,1.00,1,,,,,1.00,1,,,2,,3,,5-15 yrs,5-15 yrs,2,2,2,2,5,,0,,2098635,,V,78.41,5.56,5.56,5.56,5.56,16.67,16.67,16.67,16.67,17.26,17.26,17.26,17.26,12.50
United Kingdom,GBR,Scotland,UK_SCO,STATE_TOTAL,20220919,0.00,,,,,,0.00,,,0.00,,,,,,0.00,,,0.00,,,,,,0.00,,,0.00,,,,,,0.00,,,0.00,,,,,,0.00,,,0.00,,,,,,0.00,,,0.00,,,,,,0.00,,,0.00,,,0.00,,1.00,0,,0.00,,,,,,1.00,1,,1.00,,0.00,,,,0.00,,1.00,1,,,,,1.00,1,,5.00,1,,1.00,1,,,,,1.00,1,,,2,,3,,5-15 yrs,5-15 yrs,2,2,2,2,5,,0,,2098635,,V,78.41,5.56,5.56,5.56,5.56,16.67,16.67,16.67,16.67,17.26,17.26,17.26,17.26,12.50
United Kingdom,GBR,Scotland,UK_SCO,STATE_TOTAL,20220920,0.00,,,,,,0.00,,,0.00,,,,,,0.00,,,0.00,,,,,,0.00,,,0.00,,,,,,0.00,,,0.00,,,,,,0.00,,,0.00,,,,,,0.00,,,0.00,,,,,,0.00,,,0.00,,,0.00,,1.00,0,,0.00,,,,,,1.00,1,,1.00,,0.00,,,,0.00,,1.00,1,,,,,1.00,1,,5.00,1,,1.00,1,,,,,1.00,1,,,2,,3,,5-15 yrs,5-15 yrs,2,2,2,2,5,,0,,2098635,,V,78.41,5.56,5.56,5.56,5.56,16.67,16.67,16.67,16.67,17.26,17.26,17.26,17.26,12.50
United Kingdom,GBR,Scotland,UK_SCO,STATE_TOTAL,20220921,0.00,,,,,,0.00,,,0.00,,,,,,0.00,,,0.00,,,,,,0.00,,,0.00,,,,,,0.00,,,0.00,,,,,,0.00,,,0.00,,,,,,0.00,,,0.00,,,,,,0.00,,,0.00,,,0.00,,1.00,0,,0.00,,,,,,1.00,1,,1.00,,0.00,,,,0.00,,1.00,1,,,,,1.00,1,,5.00,1,,1.00,1,,,,,1.00,1,,,2,,3,,5-15 yrs,5-15 yrs,2,2,2,2,5,,0,,2098635,,V,78.41,5.56,5.56,5.56,5.56,16.67,16.67,16.67,16.67,17.26,17.26,17.26,17.26,12.50
United Kingdom,GBR,Scotland,UK_SCO,STATE_TOTAL,20220922,0.00,,,,,,0.00,,,0.00,,,,,,0.00,,,0.00,,,,,,0.00,,,0.00,,,,,,0.00,,,0.00,,,,,,0.00,,,0.00,,,,,,0.00,,,0.00,,,,,,0.00,,,0.00,,,0.00,,1.00,0,,0.00,,,,,,1.00,1,,1.00,,0.00,,,,0.00,,1.00,1,,,,,1.00,1,,5.00,1,,1.00,1,,,,,1.00,1,,,2,,3,,5-15 yrs,5-15 yrs,2,2,2,2,5,,0,,2101498,,V,78.41,5.56,5.56,5.56,5.56,16.67,16.67,16.67,16.67,17.26,17.26,17.26,17.26,12.50
United Kingdom,GBR,Scotland,UK_SCO,STATE_TOTAL,20220923,0.00,,,,,,0.00,,,0.00,,,,,,0.00,,,0.00,,,,,,0.00,,,0.00,,,,,,0.00,,,0.00,,,,,,0.00,,,0.00,,,,,,0.00,,,0.00,,,,,,0.00,,,0.00,,,0.00,,1.00,0,,0.00,,,,,,1.00,1,,1.00,,0.00,,,,0.00,,1.00,1,,,,,1.00,1,,5.00,1,,1.00,1,,,,,1.00,1,,,2,,3,,5-15 yrs,5-15 yrs,2,2,2,2,5,,0,,2101498,,V,78.41,5.56,5.56,5.56,5.56,16.67,16.67,16.67,16.67,17.26,17.26,17.26,17.26,12.50
United Kingdom,GBR,Scotland,UK_SCO,STATE_TOTAL,20220924,0.00,,,,,,0.00,,,0.00,,,,,,0.00,,,0.00,,,,,,0.00,,,0.00,,,,,,0.00,,,0.00,,,,,,0.00,,,0.00,,,,,,0.00,,,0.00,,,,,,0.00,,,0.00,,,0.00,,1.00,0,,0.00,,,,,,1.00,1,,1.00,,0.00,,,,0.00,,1.00,1,,,,,1.00,1,,5.00,1,,1.00,1,,,,,1.00,1,,,2,,3,,5-15 yrs,5-15 yrs,2,2,2,2,5,,0,,2101498,,V,78.41,5.56,5.56,5.56,5.56,16.67,16.67,16.67,16.67,17.26,17.26,17.26,17.26,12.50
United Kingdom,GBR,Scotland,UK_SCO,STATE_TOTAL,20220925,0.00,,,,,,0.00,,,0.00,,,,,,0.00,,,0.00,,,,,,0.00,,,0.00,,,,,,0.00,,,0.00,,,,,,0.00,,,0.00,,,,,,0.00,,,0.00,,,,,,0.00,,,0.00,,,0.00,,1.00,0,,0.00,,,,,,1.00,1,,1.00,,0.00,,,,0.00,,1.00,1,,,,,1.00,1,,5.00,1,,1.00,1,,,,,1.00,1,,,2,,3,,5-15 yrs,5-15 yrs,2,2,2,2,5,,0,,2101498,,V,78.41,5.56,5.56,5.56,5.56,16.67,16.67,16.67,16.67,17.26,17.26,17.26,17.26,12.50
United Kingdom,GBR,Scotland,UK_SCO,STATE_TOTAL,20220926,0.00,,,,,,0.00,,,0.00,,,,,,0.00,,,0.00,,,,,,0.00,,,0.00,,,,,,0.00,,,0.00,,,,,,0.00,,,0.00,,,,,,0.00,,,0.00,,,,,,0.00,,,0.00,,,0.00,,1.00,0,,0.00,,,,,,1.00,1,,1.00,,0.00,,,,0.00,,1.00,1,,,,,1.00,1,,5.00,1,,1.00,1,,,,,1.00,1,,,2,,3,,5-15 yrs,5-15 yrs,2,2,2,2,5,,0,,2101498,,V,78.41,5.56,5.56,5.56,5.56,16.67,16.67,16.67,16.67,17.26,17.26,17.26,17.26,12.50
United Kingdom,GBR,Scotland,UK_SCO,STATE_TOTAL,20220927,0.00,,,,,,0.00,,,0.00,,,,,,0.00,,,0.00,,,,,,0.00,,,0.00,,,,,,0.00,,,0.00,,,,,,0.00,,,0.00,,,,,,0.00,,,0.00,,,,,,0.00,,,0.00,,,0.00,,1.00,0,,0.00,,,,,,1.00,1,,1.00,,0.00,,,,0.00,,1.00,1,,,,,1.00,1,,5.00,1,,1.00,1,,,,,1.00,1,,,2,,3,,5-15 yrs,5-15 yrs,2,2,2,2,5,,0,,2101498,,V,78.41,5.56,5.56,5.56,5.56,16.67,16.67,16.67,16.67,17.26,17.26,17.26,17.26,12.50
United Kingdom,GBR,Scotland,UK_SCO,STATE_TOTAL,20220928,0.00,,,,,,0.00,,,0.00,,,,,,0.00,,,0.00,,,,,,0.00,,,0.00,,,,,,0.00,,,0.00,,,,,,0.00,,,0.00,,,,,,0.00,,,0.00,,,,,,0.00,,,0.00,,,0.00,,1.00,0,,0.00,,,,,,1.00,1,,1.00,,0.00,,,,0.00,,1.00,1,,,,,1.00,1,,5.00,1,,1.00,1,,,,,1.00,1,,,2,,3,,5-15 yrs,5-15 yrs,2,2,2,2,5,,0,,2105010,,V,78.41,5.56,5.56,5.56,5.56,16.67,16.67,16.67,16.67,17.26,17.26,17.26,17.26,12.50
United Kingdom,GBR,Scotland,UK_SCO,STATE_TOTAL,20220929,0.00,,,,,,0.00,,,0.00,,,,,,0.00,,,0.00,,,,,,0.00,,,0.00,,,,,,0.00,,,0.00,,,,,,0.00,,,0.00,,,,,,0.00,,,0.00,,,,,,0.00,,,0.00,,,0.00,,1.00,0,,0.00,,,,,,1.00,1,,1.00,,0.00,,,,0.00,,1.00,1,,,,,1.00,1,,5.00,1,,1.00,1,,,,,1.00,1,,,2,,3,,5-15 yrs,5-15 yrs,2,2,2,2,5,,0,,2105010,,V,78.41,5.56,5.56,5.56,5.56,16.67,16.67,16.67,16.67,17.26,17.26,17.26,17.26,12.50
United Kingdom,GBR,Scotland,UK_SCO,STATE_TOTAL,20220930,0.00,,,,,,0.00,,,0.00,,,,,,0.00,,,0.00,,,,,,0.00,,,0.00,,,,,,0.00,,,0.00,,,,,,0.00,,,0.00,,,,,,0.00,,,0.00,,,,,,0.00,,,0.00,,,0.00,,1.00,0,,0.00,,,,,,1.00,1,,1.00,,0.00,,,,0.00,,1.00,1,,,,,1.00,1,,5.00,1,,1.00,1,,,,,1.00,1,,,2,,3,,5-15 yrs,5-15 yrs,2,2,2,2,5,,0,,2105010,,V,78.41,5.56,5.56,5.56,5.56,16.67,16.67,16.67,16.67,17.26,17.26,17.26,17.26,12.50
United Kingdom,GBR,Scotland,UK_SCO,STATE_TOTAL,20221001,0.00,,,,,,0.00,,,0.00,,,,,,0.00,,,0.00,,,,,,0.00,,,0.00,,,,,,0.00,,,0.00,,,,,,0.00,,,0.00,,,,,,0.00,,,0.00,,,,,,0.00,,,0.00,,,0.00,,1.00,0,,0.00,,,,,,1.00,1,,1.00,,0.00,,,,0.00,,1.00,1,,,,,1.00,1,,5.00,1,,1.00,1,,,,,1.00,1,,,2,,3,,5-15 yrs,5-15 yrs,2,2,2,2,5,,0,,2105010,,V,78.41,5.56,5.56,5.56,5.56,16.67,16.67,16.67,16.67,17.26,17.26,17.26,17.26,12.50
United Kingdom,GBR,Scotland,UK_SCO,STATE_TOTAL,20221002,0.00,,,,,,0.00,,,0.00,,,,,,0.00,,,0.00,,,,,,0.00,,,0.00,,,,,,0.00,,,0.00,,,,,,0.00,,,0.00,,,,,,0.00,,,0.00,,,,,,0.00,,,0.00,,,0.00,,1.00,0,,0.00,,,,,,1.00,1,,1.00,,0.00,,,,0.00,,1.00,1,,,,,1.00,1,,5.00,1,,1.00,1,,,,,1.00,1,,,2,,3,,5-15 yrs,5-15 yrs,2,2,2,2,5,,0,,2105010,,V,78.41,5.56,5.56,5.56,5.56,16.67,16.67,16.67,16.67,17.26,17.26,17.26,17.26,12.50
United Kingdom,GBR,Scotland,UK_SCO,STATE_TOTAL,20221003,0.00,,,,,,0.00,,,0.00,,,,,,0.00,,,0.00,,,,,,0.00,,,0.00,,,,,,0.00,,,0.00,,,,,,0.00,,,0.00,,,,,,0.00,,,0.00,,,,,,0.00,,,0.00,,,0.00,,1.00,0,,0.00,,,,,,1.00,1,,1.00,,0.00,,,,0.00,,1.00,1,,,,,1.00,1,,5.00,1,,1.00,1,,,,,1.00,1,,,2,,3,,5-15 yrs,5-15 yrs,2,2,2,2,5,,0,,2105010,,V,78.41,5.56,5.56,5.56,5.56,16.67,16.67,16.67,16.67,17.26,17.26,17.26,17.26,12.50
United Kingdom,GBR,Scotland,UK_SCO,STATE_TOTAL,20221004,0.00,,,,,,0.00,,,0.00,,,,,,0.00,,,0.00,,,,,,0.00,,,0.00,,,,,,0.00,,,0.00,,,,,,0.00,,,0.00,,,,,,0.00,,,0.00,,,,,,0.00,,,0.00,,,0.00,,1.00,0,,0.00,,,,,,1.00,1,,1.00,,0.00,,,,0.00,,1.00,1,,,,,1.00,1,,5.00,1,,1.00,1,,,,,1.00,1,,,2,,3,,5-15 yrs,5-15 yrs,2,2,2,2,5,,0,,2105010,,V,78.41,5.56,5.56,5.56,5.56,16.67,16.67,16.67,16.67,17.26,17.26,17.26,17.26,12.50
United Kingdom,GBR,Scotland,UK_SCO,STATE_TOTAL,20221005,0.00,,,,,,0.00,,,0.00,,,,,,0.00,,,0.00,,,,,,0.00,,,0.00,,,,,,0.00,,,0.00,,,,,,0.00,,,0.00,,,,,,0.00,,,0.00,,,,,,0.00,,,0.00,,,0.00,,1.00,0,,0.00,,,,,,1.00,1,,1.00,,0.00,,,,0.00,,1.00,1,,,,,1.00,1,,5.00,1,,1.00,1,,,,,1.00,1,,,2,,3,,5-15 yrs,5-15 yrs,2,2,2,2,5,,0,,2107886,,V,78.41,5.56,5.56,5.56,5.56,16.67,16.67,16.67,16.67,17.26,17.26,17.26,17.26,12.50
United Kingdom,GBR,Scotland,UK_SCO,STATE_TOTAL,20221006,0.00,,,,,,0.00,,,0.00,,,,,,0.00,,,0.00,,,,,,0.00,,,0.00,,,,,,0.00,,,0.00,,,,,,0.00,,,0.00,,,,,,0.00,,,0.00,,,,,,0.00,,,0.00,,,0.00,,1.00,0,,0.00,,,,,,1.00,1,,1.00,,0.00,,,,0.00,,1.00,1,,,,,1.00,1,,5.00,1,,1.00,1,,,,,1.00,1,,,2,,3,,5-15 yrs,5-15 yrs,2,2,2,2,5,,0,,2107886,,V,78.41,5.56,5.56,5.56,5.56,16.67,16.67,16.67,16.67,17.26,17.26,17.26,17.26,12.50
United Kingdom,GBR,Scotland,UK_SCO,STATE_TOTAL,20221007,0.00,,,,,,0.00,,,0.00,,,,,,0.00,,,0.00,,,,,,0.00,,,0.00,,,,,,0.00,,,0.00,,,,,,0.00,,,0.00,,,,,,0.00,,,0.00,,,,,,0.00,,,0.00,,,0.00,,1.00,0,,0.00,,,,,,1.00,1,,1.00,,0.00,,,,0.00,,1.00,1,,,,,1.00,1,,5.00,1,,1.00,1,,,,,1.00,1,,,2,,3,,5-15 yrs,5-15 yrs,2,2,2,2,5,,0,,2107886,,V,78.41,5.56,5.56,5.56,5.56,16.67,16.67,16.67,16.67,17.26,17.26,17.26,17.26,12.50
United Kingdom,GBR,Scotland,UK_SCO,STATE_TOTAL,20221008,0.00,,,,,,0.00,,,0.00,,,,,,0.00,,,0.00,,,,,,0.00,,,0.00,,,,,,0.00,,,0.00,,,,,,0.00,,,0.00,,,,,,0.00,,,0.00,,,,,,0.00,,,0.00,,,0.00,,1.00,0,,0.00,,,,,,1.00,1,,1.00,,0.00,,,,0.00,,1.00,1,,,,,1.00,1,,5.00,1,,1.00,1,,,,,1.00,1,,,2,,3,,5-15 yrs,5-15 yrs,2,2,2,2,5,,0,,2107886,,V,78.41,5.56,5.56,5.56,5.56,16.67,16.67,16.67,16.67,17.26,17.26,17.26,17.26,12.50
United Kingdom,GBR,Scotland,UK_SCO,STATE_TOTAL,20221009,0.00,,,,,,0.00,,,0.00,,,,,,0.00,,,0.00,,,,,,0.00,,,0.00,,,,,,0.00,,,0.00,,,,,,0.00,,,0.00,,,,,,0.00,,,0.00,,,,,,0.00,,,0.00,,,0.00,,1.00,0,,0.00,,,,,,1.00,1,,1.00,,0.00,,,,0.00,,1.00,1,,,,,1.00,1,,5.00,1,,1.00,1,,,,,1.00,1,,,2,,3,,5-15 yrs,5-15 yrs,2,2,2,2,5,,0,,2107886,,V,78.41,5.56,5.56,5.56,5.56,16.67,16.67,16.67,16.67,17.26,17.26,17.26,17.26,12.50
United Kingdom,GBR,Scotland,UK_SCO,STATE_TOTAL,20221010,0.00,,,,,,0.00,,,0.00,,,,,,0.00,,,0.00,,,,,,0.00,,,0.00,,,,,,0.00,,,0.00,,,,,,0.00,,,0.00,,,,,,0.00,,,0.00,,,,,,0.00,,,0.00,,,0.00,,1.00,0,,0.00,,,,,,1.00,1,,1.00,,0.00,,,,0.00,,1.00,1,,,,,1.00,1,,5.00,1,,1.00,1,,,,,1.00,1,,,2,,3,,5-15 yrs,5-15 yrs,2,2,2,2,5,,0,,2107886,,V,78.41,5.56,5.56,5.56,5.56,16.67,16.67,16.67,16.67,17.26,17.26,17.26,17.26,12.50
United Kingdom,GBR,Scotland,UK_SCO,STATE_TOTAL,20221011,0.00,,,,,,0.00,,,0.00,,,,,,0.00,,,0.00,,,,,,0.00,,,0.00,,,,,,0.00,,,0.00,,,,,,0.00,,,0.00,,,,,,0.00,,,0.00,,,,,,0.00,,,0.00,,,0.00,,1.00,0,,0.00,,,,,,1.00,1,,1.00,,0.00,,,,0.00,,1.00,1,,,,,1.00,1,,5.00,1,,1.00,1,,,,,1.00,1,,,2,,3,,5-15 yrs,5-15 yrs,2,2,2,2,5,,0,,2107886,,V,78.41,5.56,5.56,5.56,5.56,16.67,16.67,16.67,16.67,17.26,17.26,17.26,17.26,12.50
United Kingdom,GBR,Scotland,UK_SCO,STATE_TOTAL,20221012,0.00,,,,,,0.00,,,0.00,,,,,,0.00,,,0.00,,,,,,0.00,,,0.00,,,,,,0.00,,,0.00,,,,,,0.00,,,0.00,,,,,,0.00,,,0.00,,,,,,0.00,,,0.00,,,0.00,,1.00,0,,0.00,,,,,,1.00,1,,1.00,,0.00,,,,0.00,,1.00,1,,,,,1.00,1,,5.00,1,,1.00,1,,,,,1.00,1,,,2,,3,,5-15 yrs,5-15 yrs,2,2,2,2,5,,0,,2111605,,V,78.41,5.56,5.56,5.56,5.56,16.67,16.67,16.67,16.67,17.26,17.26,17.26,17.26,12.50
United Kingdom,GBR,Scotland,UK_SCO,STATE_TOTAL,20221013,0.00,,,,,,0.00,,,0.00,,,,,,0.00,,,0.00,,,,,,0.00,,,0.00,,,,,,0.00,,,0.00,,,,,,0.00,,,0.00,,,,,,0.00,,,0.00,,,,,,0.00,,,0.00,,,0.00,,1.00,0,,0.00,,,,,,1.00,1,,1.00,,0.00,,,,0.00,,1.00,1,,,,,1.00,1,,5.00,1,,1.00,1,,,,,1.00,1,,,2,,3,,5-15 yrs,5-15 yrs,2,2,2,2,5,,0,,2111605,,V,78.41,5.56,5.56,5.56,5.56,16.67,16.67,16.67,16.67,17.26,17.26,17.26,17.26,12.50
United Kingdom,GBR,Scotland,UK_SCO,STATE_TOTAL,20221014,0.00,,,,,,0.00,,,0.00,,,,,,0.00,,,0.00,,,,,,0.00,,,0.00,,,,,,0.00,,,0.00,,,,,,0.00,,,0.00,,,,,,0.00,,,0.00,,,,,,0.00,,,0.00,,,0.00,,1.00,0,,0.00,,,,,,1.00,1,,1.00,,0.00,,,,0.00,,1.00,1,,,,,1.00,1,,5.00,1,,1.00,1,,,,,1.00,1,,,2,,3,,5-15 yrs,5-15 yrs,2,2,2,2,5,,0,,2111605,,V,78.41,5.56,5.56,5.56,5.56,16.67,16.67,16.67,16.67,17.26,17.26,17.26,17.26,12.50
United Kingdom,GBR,Scotland,UK_SCO,STATE_TOTAL,20221015,0.00,,,,,,0.00,,,0.00,,,,,,0.00,,,0.00,,,,,,0.00,,,0.00,,,,,,0.00,,,0.00,,,,,,0.00,,,0.00,,,,,,0.00,,,0.00,,,,,,0.00,,,0.00,,,0.00,,1.00,0,,0.00,,,,,,1.00,1,,1.00,,0.00,,,,0.00,,1.00,1,,,,,1.00,1,,5.00,1,,1.00,1,,,,,1.00,1,,,2,,3,,5-15 yrs,5-15 yrs,2,2,2,2,5,,0,,2111605,,V,78.41,5.56,5.56,5.56,5.56,16.67,16.67,16.67,16.67,17.26,17.26,17.26,17.26,12.50
United Kingdom,GBR,Scotland,UK_SCO,STATE_TOTAL,20221016,0.00,,,,,,0.00,,,0.00,,,,,,0.00,,,0.00,,,,,,0.00,,,0.00,,,,,,0.00,,,0.00,,,,,,0.00,,,0.00,,,,,,0.00,,,0.00,,,,,,0.00,,,0.00,,,0.00,,1.00,0,,0.00,,,,,,1.00,1,,1.00,,0.00,,,,0.00,,1.00,1,,,,,1.00,1,,5.00,1,,1.00,1,,,,,1.00,1,,,2,,3,,5-15 yrs,5-15 yrs,2,2,2,2,5,,0,,2111605,,V,78.41,5.56,5.56,5.56,5.56,16.67,16.67,16.67,16.67,17.26,17.26,17.26,17.26,12.50
United Kingdom,GBR,Scotland,UK_SCO,STATE_TOTAL,20221017,0.00,,,,,,0.00,,,0.00,,,,,,0.00,,,0.00,,,,,,0.00,,,0.00,,,,,,0.00,,,0.00,,,,,,0.00,,,0.00,,,,,,0.00,,,0.00,,,,,,0.00,,,0.00,,,0.00,,1.00,0,,0.00,,,,,,1.00,1,,1.00,,0.00,,,,0.00,,1.00,1,,,,,1.00,1,,5.00,1,,1.00,1,,,,,1.00,1,,,2,,3,,5-15 yrs,5-15 yrs,2,2,2,2,5,,0,,2111605,,V,78.41,5.56,5.56,5.56,5.56,16.67,16.67,16.67,16.67,17.26,17.26,17.26,17.26,12.50
United Kingdom,GBR,Scotland,UK_SCO,STATE_TOTAL,20221018,0.00,,,,,,0.00,,,0.00,,,,,,0.00,,,0.00,,,,,,0.00,,,0.00,,,,,,0.00,,,0.00,,,,,,0.00,,,0.00,,,,,,0.00,,,0.00,,,,,,0.00,,,0.00,,,0.00,,1.00,0,,0.00,,,,,,1.00,1,,1.00,,0.00,,,,0.00,,1.00,1,,,,,1.00,1,,5.00,1,,1.00,1,,,,,1.00,1,,,2,,3,,5-15 yrs,5-15 yrs,2,2,2,2,5,,0,,2111605,,V,78.41,5.56,5.56,5.56,5.56,16.67,16.67,16.67,16.67,17.26,17.26,17.26,17.26,12.50
United Kingdom,GBR,Scotland,UK_SCO,STATE_TOTAL,20221019,0.00,,,,,,0.00,,,0.00,,,,,,0.00,,,0.00,,,,,,0.00,,,0.00,,,,,,0.00,,,0.00,,,,,,0.00,,,0.00,,,,,,0.00,,,0.00,,,,,,0.00,,,0.00,,,0.00,,1.00,0,,0.00,,,,,,1.00,1,,1.00,,0.00,,,,0.00,,1.00,1,,,,,1.00,1,,5.00,1,,1.00,1,,,,,1.00,1,,,2,,3,,5-15 yrs,5-15 yrs,2,2,2,2,5,,0,,2114972,,V,78.41,5.56,5.56,5.56,5.56,16.67,16.67,16.67,16.67,17.26,17.26,17.26,17.26,12.50
United Kingdom,GBR,Scotland,UK_SCO,STATE_TOTAL,20221020,0.00,,,,,,0.00,,,0.00,,,,,,0.00,,,0.00,,,,,,0.00,,,0.00,,,,,,0.00,,,0.00,,,,,,0.00,,,0.00,,,,,,0.00,,,0.00,,,,,,0.00,,,0.00,,,0.00,,1.00,0,,0.00,,,,,,1.00,1,,1.00,,0.00,,,,0.00,,1.00,1,,,,,1.00,1,,5.00,1,,1.00,1,,,,,1.00,1,,,2,,3,,5-15 yrs,5-15 yrs,2,2,2,2,5,,0,,2114972,,V,78.41,5.56,5.56,5.56,5.56,16.67,16.67,16.67,16.67,17.26,17.26,17.26,17.26,12.50
United Kingdom,GBR,Scotland,UK_SCO,STATE_TOTAL,20221021,0.00,,,,,,0.00,,,0.00,,,,,,0.00,,,0.00,,,,,,0.00,,,0.00,,,,,,0.00,,,0.00,,,,,,0.00,,,0.00,,,,,,0.00,,,0.00,,,,,,0.00,,,0.00,,,0.00,,1.00,0,,0.00,,,,,,1.00,1,,1.00,,0.00,,,,0.00,,1.00,1,,,,,1.00,1,,5.00,1,,1.00,1,,,,,1.00,1,,,2,,3,,5-15 yrs,5-15 yrs,2,2,2,2,5,,0,,2114972,,V,78.41,5.56,5.56,5.56,5.56,16.67,16.67,16.67,16.67,17.26,17.26,17.26,17.26,12.50
United Kingdom,GBR,Scotland,UK_SCO,STATE_TOTAL,20221022,0.00,,,,,,0.00,,,0.00,,,,,,0.00,,,0.00,,,,,,0.00,,,0.00,,,,,,0.00,,,0.00,,,,,,0.00,,,0.00,,,,,,0.00,,,0.00,,,,,,0.00,,,0.00,,,0.00,,1.00,0,,0.00,,,,,,1.00,1,,1.00,,0.00,,,,0.00,,1.00,1,,,,,1.00,1,,5.00,1,,1.00,1,,,,,1.00,1,,,2,,3,,5-15 yrs,5-15 yrs,2,2,2,2,5,,0,,2114972,,V,78.41,5.56,5.56,5.56,5.56,16.67,16.67,16.67,16.67,17.26,17.26,17.26,17.26,12.50
United Kingdom,GBR,Scotland,UK_SCO,STATE_TOTAL,20221023,0.00,,,,,,0.00,,,0.00,,,,,,0.00,,,0.00,,,,,,0.00,,,0.00,,,,,,0.00,,,0.00,,,,,,0.00,,,0.00,,,,,,0.00,,,0.00,,,,,,0.00,,,0.00,,,0.00,,1.00,0,,0.00,,,,,,1.00,1,,1.00,,0.00,,,,0.00,,1.00,1,,,,,1.00,1,,5.00,1,,1.00,1,,,,,1.00,1,,,2,,3,,5-15 yrs,5-15 yrs,2,2,2,2,5,,0,,2114972,,V,78.41,5.56,5.56,5.56,5.56,16.67,16.67,16.67,16.67,17.26,17.26,17.26,17.26,12.50
United Kingdom,GBR,Scotland,UK_SCO,STATE_TOTAL,20221024,0.00,,,,,,0.00,,,0.00,,,,,,0.00,,,0.00,,,,,,0.00,,,0.00,,,,,,0.00,,,0.00,,,,,,0.00,,,0.00,,,,,,0.00,,,0.00,,,,,,0.00,,,0.00,,,0.00,,1.00,0,,0.00,,,,,,1.00,1,,1.00,,0.00,,,,0.00,,1.00,1,,,,,1.00,1,,5.00,1,,1.00,1,,,,,1.00,1,,,2,,3,,5-15 yrs,5-15 yrs,2,2,2,2,5,,0,,2114972,,V,78.41,5.56,5.56,5.56,5.56,16.67,16.67,16.67,16.67,17.26,17.26,17.26,17.26,12.50
United Kingdom,GBR,Scotland,UK_SCO,STATE_TOTAL,20221025,0.00,,,,,,0.00,,,0.00,,,,,,0.00,,,0.00,,,,,,0.00,,,0.00,,,,,,0.00,,,0.00,,,,,,0.00,,,0.00,,,,,,0.00,,,0.00,,,,,,0.00,,,0.00,,,0.00,,1.00,0,,0.00,,,,,,1.00,1,,1.00,,0.00,,,,0.00,,1.00,1,,,,,1.00,1,,5.00,1,,1.00,1,,,,,1.00,1,,,2,,3,,5-15 yrs,5-15 yrs,2,2,2,2,5,,0,,2114972,,V,78.41,5.56,5.56,5.56,5.56,16.67,16.67,16.67,16.67,17.26,17.26,17.26,17.26,12.50
United Kingdom,GBR,Scotland,UK_SCO,STATE_TOTAL,20221026,0.00,,,,,,0.00,,,0.00,,,,,,0.00,,,0.00,,,,,,0.00,,,0.00,,,,,,0.00,,,0.00,,,,,,0.00,,,0.00,,,,,,0.00,,,0.00,,,,,,0.00,,,0.00,,,0.00,,1.00,0,,0.00,,,,,,1.00,1,,1.00,,0.00,,,,0.00,,1.00,1,,,,,1.00,1,,5.00,1,,1.00,1,,,,,1.00,1,,,2,,3,,5-15 yrs,5-15 yrs,2,2,2,2,5,,0,,2118188,,V,78.41,5.56,5.56,5.56,5.56,16.67,16.67,16.67,16.67,17.26,17.26,17.26,17.26,12.50
United Kingdom,GBR,Scotland,UK_SCO,STATE_TOTAL,20221027,0.00,,,,,,0.00,,,0.00,,,,,,0.00,,,0.00,,,,,,0.00,,,0.00,,,,,,0.00,,,0.00,,,,,,0.00,,,0.00,,,,,,0.00,,,0.00,,,,,,0.00,,,0.00,,,0.00,,1.00,0,,0.00,,,,,,1.00,1,,1.00,,0.00,,,,0.00,,1.00,1,,,,,1.00,1,,5.00,1,,1.00,1,,,,,1.00,1,,,2,,3,,5-15 yrs,5-15 yrs,2,2,2,2,5,,0,,2118188,,V,78.41,5.56,5.56,5.56,5.56,16.67,16.67,16.67,16.67,17.26,17.26,17.26,17.26,12.50
United Kingdom,GBR,Scotland,UK_SCO,STATE_TOTAL,20221028,0.00,,,,,,0.00,,,0.00,,,,,,0.00,,,0.00,,,,,,0.00,,,0.00,,,,,,0.00,,,0.00,,,,,,0.00,,,0.00,,,,,,0.00,,,0.00,,,,,,0.00,,,0.00,,,0.00,,1.00,0,,0.00,,,,,,1.00,1,,1.00,,0.00,,,,0.00,,1.00,1,,,,,1.00,1,,5.00,1,,1.00,1,,,,,1.00,1,,,2,,3,,5-15 yrs,5-15 yrs,2,2,2,2,5,,0,,2118188,,V,78.41,5.56,5.56,5.56,5.56,16.67,16.67,16.67,16.67,17.26,17.26,17.26,17.26,12.50
United Kingdom,GBR,Scotland,UK_SCO,STATE_TOTAL,20221029,0.00,,,,,,0.00,,,0.00,,,,,,0.00,,,0.00,,,,,,0.00,,,0.00,,,,,,0.00,,,0.00,,,,,,0.00,,,0.00,,,,,,0.00,,,0.00,,,,,,0.00,,,0.00,,,0.00,,1.00,0,,0.00,,,,,,1.00,1,,1.00,,0.00,,,,0.00,,1.00,1,,,,,1.00,1,,5.00,1,,1.00,1,,,,,1.00,1,,,2,,3,,5-15 yrs,5-15 yrs,2,2,2,2,5,,0,,2118188,,V,78.41,5.56,5.56,5.56,5.56,16.67,16.67,16.67,16.67,17.26,17.26,17.26,17.26,12.50
United Kingdom,GBR,Scotland,UK_SCO,STATE_TOTAL,20221030,0.00,,,,,,0.00,,,0.00,,,,,,0.00,,,0.00,,,,,,0.00,,,0.00,,,,,,0.00,,,0.00,,,,,,0.00,,,0.00,,,,,,0.00,,,0.00,,,,,,0.00,,,0.00,,,0.00,,1.00,0,,0.00,,,,,,1.00,1,,1.00,,0.00,,,,0.00,,1.00,1,,,,,1.00,1,,5.00,1,,1.00,1,,,,,1.00,1,,,2,,3,,5-15 yrs,5-15 yrs,2,2,2,2,5,,0,,2118188,,V,78.41,5.56,5.56,5.56,5.56,16.67,16.67,16.67,16.67,17.26,17.26,17.26,17.26,12.50
United Kingdom,GBR,Scotland,UK_SCO,STATE_TOTAL,20221031,0.00,,,,,,0.00,,,0.00,,,,,,0.00,,,0.00,,,,,,0.00,,,0.00,,,,,,0.00,,,0.00,,,,,,0.00,,,0.00,,,,,,0.00,,,0.00,,,,,,0.00,,,0.00,,,0.00,,1.00,0,,0.00,,,,,,1.00,1,,1.00,,0.00,,,,0.00,,1.00,1,,,,,1.00,1,,5.00,1,,1.00,1,,,,,1.00,1,,,2,,3,,5-15 yrs,5-15 yrs,2,2,2,2,5,,0,,2118188,,V,78.41,5.56,5.56,5.56,5.56,16.67,16.67,16.67,16.67,17.26,17.26,17.26,17.26,12.50
United Kingdom,GBR,Scotland,UK_SCO,STATE_TOTAL,20221101,0.00,,,,,,0.00,,,0.00,,,,,,0.00,,,0.00,,,,,,0.00,,,0.00,,,,,,0.00,,,0.00,,,,,,0.00,,,0.00,,,,,,0.00,,,0.00,,,,,,0.00,,,0.00,,,0.00,,1.00,0,,0.00,,,,,,1.00,1,,1.00,,0.00,,,,0.00,,1.00,1,,,,,1.00,1,,5.00,1,,1.00,1,,,,,1.00,1,,,2,,3,,5-15 yrs,5-15 yrs,2,2,2,2,5,,0,,2118188,,V,78.41,5.56,5.56,5.56,5.56,16.67,16.67,16.67,16.67,17.26,17.26,17.26,17.26,12.50
United Kingdom,GBR,Scotland,UK_SCO,STATE_TOTAL,20221102,0.00,,,,,,0.00,,,0.00,,,,,,0.00,,,0.00,,,,,,0.00,,,0.00,,,,,,0.00,,,0.00,,,,,,0.00,,,0.00,,,,,,0.00,,,0.00,,,,,,0.00,,,0.00,,,0.00,,1.00,0,,0.00,,,,,,1.00,1,,1.00,,0.00,,,,0.00,,1.00,1,,,,,1.00,1,,5.00,1,,1.00,1,,,,,1.00,1,,,2,,3,,5-15 yrs,5-15 yrs,2,2,2,2,5,,0,,2121084,,V,78.41,5.56,5.56,5.56,5.56,16.67,16.67,16.67,16.67,17.26,17.26,17.26,17.26,12.50
United Kingdom,GBR,Scotland,UK_SCO,STATE_TOTAL,20221103,0.00,,,,,,0.00,,,0.00,,,,,,0.00,,,0.00,,,,,,0.00,,,0.00,,,,,,0.00,,,0.00,,,,,,0.00,,,0.00,,,,,,0.00,,,0.00,,,,,,0.00,,,0.00,,,0.00,,1.00,0,,0.00,,,,,,1.00,1,,1.00,,0.00,,,,0.00,,1.00,1,,,,,1.00,1,,5.00,1,,1.00,1,,,,,1.00,1,,,2,,3,,5-15 yrs,5-15 yrs,2,2,2,2,5,,0,,2121084,,V,78.41,5.56,5.56,5.56,5.56,16.67,16.67,16.67,16.67,17.26,17.26,17.26,17.26,12.50
United Kingdom,GBR,Scotland,UK_SCO,STATE_TOTAL,20221104,0.00,,,,,,0.00,,,0.00,,,,,,0.00,,,0.00,,,,,,0.00,,,0.00,,,,,,0.00,,,0.00,,,,,,0.00,,,0.00,,,,,,0.00,,,0.00,,,,,,0.00,,,0.00,,,0.00,,1.00,0,,0.00,,,,,,1.00,1,,1.00,,0.00,,,,0.00,,1.00,1,,,,,1.00,1,,5.00,1,,1.00,1,,,,,1.00,1,,,2,,3,,5-15 yrs,5-15 yrs,2,2,2,2,5,,0,,2121084,,V,78.41,5.56,5.56,5.56,5.56,16.67,16.67,16.67,16.67,17.26,17.26,17.26,17.26,12.50
United Kingdom,GBR,Scotland,UK_SCO,STATE_TOTAL,20221105,0.00,,,,,,0.00,,,0.00,,,,,,0.00,,,0.00,,,,,,0.00,,,0.00,,,,,,0.00,,,0.00,,,,,,0.00,,,0.00,,,,,,0.00,,,0.00,,,,,,0.00,,,0.00,,,0.00,,1.00,0,,0.00,,,,,,1.00,1,,1.00,,0.00,,,,0.00,,1.00,1,,,,,1.00,1,,5.00,1,,1.00,1,,,,,1.00,1,,,2,,3,,5-15 yrs,5-15 yrs,2,2,2,2,5,,0,,2121084,,V,78.41,5.56,5.56,5.56,5.56,16.67,16.67,16.67,16.67,17.26,17.26,17.26,17.26,12.50
United Kingdom,GBR,Scotland,UK_SCO,STATE_TOTAL,20221106,0.00,,,,,,0.00,,,0.00,,,,,,0.00,,,0.00,,,,,,0.00,,,0.00,,,,,,0.00,,,0.00,,,,,,0.00,,,0.00,,,,,,0.00,,,0.00,,,,,,0.00,,,0.00,,,0.00,,1.00,0,,0.00,,,,,,1.00,1,,1.00,,0.00,,,,0.00,,1.00,1,,,,,1.00,1,,5.00,1,,1.00,1,,,,,1.00,1,,,2,,3,,5-15 yrs,5-15 yrs,2,2,2,2,5,,0,,2121084,,V,78.41,5.56,5.56,5.56,5.56,16.67,16.67,16.67,16.67,17.26,17.26,17.26,17.26,12.50
United Kingdom,GBR,Scotland,UK_SCO,STATE_TOTAL,20221107,0.00,,,,,,0.00,,,0.00,,,,,,0.00,,,0.00,,,,,,0.00,,,0.00,,,,,,0.00,,,0.00,,,,,,0.00,,,0.00,,,,,,0.00,,,0.00,,,,,,0.00,,,0.00,,,0.00,,1.00,0,,0.00,,,,,,1.00,1,,1.00,,0.00,,,,0.00,,1.00,1,,,,,1.00,1,,5.00,1,,1.00,1,,,,,1.00,1,,,2,,3,,5-15 yrs,5-15 yrs,2,2,2,2,5,,0,,2121084,,V,78.41,5.56,5.56,5.56,5.56,16.67,16.67,16.67,16.67,17.26,17.26,17.26,17.26,12.50
United Kingdom,GBR,Scotland,UK_SCO,STATE_TOTAL,20221108,0.00,,,,,,0.00,,,0.00,,,,,,0.00,,,0.00,,,,,,0.00,,,0.00,,,,,,0.00,,,0.00,,,,,,0.00,,,0.00,,,,,,0.00,,,0.00,,,,,,0.00,,,0.00,,,0.00,,1.00,0,,0.00,,,,,,1.00,1,,1.00,,0.00,,,,0.00,,1.00,1,,,,,1.00,1,,5.00,1,,1.00,1,,,,,1.00,1,,,2,,3,,5-15 yrs,5-15 yrs,2,2,2,2,5,,0,,2121084,,V,78.41,5.56,5.56,5.56,5.56,16.67,16.67,16.67,16.67,17.26,17.26,17.26,17.26,12.50
United Kingdom,GBR,Scotland,UK_SCO,STATE_TOTAL,20221109,0.00,,,,,,0.00,,,0.00,,,,,,0.00,,,0.00,,,,,,0.00,,,0.00,,,,,,0.00,,,0.00,,,,,,0.00,,,0.00,,,,,,0.00,,,0.00,,,,,,0.00,,,0.00,,,0.00,,1.00,0,,0.00,,,,,,1.00,1,,1.00,,0.00,,,,0.00,,1.00,1,,,,,1.00,1,,5.00,1,,1.00,1,,,,,1.00,1,,,2,,3,,5-15 yrs,5-15 yrs,2,2,2,2,5,,0,,2123527,,V,78.41,5.56,5.56,5.56,5.56,16.67,16.67,16.67,16.67,17.26,17.26,17.26,17.26,12.50
United Kingdom,GBR,Scotland,UK_SCO,STATE_TOTAL,20221110,0.00,,,,,,0.00,,,0.00,,,,,,0.00,,,0.00,,,,,,0.00,,,0.00,,,,,,0.00,,,0.00,,,,,,0.00,,,0.00,,,,,,0.00,,,0.00,,,,,,0.00,,,0.00,,,0.00,,1.00,0,,0.00,,,,,,1.00,1,,1.00,,0.00,,,,0.00,,1.00,1,,,,,1.00,1,,5.00,1,,1.00,1,,,,,1.00,1,,,2,,3,,5-15 yrs,5-15 yrs,2,2,2,2,5,,0,,2123527,,V,78.41,5.56,5.56,5.56,5.56,16.67,16.67,16.67,16.67,17.26,17.26,17.26,17.26,12.50
United Kingdom,GBR,Scotland,UK_SCO,STATE_TOTAL,20221111,0.00,,,,,,0.00,,,0.00,,,,,,0.00,,,0.00,,,,,,0.00,,,0.00,,,,,,0.00,,,0.00,,,,,,0.00,,,0.00,,,,,,0.00,,,0.00,,,,,,0.00,,,0.00,,,0.00,,1.00,0,,0.00,,,,,,1.00,1,,1.00,,0.00,,,,0.00,,1.00,1,,,,,1.00,1,,5.00,1,,1.00,1,,,,,1.00,1,,,2,,3,,5-15 yrs,5-15 yrs,2,2,2,2,5,,0,,2123527,,V,78.41,5.56,5.56,5.56,5.56,16.67,16.67,16.67,16.67,17.26,17.26,17.26,17.26,12.50
United Kingdom,GBR,Scotland,UK_SCO,STATE_TOTAL,20221112,0.00,,,,,,0.00,,,0.00,,,,,,0.00,,,0.00,,,,,,0.00,,,0.00,,,,,,0.00,,,0.00,,,,,,0.00,,,0.00,,,,,,0.00,,,0.00,,,,,,0.00,,,0.00,,,0.00,,1.00,0,,0.00,,,,,,1.00,1,,1.00,,0.00,,,,0.00,,1.00,1,,,,,1.00,1,,5.00,1,,1.00,1,,,,,1.00,1,,,2,,3,,5-15 yrs,5-15 yrs,2,2,2,2,5,,0,,2123527,,V,78.41,5.56,5.56,5.56,5.56,16.67,16.67,16.67,16.67,17.26,17.26,17.26,17.26,12.50
United Kingdom,GBR,Scotland,UK_SCO,STATE_TOTAL,20221113,0.00,,,,,,0.00,,,0.00,,,,,,0.00,,,0.00,,,,,,0.00,,,0.00,,,,,,0.00,,,0.00,,,,,,0.00,,,0.00,,,,,,0.00,,,0.00,,,,,,0.00,,,0.00,,,0.00,,1.00,0,,0.00,,,,,,1.00,1,,1.00,,0.00,,,,0.00,,1.00,1,,,,,1.00,1,,5.00,1,,1.00,1,,,,,1.00,1,,,2,,3,,5-15 yrs,5-15 yrs,2,2,2,2,5,,0,,2123527,,V,78.41,5.56,5.56,5.56,5.56,16.67,16.67,16.67,16.67,17.26,17.26,17.26,17.26,12.50
United Kingdom,GBR,Scotland,UK_SCO,STATE_TOTAL,20221114,0.00,,,,,,0.00,,,0.00,,,,,,0.00,,,0.00,,,,,,0.00,,,0.00,,,,,,0.00,,,0.00,,,,,,0.00,,,0.00,,,,,,0.00,,,0.00,,,,,,0.00,,,0.00,,,0.00,,1.00,0,,0.00,,,,,,1.00,1,,1.00,,0.00,,,,0.00,,1.00,1,,,,,1.00,1,,5.00,1,,1.00,1,,,,,1.00,1,,,2,,3,,5-15 yrs,5-15 yrs,2,2,2,2,5,,0,,2123527,,V,78.41,5.56,5.56,5.56,5.56,16.67,16.67,16.67,16.67,17.26,17.26,17.26,17.26,12.50
United Kingdom,GBR,Scotland,UK_SCO,STATE_TOTAL,20221115,0.00,,,,,,0.00,,,0.00,,,,,,0.00,,,0.00,,,,,,0.00,,,0.00,,,,,,0.00,,,0.00,,,,,,0.00,,,0.00,,,,,,0.00,,,0.00,,,,,,0.00,,,0.00,,,0.00,,1.00,0,,0.00,,,,,,1.00,1,,1.00,,0.00,,,,0.00,,1.00,1,,,,,1.00,1,,5.00,1,,1.00,1,,,,,1.00,1,,,2,,3,,5-15 yrs,5-15 yrs,2,2,2,2,5,,0,,2123527,,V,78.41,5.56,5.56,5.56,5.56,16.67,16.67,16.67,16.67,17.26,17.26,17.26,17.26,12.50
United Kingdom,GBR,Scotland,UK_SCO,STATE_TOTAL,20221116,0.00,,,,,,0.00,,,0.00,,,,,,0.00,,,0.00,,,,,,0.00,,,0.00,,,,,,0.00,,,0.00,,,,,,0.00,,,0.00,,,,,,0.00,,,0.00,,,,,,0.00,,,0.00,,,0.00,,1.00,0,,0.00,,,,,,1.00,1,,1.00,,0.00,,,,0.00,,1.00,1,,,,,1.00,1,,5.00,1,,1.00,1,,,,,1.00,1,,,2,,3,,5-15 yrs,5-15 yrs,2,2,2,2,5,,0,,2125838,,V,78.41,5.56,5.56,5.56,5.56,16.67,16.67,16.67,16.67,17.26,17.26,17.26,17.26,12.50
United Kingdom,GBR,Scotland,UK_SCO,STATE_TOTAL,20221117,0.00,,,,,,0.00,,,0.00,,,,,,0.00,,,0.00,,,,,,0.00,,,0.00,,,,,,0.00,,,0.00,,,,,,0.00,,,0.00,,,,,,0.00,,,0.00,,,,,,0.00,,,0.00,,,0.00,,1.00,0,,0.00,,,,,,1.00,1,,1.00,,0.00,,,,0.00,,1.00,1,,,,,1.00,1,,5.00,1,,1.00,1,,,,,1.00,1,,,2,,3,,5-15 yrs,5-15 yrs,2,2,2,2,5,,0,,2125838,,V,78.41,5.56,5.56,5.56,5.56,16.67,16.67,16.67,16.67,17.26,17.26,17.26,17.26,12.50
United Kingdom,GBR,Scotland,UK_SCO,STATE_TOTAL,20221118,0.00,,,,,,0.00,,,0.00,,,,,,0.00,,,0.00,,,,,,0.00,,,0.00,,,,,,0.00,,,0.00,,,,,,0.00,,,0.00,,,,,,0.00,,,0.00,,,,,,0.00,,,0.00,,,0.00,,1.00,0,,0.00,,,,,,1.00,1,,1.00,,0.00,,,,0.00,,1.00,1,,,,,1.00,1,,5.00,1,,1.00,1,,,,,1.00,1,,,2,,3,,5-15 yrs,5-15 yrs,2,2,2,2,5,,0,,2125838,,V,78.41,5.56,5.56,5.56,5.56,16.67,16.67,16.67,16.67,17.26,17.26,17.26,17.26,12.50
United Kingdom,GBR,Scotland,UK_SCO,STATE_TOTAL,20221119,0.00,,,,,,0.00,,,0.00,,,,,,0.00,,,0.00,,,,,,0.00,,,0.00,,,,,,0.00,,,0.00,,,,,,0.00,,,0.00,,,,,,0.00,,,0.00,,,,,,0.00,,,0.00,,,0.00,,1.00,0,,0.00,,,,,,1.00,1,,1.00,,0.00,,,,0.00,,1.00,1,,,,,1.00,1,,5.00,1,,1.00,1,,,,,1.00,1,,,2,,3,,5-15 yrs,5-15 yrs,2,2,2,2,5,,0,,2125838,,V,78.41,5.56,5.56,5.56,5.56,16.67,16.67,16.67,16.67,17.26,17.26,17.26,17.26,12.50
United Kingdom,GBR,Scotland,UK_SCO,STATE_TOTAL,20221120,0.00,,,,,,0.00,,,0.00,,,,,,0.00,,,0.00,,,,,,0.00,,,0.00,,,,,,0.00,,,0.00,,,,,,0.00,,,0.00,,,,,,0.00,,,0.00,,,,,,0.00,,,0.00,,,0.00,,1.00,0,,0.00,,,,,,1.00,1,,1.00,,0.00,,,,0.00,,1.00,1,,,,,1.00,1,,5.00,1,,1.00,1,,,,,1.00,1,,,2,,3,,5-15 yrs,5-15 yrs,2,2,2,2,5,,0,,2125838,,V,78.41,5.56,5.56,5.56,5.56,16.67,16.67,16.67,16.67,17.26,17.26,17.26,17.26,12.50
United Kingdom,GBR,Scotland,UK_SCO,STATE_TOTAL,20221121,0.00,,,,,,0.00,,,0.00,,,,,,0.00,,,0.00,,,,,,0.00,,,0.00,,,,,,0.00,,,0.00,,,,,,0.00,,,0.00,,,,,,0.00,,,0.00,,,,,,0.00,,,0.00,,,0.00,,1.00,0,,0.00,,,,,,1.00,1,,1.00,,0.00,,,,0.00,,1.00,1,,,,,1.00,1,,5.00,1,,1.00,1,,,,,1.00,1,,,2,,3,,5-15 yrs,5-15 yrs,2,2,2,2,5,,0,,2125838,,V,78.41,5.56,5.56,5.56,5.56,16.67,16.67,16.67,16.67,17.26,17.26,17.26,17.26,12.50
United Kingdom,GBR,Scotland,UK_SCO,STATE_TOTAL,20221122,0.00,,,,,,0.00,,,0.00,,,,,,0.00,,,0.00,,,,,,0.00,,,0.00,,,,,,0.00,,,0.00,,,,,,0.00,,,0.00,,,,,,0.00,,,0.00,,,,,,0.00,,,0.00,,,0.00,,1.00,0,,0.00,,,,,,1.00,1,,1.00,,0.00,,,,0.00,,1.00,1,,,,,1.00,1,,5.00,1,,1.00,1,,,,,1.00,1,,,2,,3,,5-15 yrs,5-15 yrs,2,2,2,2,5,,0,,2125838,,V,78.41,5.56,5.56,5.56,5.56,16.67,16.67,16.67,16.67,17.26,17.26,17.26,17.26,12.50
United Kingdom,GBR,Scotland,UK_SCO,STATE_TOTAL,20221123,0.00,,,,,,0.00,,,0.00,,,,,,0.00,,,0.00,,,,,,0.00,,,0.00,,,,,,0.00,,,0.00,,,,,,0.00,,,0.00,,,,,,0.00,,,0.00,,,,,,0.00,,,0.00,,,0.00,,1.00,0,,0.00,,,,,,1.00,1,,1.00,,0.00,,,,0.00,,1.00,1,,,,,1.00,1,,5.00,1,,1.00,1,,,,,1.00,1,,,2,,3,,5-15 yrs,5-15 yrs,2,2,2,2,5,,0,,2127767,,V,78.41,5.56,5.56,5.56,5.56,16.67,16.67,16.67,16.67,17.26,17.26,17.26,17.26,12.50
United Kingdom,GBR,Scotland,UK_SCO,STATE_TOTAL,20221124,0.00,,,,,,0.00,,,0.00,,,,,,0.00,,,0.00,,,,,,0.00,,,0.00,,,,,,0.00,,,0.00,,,,,,0.00,,,0.00,,,,,,0.00,,,0.00,,,,,,0.00,,,0.00,,,0.00,,1.00,0,,0.00,,,,,,1.00,1,,1.00,,0.00,,,,0.00,,1.00,1,,,,,1.00,1,,5.00,1,,1.00,1,,,,,1.00,1,,,2,,3,,5-15 yrs,5-15 yrs,2,2,2,2,5,,0,,2127767,,V,78.41,5.56,5.56,5.56,5.56,16.67,16.67,16.67,16.67,17.26,17.26,17.26,17.26,12.50
United Kingdom,GBR,Scotland,UK_SCO,STATE_TOTAL,20221125,0.00,,,,,,0.00,,,0.00,,,,,,0.00,,,0.00,,,,,,0.00,,,0.00,,,,,,0.00,,,0.00,,,,,,0.00,,,0.00,,,,,,0.00,,,0.00,,,,,,0.00,,,0.00,,,0.00,,1.00,0,,0.00,,,,,,1.00,1,,1.00,,0.00,,,,0.00,,1.00,1,,,,,1.00,1,,5.00,1,,1.00,1,,,,,1.00,1,,,2,,3,,5-15 yrs,5-15 yrs,2,2,2,2,5,,0,,2127767,,V,78.41,5.56,5.56,5.56,5.56,16.67,16.67,16.67,16.67,17.26,17.26,17.26,17.26,12.50
United Kingdom,GBR,Scotland,UK_SCO,STATE_TOTAL,20221126,0.00,,,,,,0.00,,,0.00,,,,,,0.00,,,0.00,,,,,,0.00,,,0.00,,,,,,0.00,,,0.00,,,,,,0.00,,,0.00,,,,,,0.00,,,0.00,,,,,,0.00,,,0.00,,,0.00,,1.00,0,,0.00,,,,,,1.00,1,,1.00,,0.00,,,,0.00,,1.00,1,,,,,1.00,1,,5.00,1,,1.00,1,,,,,1.00,1,,,2,,3,,5-15 yrs,5-15 yrs,2,2,2,2,5,,0,,2127767,,V,78.41,5.56,5.56,5.56,5.56,16.67,16.67,16.67,16.67,17.26,17.26,17.26,17.26,12.50
United Kingdom,GBR,Scotland,UK_SCO,STATE_TOTAL,20221127,0.00,,,,,,0.00,,,0.00,,,,,,0.00,,,0.00,,,,,,0.00,,,0.00,,,,,,0.00,,,0.00,,,,,,0.00,,,0.00,,,,,,0.00,,,0.00,,,,,,0.00,,,0.00,,,0.00,,1.00,0,,0.00,,,,,,1.00,1,,1.00,,0.00,,,,0.00,,1.00,1,,,,,1.00,1,,5.00,1,,1.00,1,,,,,1.00,1,,,2,,3,,5-15 yrs,5-15 yrs,2,2,2,2,5,,0,,2127767,,V,78.41,5.56,5.56,5.56,5.56,16.67,16.67,16.67,16.67,17.26,17.26,17.26,17.26,12.50
United Kingdom,GBR,Scotland,UK_SCO,STATE_TOTAL,20221128,0.00,,,,,,0.00,,,0.00,,,,,,0.00,,,0.00,,,,,,0.00,,,0.00,,,,,,0.00,,,0.00,,,,,,0.00,,,0.00,,,,,,0.00,,,0.00,,,,,,0.00,,,0.00,,,0.00,,1.00,0,,0.00,,,,,,1.00,1,,1.00,,0.00,,,,0.00,,1.00,1,,,,,1.00,1,,5.00,1,,1.00,1,,,,,1.00,1,,,2,,3,,5-15 yrs,5-15 yrs,2,2,2,2,5,,0,,2127767,,V,78.41,5.56,5.56,5.56,5.56,16.67,16.67,16.67,16.67,17.26,17.26,17.26,17.26,12.50
United Kingdom,GBR,Scotland,UK_SCO,STATE_TOTAL,20221129,0.00,,,,,,0.00,,,0.00,,,,,,0.00,,,0.00,,,,,,0.00,,,0.00,,,,,,0.00,,,0.00,,,,,,0.00,,,0.00,,,,,,0.00,,,0.00,,,,,,0.00,,,0.00,,,0.00,,1.00,0,,0.00,,,,,,1.00,1,,1.00,,0.00,,,,0.00,,1.00,1,,,,,1.00,1,,5.00,1,,1.00,1,,,,,1.00,1,,,2,,3,,5-15 yrs,5-15 yrs,2,2,2,2,5,,0,,2127767,,V,78.41,5.56,5.56,5.56,5.56,16.67,16.67,16.67,16.67,17.26,17.26,17.26,17.26,12.50
United Kingdom,GBR,Scotland,UK_SCO,STATE_TOTAL,20221130,0.00,,,,,,0.00,,,0.00,,,,,,0.00,,,0.00,,,,,,0.00,,,0.00,,,,,,0.00,,,0.00,,,,,,0.00,,,0.00,,,,,,0.00,,,0.00,,,,,,0.00,,,0.00,,,0.00,,1.00,0,,0.00,,,,,,1.00,1,,1.00,,0.00,,,,0.00,,1.00,1,,,,,1.00,1,,5.00,1,,1.00,1,,,,,1.00,1,,,2,,3,,5-15 yrs,5-15 yrs,2,2,2,2,5,,0,,2129682,,V,78.41,5.56,5.56,5.56,5.56,16.67,16.67,16.67,16.67,17.26,17.26,17.26,17.26,12.50
United Kingdom,GBR,Scotland,UK_SCO,STATE_TOTAL,20221201,0.00,,,,,,0.00,,,0.00,,,,,,0.00,,,0.00,,,,,,0.00,,,0.00,,,,,,0.00,,,0.00,,,,,,0.00,,,0.00,,,,,,0.00,,,0.00,,,,,,0.00,,,0.00,,,0.00,,1.00,0,,0.00,,,,,,1.00,1,,1.00,,0.00,,,,0.00,,1.00,1,,,,,1.00,1,,5.00,1,,1.00,1,,,,,1.00,1,,,2,,3,,5-15 yrs,5-15 yrs,2,2,2,2,5,,0,,2129682,,V,78.41,5.56,5.56,5.56,5.56,16.67,16.67,16.67,16.67,17.26,17.26,17.26,17.26,12.50
United Kingdom,GBR,Scotland,UK_SCO,STATE_TOTAL,20221202,0.00,,,,,,0.00,,,0.00,,,,,,0.00,,,0.00,,,,,,0.00,,,0.00,,,,,,0.00,,,0.00,,,,,,0.00,,,0.00,,,,,,0.00,,,0.00,,,,,,0.00,,,0.00,,,0.00,,1.00,0,,0.00,,,,,,1.00,1,,1.00,,0.00,,,,0.00,,1.00,1,,,,,1.00,1,,5.00,1,,1.00,1,,,,,1.00,1,,,2,,3,,5-15 yrs,5-15 yrs,2,2,2,2,5,,0,,2129682,,V,78.41,5.56,5.56,5.56,5.56,16.67,16.67,16.67,16.67,17.26,17.26,17.26,17.26,12.50
United Kingdom,GBR,Scotland,UK_SCO,STATE_TOTAL,20221203,0.00,,,,,,0.00,,,0.00,,,,,,0.00,,,0.00,,,,,,0.00,,,0.00,,,,,,0.00,,,0.00,,,,,,0.00,,,0.00,,,,,,0.00,,,0.00,,,,,,0.00,,,0.00,,,0.00,,1.00,0,,0.00,,,,,,1.00,1,,1.00,,0.00,,,,0.00,,1.00,1,,,,,1.00,1,,5.00,1,,1.00,1,,,,,1.00,1,,,2,,3,,5-15 yrs,5-15 yrs,2,2,2,2,5,,0,,2129682,,V,78.41,5.56,5.56,5.56,5.56,16.67,16.67,16.67,16.67,17.26,17.26,17.26,17.26,12.50
United Kingdom,GBR,Scotland,UK_SCO,STATE_TOTAL,20221204,0.00,,,,,,0.00,,,0.00,,,,,,0.00,,,0.00,,,,,,0.00,,,0.00,,,,,,0.00,,,0.00,,,,,,0.00,,,0.00,,,,,,0.00,,,0.00,,,,,,0.00,,,0.00,,,0.00,,1.00,0,,0.00,,,,,,1.00,1,,1.00,,0.00,,,,0.00,,1.00,1,,,,,1.00,1,,5.00,1,,1.00,1,,,,,1.00,1,,,2,,3,,5-15 yrs,5-15 yrs,2,2,2,2,5,,0,,2129682,,V,78.41,5.56,5.56,5.56,5.56,16.67,16.67,16.67,16.67,17.26,17.26,17.26,17.26,12.50
United Kingdom,GBR,Scotland,UK_SCO,STATE_TOTAL,20221205,0.00,,,,,,0.00,,,0.00,,,,,,0.00,,,0.00,,,,,,0.00,,,0.00,,,,,,0.00,,,0.00,,,,,,0.00,,,0.00,,,,,,0.00,,,0.00,,,,,,0.00,,,0.00,,,0.00,,1.00,0,,0.00,,,,,,1.00,1,,1.00,,0.00,,,,0.00,,1.00,1,,,,,1.00,1,,5.00,1,,1.00,1,,,,,1.00,1,,,2,,3,,5-15 yrs,5-15 yrs,2,2,2,2,5,,0,,2129682,,V,78.41,5.56,5.56,5.56,5.56,16.67,16.67,16.67,16.67,17.26,17.26,17.26,17.26,12.50
United Kingdom,GBR,Scotland,UK_SCO,STATE_TOTAL,20221206,0.00,,,,,,0.00,,,0.00,,,,,,0.00,,,0.00,,,,,,0.00,,,0.00,,,,,,0.00,,,0.00,,,,,,0.00,,,0.00,,,,,,0.00,,,0.00,,,,,,0.00,,,0.00,,,0.00,,1.00,0,,0.00,,,,,,1.00,1,,1.00,,0.00,,,,0.00,,1.00,1,,,,,1.00,1,,5.00,1,,1.00,1,,,,,1.00,1,,,2,,3,,5-15 yrs,5-15 yrs,2,2,2,2,5,,0,,2129682,,V,78.41,5.56,5.56,5.56,5.56,16.67,16.67,16.67,16.67,17.26,17.26,17.26,17.26,12.50
United Kingdom,GBR,Scotland,UK_SCO,STATE_TOTAL,20221207,0.00,,,,,,0.00,,,0.00,,,,,,0.00,,,0.00,,,,,,0.00,,,0.00,,,,,,0.00,,,0.00,,,,,,0.00,,,0.00,,,,,,0.00,,,0.00,,,,,,0.00,,,0.00,,,0.00,,1.00,0,,0.00,,,,,,1.00,1,,1.00,,0.00,,,,0.00,,1.00,1,,,,,1.00,1,,5.00,1,,1.00,1,,,,,1.00,1,,,2,,3,,5-15 yrs,5-15 yrs,2,2,2,2,5,,0,,2131615,,V,78.41,5.56,5.56,5.56,5.56,16.67,16.67,16.67,16.67,17.26,17.26,17.26,17.26,12.50
United Kingdom,GBR,Scotland,UK_SCO,STATE_TOTAL,20221208,0.00,,,,,,0.00,,,0.00,,,,,,0.00,,,0.00,,,,,,0.00,,,0.00,,,,,,0.00,,,0.00,,,,,,0.00,,,0.00,,,,,,0.00,,,0.00,,,,,,0.00,,,0.00,,,0.00,,1.00,0,,0.00,,,,,,1.00,1,,1.00,,0.00,,,,0.00,,1.00,1,,,,,1.00,1,,5.00,1,,1.00,1,,,,,1.00,1,,,2,,3,,5-15 yrs,5-15 yrs,2,2,2,2,5,,0,,2131615,,V,78.41,5.56,5.56,5.56,5.56,16.67,16.67,16.67,16.67,17.26,17.26,17.26,17.26,12.50
United Kingdom,GBR,Scotland,UK_SCO,STATE_TOTAL,20221209,0.00,,,,,,0.00,,,0.00,,,,,,0.00,,,0.00,,,,,,0.00,,,0.00,,,,,,0.00,,,0.00,,,,,,0.00,,,0.00,,,,,,0.00,,,0.00,,,,,,0.00,,,0.00,,,0.00,,1.00,0,,0.00,,,,,,1.00,1,,1.00,,0.00,,,,0.00,,1.00,1,,,,,1.00,1,,5.00,1,,1.00,1,,,,,1.00,1,,,2,,3,,5-15 yrs,5-15 yrs,2,2,2,2,5,,0,,2131615,,V,78.41,5.56,5.56,5.56,5.56,16.67,16.67,16.67,16.67,17.26,17.26,17.26,17.26,12.50
United Kingdom,GBR,Scotland,UK_SCO,STATE_TOTAL,20221210,0.00,,,,,,0.00,,,0.00,,,,,,0.00,,,0.00,,,,,,0.00,,,0.00,,,,,,0.00,,,0.00,,,,,,0.00,,,0.00,,,,,,0.00,,,0.00,,,,,,0.00,,,0.00,,,0.00,,1.00,0,,0.00,,,,,,1.00,1,,1.00,,0.00,,,,0.00,,1.00,1,,,,,1.00,1,,5.00,1,,1.00,1,,,,,1.00,1,,,2,,3,,5-15 yrs,5-15 yrs,2,2,2,2,5,,0,,2131615,,V,78.41,5.56,5.56,5.56,5.56,16.67,16.67,16.67,16.67,17.26,17.26,17.26,17.26,12.50
United Kingdom,GBR,Scotland,UK_SCO,STATE_TOTAL,20221211,0.00,,,,,,0.00,,,0.00,,,,,,0.00,,,0.00,,,,,,0.00,,,0.00,,,,,,0.00,,,0.00,,,,,,0.00,,,0.00,,,,,,0.00,,,0.00,,,,,,0.00,,,0.00,,,0.00,,1.00,0,,0.00,,,,,,1.00,1,,1.00,,0.00,,,,0.00,,1.00,1,,,,,1.00,1,,5.00,1,,1.00,1,,,,,1.00,1,,,2,,3,,5-15 yrs,5-15 yrs,2,2,2,2,5,,0,,2131615,,V,78.41,5.56,5.56,5.56,5.56,16.67,16.67,16.67,16.67,17.26,17.26,17.26,17.26,12.50
United Kingdom,GBR,Scotland,UK_SCO,STATE_TOTAL,20221212,0.00,,,,,,0.00,,,0.00,,,,,,0.00,,,0.00,,,,,,0.00,,,0.00,,,,,,0.00,,,0.00,,,,,,0.00,,,0.00,,,,,,0.00,,,0.00,,,,,,0.00,,,0.00,,,0.00,,1.00,0,,0.00,,,,,,1.00,1,,1.00,,0.00,,,,0.00,,1.00,1,,,,,1.00,1,,5.00,1,,1.00,1,,,,,1.00,1,,,2,,3,,5-15 yrs,5-15 yrs,2,2,2,2,5,,0,,2131615,,V,78.41,5.56,5.56,5.56,5.56,16.67,16.67,16.67,16.67,17.26,17.26,17.26,17.26,12.50
United Kingdom,GBR,Scotland,UK_SCO,STATE_TOTAL,20221213,0.00,,,,,,0.00,,,0.00,,,,,,0.00,,,0.00,,,,,,0.00,,,0.00,,,,,,0.00,,,0.00,,,,,,0.00,,,0.00,,,,,,0.00,,,0.00,,,,,,0.00,,,0.00,,,0.00,,1.00,0,,0.00,,,,,,1.00,1,,1.00,,0.00,,,,0.00,,1.00,1,,,,,1.00,1,,5.00,1,,1.00,1,,,,,1.00,1,,,2,,3,,5-15 yrs,5-15 yrs,2,2,2,2,5,,0,,2131615,,V,78.41,5.56,5.56,5.56,5.56,16.67,16.67,16.67,16.67,17.26,17.26,17.26,17.26,12.50
United Kingdom,GBR,Scotland,UK_SCO,STATE_TOTAL,20221214,0.00,,,,,,0.00,,,0.00,,,,,,0.00,,,0.00,,,,,,0.00,,,0.00,,,,,,0.00,,,0.00,,,,,,0.00,,,0.00,,,,,,0.00,,,0.00,,,,,,0.00,,,0.00,,,0.00,,1.00,0,,0.00,,,,,,1.00,1,,1.00,,0.00,,,,0.00,,1.00,1,,,,,1.00,1,,5.00,1,,1.00,1,,,,,1.00,1,,,2,,3,,5-15 yrs,5-15 yrs,2,2,2,2,5,,0,,2133905,,V,78.41,5.56,5.56,5.56,5.56,16.67,16.67,16.67,16.67,17.26,17.26,17.26,17.26,12.50
United Kingdom,GBR,Scotland,UK_SCO,STATE_TOTAL,20221215,0.00,,,,,,0.00,,,0.00,,,,,,0.00,,,0.00,,,,,,0.00,,,0.00,,,,,,0.00,,,0.00,,,,,,0.00,,,0.00,,,,,,0.00,,,0.00,,,,,,0.00,,,0.00,,,0.00,,1.00,0,,0.00,,,,,,1.00,1,,1.00,,0.00,,,,0.00,,1.00,1,,,,,1.00,1,,5.00,1,,1.00,1,,,,,1.00,1,,,2,,3,,5-15 yrs,5-15 yrs,2,2,2,2,5,,0,,2133905,,V,78.41,5.56,5.56,5.56,5.56,16.67,16.67,16.67,16.67,17.26,17.26,17.26,17.26,12.50
United Kingdom,GBR,Scotland,UK_SCO,STATE_TOTAL,20221216,0.00,,,,,,0.00,,,0.00,,,,,,0.00,,,0.00,,,,,,0.00,,,0.00,,,,,,0.00,,,0.00,,,,,,0.00,,,0.00,,,,,,0.00,,,0.00,,,,,,0.00,,,0.00,,,0.00,,1.00,0,,0.00,,,,,,1.00,1,,1.00,,0.00,,,,0.00,,1.00,1,,,,,1.00,1,,5.00,1,,1.00,1,,,,,1.00,1,,,2,,3,,5-15 yrs,5-15 yrs,2,2,2,2,5,,0,,2133905,,V,78.41,5.56,5.56,5.56,5.56,16.67,16.67,16.67,16.67,17.26,17.26,17.26,17.26,12.50
United Kingdom,GBR,Scotland,UK_SCO,STATE_TOTAL,20221217,0.00,,,,,,0.00,,,0.00,,,,,,0.00,,,0.00,,,,,,0.00,,,0.00,,,,,,0.00,,,0.00,,,,,,0.00,,,0.00,,,,,,0.00,,,0.00,,,,,,0.00,,,0.00,,,0.00,,1.00,0,,0.00,,,,,,1.00,1,,1.00,,0.00,,,,0.00,,1.00,1,,,,,1.00,1,,5.00,1,,1.00,1,,,,,1.00,1,,,2,,3,,5-15 yrs,5-15 yrs,2,2,2,2,5,,0,,2133905,,V,78.41,5.56,5.56,5.56,5.56,16.67,16.67,16.67,16.67,17.26,17.26,17.26,17.26,12.50
United Kingdom,GBR,Scotland,UK_SCO,STATE_TOTAL,20221218,0.00,,,,,,0.00,,,0.00,,,,,,0.00,,,0.00,,,,,,0.00,,,0.00,,,,,,0.00,,,0.00,,,,,,0.00,,,0.00,,,,,,0.00,,,0.00,,,,,,0.00,,,0.00,,,0.00,,1.00,0,,0.00,,,,,,1.00,1,,1.00,,0.00,,,,0.00,,1.00,1,,,,,1.00,1,,5.00,1,,1.00,1,,,,,1.00,1,,,2,,3,,5-15 yrs,5-15 yrs,2,2,2,2,5,,0,,2133905,,V,78.41,5.56,5.56,5.56,5.56,16.67,16.67,16.67,16.67,17.26,17.26,17.26,17.26,12.50
United Kingdom,GBR,Scotland,UK_SCO,STATE_TOTAL,20221219,0.00,,,,,,0.00,,,0.00,,,,,,0.00,,,0.00,,,,,,0.00,,,0.00,,,,,,0.00,,,0.00,,,,,,0.00,,,0.00,,,,,,0.00,,,0.00,,,,,,0.00,,,0.00,,,0.00,,1.00,0,,0.00,,,,,,1.00,1,,1.00,,0.00,,,,0.00,,1.00,1,,,,,1.00,1,,5.00,1,,1.00,1,,,,,1.00,1,,,2,,3,,5-15 yrs,5-15 yrs,2,2,2,2,5,,0,,2133905,,V,78.41,5.56,5.56,5.56,5.56,16.67,16.67,16.67,16.67,17.26,17.26,17.26,17.26,12.50
United Kingdom,GBR,Scotland,UK_SCO,STATE_TOTAL,20221220,0.00,,,,,,0.00,,,0.00,,,,,,0.00,,,0.00,,,,,,0.00,,,0.00,,,,,,0.00,,,0.00,,,,,,0.00,,,0.00,,,,,,0.00,,,0.00,,,,,,0.00,,,0.00,,,0.00,,1.00,0,,0.00,,,,,,1.00,1,,1.00,,0.00,,,,0.00,,1.00,1,,,,,1.00,1,,5.00,1,,1.00,1,,,,,1.00,1,,,2,,3,,5-15 yrs,5-15 yrs,2,2,2,2,5,,0,,2133905,,V,78.41,5.56,5.56,5.56,5.56,16.67,16.67,16.67,16.67,17.26,17.26,17.26,17.26,12.50
United Kingdom,GBR,Scotland,UK_SCO,STATE_TOTAL,20221221,0.00,,,,,,0.00,,,0.00,,,,,,0.00,,,0.00,,,,,,0.00,,,0.00,,,,,,0.00,,,0.00,,,,,,0.00,,,0.00,,,,,,0.00,,,0.00,,,,,,0.00,,,0.00,,,0.00,,1.00,0,,0.00,,,,,,1.00,1,,1.00,,0.00,,,,0.00,,1.00,1,,,,,1.00,1,,5.00,1,,1.00,1,,,,,1.00,1,,,2,,3,,5-15 yrs,5-15 yrs,2,2,2,2,5,,0,,2136695,,V,78.41,5.56,5.56,5.56,5.56,16.67,16.67,16.67,16.67,17.26,17.26,17.26,17.26,12.50
United Kingdom,GBR,Scotland,UK_SCO,STATE_TOTAL,20221222,0.00,,,,,,0.00,,,0.00,,,,,,0.00,,,0.00,,,,,,0.00,,,0.00,,,,,,0.00,,,0.00,,,,,,0.00,,,0.00,,,,,,0.00,,,0.00,,,,,,0.00,,,0.00,,,0.00,,1.00,0,,0.00,,,,,,1.00,1,,1.00,,0.00,,,,0.00,,1.00,1,,,,,1.00,1,,5.00,1,,1.00,1,,,,,1.00,1,,,2,,3,,5-15 yrs,5-15 yrs,2,2,2,2,5,,0,,2136695,,V,78.41,5.56,5.56,5.56,5.56,16.67,16.67,16.67,16.67,17.26,17.26,17.26,17.26,12.50
United Kingdom,GBR,Scotland,UK_SCO,STATE_TOTAL,20221223,0.00,,,,,,0.00,,,0.00,,,,,,0.00,,,0.00,,,,,,0.00,,,0.00,,,,,,0.00,,,0.00,,,,,,0.00,,,0.00,,,,,,0.00,,,0.00,,,,,,0.00,,,0.00,,,0.00,,1.00,0,,0.00,,,,,,1.00,1,,1.00,,0.00,,,,0.00,,1.00,1,,,,,1.00,1,,5.00,1,,1.00,1,,,,,1.00,1,,,2,,3,,5-15 yrs,5-15 yrs,2,2,2,2,5,,0,,2136695,,V,78.41,5.56,5.56,5.56,5.56,16.67,16.67,16.67,16.67,17.26,17.26,17.26,17.26,12.50
United Kingdom,GBR,Scotland,UK_SCO,STATE_TOTAL,20221224,0.00,,,,,,0.00,,,0.00,,,,,,0.00,,,0.00,,,,,,0.00,,,0.00,,,,,,0.00,,,0.00,,,,,,0.00,,,0.00,,,,,,0.00,,,0.00,,,,,,0.00,,,0.00,,,0.00,,1.00,0,,0.00,,,,,,1.00,1,,1.00,,0.00,,,,0.00,,1.00,1,,,,,1.00,1,,5.00,1,,1.00,1,,,,,1.00,1,,,2,,3,,5-15 yrs,5-15 yrs,2,2,2,2,5,,0,,2136695,,V,78.41,5.56,5.56,5.56,5.56,16.67,16.67,16.67,16.67,17.26,17.26,17.26,17.26,12.50
United Kingdom,GBR,Scotland,UK_SCO,STATE_TOTAL,20221225,0.00,,,,,,0.00,,,0.00,,,,,,0.00,,,0.00,,,,,,0.00,,,0.00,,,,,,0.00,,,0.00,,,,,,0.00,,,0.00,,,,,,0.00,,,0.00,,,,,,0.00,,,0.00,,,0.00,,1.00,0,,0.00,,,,,,1.00,1,,1.00,,0.00,,,,0.00,,1.00,1,,,,,1.00,1,,5.00,1,,1.00,1,,,,,1.00,1,,,2,,3,,5-15 yrs,5-15 yrs,2,2,2,2,5,,0,,2136695,,V,78.41,5.56,5.56,5.56,5.56,16.67,16.67,16.67,16.67,17.26,17.26,17.26,17.26,12.50
United Kingdom,GBR,Scotland,UK_SCO,STATE_TOTAL,20221226,0.00,,,,,,0.00,,,0.00,,,,,,0.00,,,0.00,,,,,,0.00,,,0.00,,,,,,0.00,,,0.00,,,,,,0.00,,,0.00,,,,,,0.00,,,0.00,,,,,,0.00,,,0.00,,,0.00,,1.00,0,,0.00,,,,,,1.00,1,,1.00,,0.00,,,,0.00,,1.00,1,,,,,1.00,1,,5.00,1,,1.00,1,,,,,1.00,1,,,2,,3,,5-15 yrs,5-15 yrs,2,2,2,2,5,,0,,2136695,,V,78.41,5.56,5.56,5.56,5.56,16.67,16.67,16.67,16.67,17.26,17.26,17.26,17.26,12.50
United Kingdom,GBR,Scotland,UK_SCO,STATE_TOTAL,20221227,0.00,,,,,,0.00,,,0.00,,,,,,0.00,,,0.00,,,,,,0.00,,,0.00,,,,,,0.00,,,0.00,,,,,,0.00,,,0.00,,,,,,0.00,,,0.00,,,,,,0.00,,,0.00,,,0.00,,1.00,0,,0.00,,,,,,1.00,1,,1.00,,0.00,,,,0.00,,1.00,1,,,,,1.00,1,,5.00,1,,1.00,1,,,,,1.00,1,,,2,,3,,5-15 yrs,5-15 yrs,2,2,2,2,5,,0,,2136695,,V,78.41,5.56,5.56,5.56,5.56,16.67,16.67,16.67,16.67,17.26,17.26,17.26,17.26,12.50
United Kingdom,GBR,Scotland,UK_SCO,STATE_TOTAL,20221228,0.00,,,,,,0.00,,,0.00,,,,,,0.00,,,0.00,,,,,,0.00,,,0.00,,,,,,0.00,,,0.00,,,,,,0.00,,,0.00,,,,,,0.00,,,0.00,,,,,,0.00,,,0.00,,,0.00,,1.00,0,,0.00,,,,,,1.00,1,,1.00,,0.00,,,,0.00,,1.00,1,,,,,1.00,1,,5.00,1,,1.00,1,,,,,1.00,1,,,2,,3,,5-15 yrs,5-15 yrs,2,2,2,2,5,,0,,2136695,,V,78.41,5.56,5.56,5.56,5.56,16.67,16.67,16.67,16.67,17.26,17.26,17.26,17.26,12.50
United Kingdom,GBR,Scotland,UK_SCO,STATE_TOTAL,20221229,0.00,,,,,,0.00,,,0.00,,,,,,0.00,,,0.00,,,,,,0.00,,,0.00,,,,,,0.00,,,0.00,,,,,,0.00,,,0.00,,,,,,0.00,,,0.00,,,,,,0.00,,,0.00,,,0.00,,1.00,0,,0.00,,,,,,1.00,1,,1.00,,0.00,,,,0.00,,1.00,1,,,,,1.00,1,,5.00,1,,1.00,1,,,,,1.00,1,,,2,,3,,5-15 yrs,5-15 yrs,2,2,2,2,5,,0,,2136695,,V,78.41,5.56,5.56,5.56,5.56,16.67,16.67,16.67,16.67,17.26,17.26,17.26,17.26,12.50
United Kingdom,GBR,Scotland,UK_SCO,STATE_TOTAL,20221230,0.00,,,,,,0.00,,,0.00,,,,,,0.00,,,0.00,,,,,,0.00,,,0.00,,,,,,0.00,,,0.00,,,,,,0.00,,,0.00,,,,,,0.00,,,0.00,,,,,,0.00,,,0.00,,,0.00,,1.00,0,,0.00,,,,,,1.00,1,,1.00,,0.00,,,,0.00,,1.00,1,,,,,1.00,1,,5.00,1,,1.00,1,,,,,1.00,1,,,2,,3,,5-15 yrs,5-15 yrs,2,2,2,2,5,,0,,2136695,,V,78.41,5.56,5.56,5.56,5.56,16.67,16.67,16.67,16.67,17.26,17.26,17.26,17.26,12.50
United Kingdom,GBR,Scotland,UK_SCO,STATE_TOTAL,20221231,0.00,,,,,,0.00,,,0.00,,,,,,0.00,,,0.00,,,,,,0.00,,,0.00,,,,,,0.00,,,0.00,,,,,,0.00,,,0.00,,,,,,0.00,,,0.00,,,,,,0.00,,,0.00,,,0.00,,1.00,0,"Program has closed on 5/1/23  https://web.archive.org/web/20230115123145/https://www.mygov.scot/self-isolation-grant/check-if-you-qualify-and-how-to-apply",0.00,,,,,,1.00,1,,1.00,,0.00,,,,0.00,,1.00,1,,,,,1.00,1,,5.00,1,,1.00,1,,,,,1.00,1,,,2,,3,,5-15 yrs,5-15 yrs,2,2,2,2,5,,0,,2136695,,V,78.41,5.56,5.56,5.56,5.56,16.67,16.67,16.67,16.67,17.26,17.26,17.26,17.26,12.50
United Kingdom,GBR,Wales,UK_WAL,STATE_TOTAL,20220101,1.00,1,,,,,1.00,1,,2.00,1,,,,,2.00,1,,2.00,1,,,,,2.00,1,,4.00,1,,,,,4.00,1,,0.00,,,,,,0.00,,,0.00,,,,,,0.00,,,0.00,,,,,,0.00,,,,2.00,1.00,1.00,,0.00,,,1.00,,,,,,2.00,1,,3.00,,2.00,,,,0.00,,2.00,1,,,,,2.00,1,,5.00,1,,1.00,1,,,,,1.00,1,,,2,,3,,5-15 yrs,5-15 yrs,2,2,2,2,5,,1,,632125,6567,V,72.66,50.00,47.22,48.61,47.98,55.21,53.65,54.43,54.08,59.52,57.74,58.63,58.23,25.00
United Kingdom,GBR,Wales,UK_WAL,STATE_TOTAL,20220102,1.00,1,,,,,1.00,1,,2.00,1,,,,,2.00,1,,2.00,1,,,,,2.00,1,,4.00,1,,,,,4.00,1,,0.00,,,,,,0.00,,,0.00,,,,,,0.00,,,0.00,,,,,,0.00,,,,2.00,1.00,1.00,,0.00,,,1.00,,,,,,2.00,1,,3.00,,2.00,,,,0.00,,2.00,1,,,,,2.00,1,,5.00,1,,1.00,1,,,,,1.00,1,,,2,,3,,5-15 yrs,5-15 yrs,2,2,2,2,5,,1,,646159,6581,V,72.68,50.00,47.22,48.61,47.98,55.21,53.65,54.43,54.08,59.52,57.74,58.63,58.23,25.00
United Kingdom,GBR,Wales,UK_WAL,STATE_TOTAL,20220103,1.00,1,,,,,1.00,1,,2.00,1,,,,,2.00,1,,2.00,1,,,,,2.00,1,,4.00,1,,,,,4.00,1,,0.00,,,,,,0.00,,,0.00,,,,,,0.00,,,0.00,,,,,,0.00,,,,2.00,1.00,1.00,,0.00,,,1.00,,,,,,2.00,1,,3.00,,2.00,,,,0.00,,2.00,1,,,,,2.00,1,,5.00,1,,1.00,1,,,,,1.00,1,,,2,,3,,5-15 yrs,5-15 yrs,2,2,2,2,5,,1,,646159,6581,V,72.71,50.00,47.22,48.61,47.98,55.21,53.65,54.43,54.08,59.52,57.74,58.63,58.23,25.00
United Kingdom,GBR,Wales,UK_WAL,STATE_TOTAL,20220104,1.00,1,,,,,1.00,1,"Schools open with significant operational changes in place    http://web.archive.org/web/20220104082956/https://gov.wales/schools-coronavirus-guidance",2.00,1,,,,,2.00,1,,2.00,1,,,,,2.00,1,,4.00,1,,,,,4.00,1,,0.00,,,,,,0.00,,,0.00,,,,,,0.00,,,0.00,,,,,,0.00,,,,2.00,1.00,1.00,,0.00,,,1.00,,,,,,2.00,1,,3.00,,2.00,,,,0.00,,2.00,1,,,,,2.00,1,,5.00,1,,1.00,1,,,,,1.00,1,,,2,,3,,5-15 yrs,5-15 yrs,2,2,2,2,5,,1,,668473,6589,V,72.81,50.00,47.22,48.61,47.98,55.21,53.65,54.43,54.07,59.52,57.74,58.63,58.22,25.00
United Kingdom,GBR,Wales,UK_WAL,STATE_TOTAL,20220105,1.00,1,,,,,1.00,1,,2.00,1,,,,,2.00,1,,2.00,1,,,,,2.00,1,,4.00,1,,,,,4.00,1,,0.00,,,,,,0.00,,,0.00,,,,,,0.00,,,0.00,,,,,,0.00,,,,2.00,1.00,1.00,,0.00,,,1.00,,,,,,2.00,1,,3.00,,2.00,,,,0.00,,2.00,1,,,,,2.00,1,,5.00,1,,1.00,1,,,,,1.00,1,,,2,,3,,5-15 yrs,5-15 yrs,2,2,2,2,5,,1,,689750,6599,V,72.91,50.00,47.22,48.61,47.97,55.21,53.65,54.43,54.07,59.52,57.74,58.63,58.22,25.00
United Kingdom,GBR,Wales,UK_WAL,STATE_TOTAL,20220106,1.00,1,,,,,1.00,1,,2.00,1,,,,,2.00,1,,2.00,1,,,,,2.00,1,,4.00,1,,,,,4.00,1,,0.00,,,,,,0.00,,,0.00,,,,,,0.00,,,0.00,,,,,,0.00,,,,2.00,1.00,1.00,,0.00,,,1.00,,,,,,2.00,1,,3.00,,2.00,,,,0.00,,2.00,1,,,,,2.00,1,,5.00,1,,1.00,1,,,,,1.00,1,,,2,,3,,5-15 yrs,5-15 yrs,2,2,2,2,5,,1,,698962,6605,V,73.02,50.00,47.22,48.61,47.97,55.21,53.65,54.43,54.07,59.52,57.74,58.63,58.22,25.00
United Kingdom,GBR,Wales,UK_WAL,STATE_TOTAL,20220107,1.00,1,,,,,1.00,1,,2.00,1,,,,,2.00,1,,2.00,1,,,,,2.00,1,,4.00,1,,,,,4.00,1,,0.00,,,,,,0.00,,,0.00,,,,,,0.00,,,0.00,,,,,,0.00,,,,2.00,1.00,1.00,,0.00,,,1.00,,,,,,2.00,1,,3.00,,2.00,,,,0.00,,2.00,1,,,,,2.00,1,,5.00,1,,1.00,1,,,,,1.00,1,,,2,,3,,5-15 yrs,5-15 yrs,2,2,2,2,5,,1,,706873,6626,V,73.12,50.00,47.22,48.61,47.97,55.21,53.65,54.43,54.07,59.52,57.74,58.63,58.22,25.00
United Kingdom,GBR,Wales,UK_WAL,STATE_TOTAL,20220108,1.00,1,,,,,1.00,1,,2.00,1,,,,,2.00,1,,2.00,1,,,,,2.00,1,,4.00,1,,,,,4.00,1,,0.00,,,,,,0.00,,,0.00,,,,,,0.00,,,0.00,,,,,,0.00,,,,2.00,1.00,1.00,,0.00,,,1.00,,,,,,2.00,1,,3.00,,2.00,,,,0.00,,2.00,1,,,,,2.00,1,,5.00,1,,1.00,1,,,,,1.00,1,,,2,,3,,5-15 yrs,5-15 yrs,2,2,2,2,5,,1,,706873,6626,V,73.32,50.00,47.22,48.61,47.96,55.21,53.65,54.43,54.07,59.52,57.74,58.63,58.21,25.00
United Kingdom,GBR,Wales,UK_WAL,STATE_TOTAL,20220109,1.00,1,,,,,1.00,1,,2.00,1,,,,,2.00,1,,2.00,1,,,,,2.00,1,,4.00,1,,,,,4.00,1,,0.00,,,,,,0.00,,,0.00,,,,,,0.00,,,0.00,,,,,,0.00,,,,2.00,1.00,1.00,,0.00,,,1.00,,,,,,2.00,1,,3.00,,2.00,,,,0.00,,2.00,1,,,,,2.00,1,,5.00,1,,1.00,1,,,,,1.00,1,,,2,,3,,5-15 yrs,5-15 yrs,2,2,2,2,5,,1,,715796,6634,V,73.39,50.00,47.22,48.61,47.96,55.21,53.65,54.43,54.07,59.52,57.74,58.63,58.21,25.00
United Kingdom,GBR,Wales,UK_WAL,STATE_TOTAL,20220110,1.00,1,,,,,1.00,1,,2.00,1,,,,,2.00,1,,2.00,1,,,,,2.00,1,,4.00,1,,,,,4.00,1,,0.00,,,,,,0.00,,,0.00,,,,,,0.00,,,0.00,,,,,,0.00,,,,2.00,1.00,1.00,,0.00,,,1.00,,,,,,2.00,1,,3.00,,2.00,,,,0.00,,2.00,1,,,,,2.00,1,,5.00,1,,1.00,1,,,,,1.00,1,,,2,,3,,5-15 yrs,5-15 yrs,2,2,2,2,5,,1,,727486,6650,V,73.45,50.00,47.22,48.61,47.96,55.21,53.65,54.43,54.06,59.52,57.74,58.63,58.21,25.00
United Kingdom,GBR,Wales,UK_WAL,STATE_TOTAL,20220111,1.00,1,,,,,1.00,1,,2.00,1,,,,,2.00,1,,2.00,1,,,,,2.00,1,,4.00,1,,,,,4.00,1,,0.00,,,,,,0.00,,,0.00,,,,,,0.00,,,0.00,,,,,,0.00,,,,2.00,1.00,1.00,,0.00,,,1.00,,,,,,2.00,1,,3.00,,2.00,,,,0.00,,2.00,1,,,,,2.00,1,,5.00,1,,1.00,1,,,,,1.00,1,,,2,,3,,5-15 yrs,5-15 yrs,2,2,2,2,5,,1,,729662,6654,V,73.51,50.00,47.22,48.61,47.96,55.21,53.65,54.43,54.06,59.52,57.74,58.63,58.21,25.00
United Kingdom,GBR,Wales,UK_WAL,STATE_TOTAL,20220112,1.00,1,,,,,1.00,1,,2.00,1,,,,,2.00,1,,2.00,1,,,,,2.00,1,,4.00,1,,,,,4.00,1,,0.00,,,,,,0.00,,,0.00,,,,,,0.00,,,0.00,,,,,,0.00,,,,2.00,1.00,1.00,,0.00,,,1.00,,,,,,2.00,1,,3.00,,2.00,,,,0.00,,2.00,1,,,,,2.00,1,,5.00,1,,1.00,1,,,,,1.00,1,,,2,,3,,5-15 yrs,5-15 yrs,2,2,2,2,5,,1,,732548,6668,V,73.58,50.00,47.22,48.61,47.95,55.21,53.65,54.43,54.06,59.52,57.74,58.63,58.21,25.00
United Kingdom,GBR,Wales,UK_WAL,STATE_TOTAL,20220113,1.00,1,,,,,1.00,1,,2.00,1,,,,,2.00,1,,2.00,1,,,,,2.00,1,,4.00,1,,,,,4.00,1,,0.00,,,,,,0.00,,,0.00,,,,,,0.00,,,0.00,,,,,,0.00,,,,2.00,1.00,1.00,,0.00,,,1.00,,,,,,2.00,1,,3.00,,2.00,,,,0.00,,2.00,1,,,,,2.00,1,,5.00,1,,1.00,1,,,,,1.00,1,,,2,,3,,5-15 yrs,5-15 yrs,2,2,2,2,5,,1,,735745,6679,V,73.63,50.00,47.22,48.61,47.95,55.21,53.65,54.43,54.06,59.52,57.74,58.63,58.21,25.00
United Kingdom,GBR,Wales,UK_WAL,STATE_TOTAL,20220114,1.00,1,,,,,1.00,1,,2.00,1,,,,,2.00,1,,2.00,1,,,,,2.00,1,,4.00,1,,,,,4.00,1,,0.00,,,,,,0.00,,,0.00,,,,,,0.00,,,0.00,,,,,,0.00,,,,2.00,1.00,1.00,,0.00,,,1.00,,,,,,2.00,1,,3.00,,2.00,,,,0.00,,2.00,1,,,,,2.00,1,,5.00,1,,1.00,1,,,,,1.00,1,,,2,,3,,5-15 yrs,5-15 yrs,2,2,2,2,5,,1,,738609,6683,V,73.69,50.00,47.22,48.61,47.95,55.21,53.65,54.43,54.06,59.52,57.74,58.63,58.21,25.00
United Kingdom,GBR,Wales,UK_WAL,STATE_TOTAL,20220115,1.00,1,,,,,1.00,1,,2.00,1,,,,,2.00,1,,2.00,1,,,,,2.00,1,,2.00,1,,,,,2.00,1,"15 January- Numbers allowed to attend outdoor events will rise from 50 to 500    http://web.archive.org/web/20220121135423/https://www.bbc.com/news/uk-wales-politics-60055956",0.00,,,,,,0.00,,,0.00,,,,,,0.00,,,0.00,,,,,,0.00,,,,2.00,1.00,1.00,,0.00,,,1.00,,,,,,2.00,1,,3.00,,2.00,,,,0.00,,2.00,1,,,,,2.00,1,,5.00,1,,1.00,1,,,,,1.00,1,,,2,,3,,5-15 yrs,5-15 yrs,2,2,2,2,5,,1,,738609,6683,V,73.87,44.44,41.67,43.06,42.39,52.08,50.52,51.30,50.93,55.95,54.17,55.06,54.64,25.00
United Kingdom,GBR,Wales,UK_WAL,STATE_TOTAL,20220116,1.00,1,,,,,1.00,1,,2.00,1,,,,,2.00,1,,2.00,1,,,,,2.00,1,,2.00,1,,,,,2.00,1,,0.00,,,,,,0.00,,,0.00,,,,,,0.00,,,0.00,,,,,,0.00,,,,2.00,1.00,1.00,,0.00,,,1.00,,,,,,2.00,1,,3.00,,2.00,,,,0.00,,2.00,1,,,,,2.00,1,,5.00,1,,1.00,1,,,,,1.00,1,,,2,,3,,5-15 yrs,5-15 yrs,2,2,2,2,5,,1,,740742,6689,V,73.94,44.44,41.67,43.06,42.39,52.08,50.52,51.30,50.93,55.95,54.17,55.06,54.63,25.00
United Kingdom,GBR,Wales,UK_WAL,STATE_TOTAL,20220117,1.00,1,,,,,1.00,1,,2.00,1,,,,,2.00,1,,2.00,1,,,,,2.00,1,,2.00,1,,,,,2.00,1,,0.00,,,,,,0.00,,,0.00,,,,,,0.00,,,0.00,,,,,,0.00,,,,2.00,1.00,1.00,,0.00,,,1.00,,,,,,2.00,1,,3.00,,2.00,,,,0.00,,2.00,1,,,,,2.00,1,,5.00,1,,1.00,1,,,,,1.00,1,,,2,,3,,5-15 yrs,5-15 yrs,2,2,2,2,5,,1,,744717,6707,V,73.98,44.44,41.67,43.06,42.39,52.08,50.52,51.30,50.93,55.95,54.17,55.06,54.63,25.00
United Kingdom,GBR,Wales,UK_WAL,STATE_TOTAL,20220118,1.00,1,,,,,1.00,1,,2.00,1,,,,,2.00,1,,2.00,1,,,,,2.00,1,,2.00,1,,,,,2.00,1,,0.00,,,,,,0.00,,,0.00,,,,,,0.00,,,0.00,,,,,,0.00,,,,2.00,1.00,1.00,,0.00,,,1.00,,,,,,2.00,1,,3.00,,2.00,,,,0.00,,2.00,1,,,,,2.00,1,,5.00,1,,1.00,1,,,,,1.00,1,,,2,,3,,5-15 yrs,5-15 yrs,2,2,2,2,5,,1,,746572,6708,V,74.02,44.44,41.67,43.06,42.39,52.08,50.52,51.30,50.93,55.95,54.17,55.06,54.63,25.00
United Kingdom,GBR,Wales,UK_WAL,STATE_TOTAL,20220119,1.00,1,,,,,1.00,1,,2.00,1,,,,,2.00,1,,2.00,1,,,,,2.00,1,,2.00,1,,,,,2.00,1,,0.00,,,,,,0.00,,,0.00,,,,,,0.00,,,0.00,,,,,,0.00,,,,2.00,1.00,1.00,,0.00,,,1.00,,,,,,2.00,1,,3.00,,2.00,,,,0.00,,2.00,1,,,,,2.00,1,,5.00,1,,1.00,1,,,,,1.00,1,,,2,,3,,5-15 yrs,5-15 yrs,2,2,2,2,5,,1,,748708,6731,V,74.07,44.44,41.67,43.06,42.39,52.08,50.52,51.30,50.92,55.95,54.17,55.06,54.63,25.00
United Kingdom,GBR,Wales,UK_WAL,STATE_TOTAL,20220120,1.00,1,,,,,1.00,1,,2.00,1,,,,,2.00,1,,2.00,1,,,,,2.00,1,,2.00,1,,,,,2.00,1,,0.00,,,,,,0.00,,,0.00,,,,,,0.00,,,0.00,,,,,,0.00,,,,2.00,1.00,1.00,,0.00,,,1.00,,,,,,2.00,1,,3.00,,2.00,,,,0.00,,2.00,1,,,,,2.00,1,,5.00,1,,1.00,1,,,,,1.00,1,,,2,,3,,5-15 yrs,5-15 yrs,2,2,2,2,5,,1,,751473,6752,V,74.12,44.44,41.67,43.06,42.39,52.08,50.52,51.30,50.92,55.95,54.17,55.06,54.63,25.00
United Kingdom,GBR,Wales,UK_WAL,STATE_TOTAL,20220121,1.00,1,,,,,1.00,1,,2.00,1,,,,,2.00,1,,,,2.00,1,1.00,1,1.00,1,"From 21 January, all limits for outdoor activities have been scrapped with crowds able to return to sporting events.    Anyone over 18 will still have to show a Covid pass to go to larger outdoor event, so they can show they are either fully vaccinated or have had a negative lateral flow test in the past 24 hours.    The passes, which are being scrapped in England, will also still be required in cinemas and theatres until at least the next review on 10 February.    Due to the pass requirement, the coding remains at a 2G level for non-vaccinated people    http://web.archive.org/web/20220121135423/https://www.bbc.com/news/uk-wales-politics-60055956",,,1.00,1,0.00,,0.00,,"From Friday 21 January, Wales will move to alert level 0 for all outdoor activities.    This means:    Crowds will be able to return to outdoor sporting events.  There will be no limits on the number of people who can take part in outdoor activities and events.  Outdoor hospitality will be able to operate without the additional measures required introduced in December, such as the rule of 6 and 2m social distancing  The Covid Pass will continue to be required for entry to larger outdoor events attended by more than 4,000 people, if unseated, or 10,000 people when seated.    http://web.archive.org/web/20220204104624/https://gov.wales/phased-easing-of-covid-restrictions-to-continue-first-minister",0.00,,,,,,0.00,,,0.00,,,,,,0.00,,,0.00,,,,,,0.00,,,,2.00,1.00,1.00,,0.00,,,1.00,,,,,,2.00,1,,3.00,,2.00,,,,0.00,,2.00,1,,,,,2.00,1,,5.00,1,,1.00,1,,,,,1.00,1,,,2,,3,,5-15 yrs,5-15 yrs,2,2,2,2,5,,1,,753899,6763,V,74.14,41.67,30.56,36.11,33.43,50.52,44.27,47.40,45.89,54.17,47.02,50.60,48.87,25.00
United Kingdom,GBR,Wales,UK_WAL,STATE_TOTAL,20220122,1.00,1,,,,,1.00,1,,2.00,1,,,,,2.00,1,,,,2.00,1,1.00,1,1.00,1,,,,1.00,1,0.00,,0.00,,,0.00,,,,,,0.00,,,0.00,,,,,,0.00,,,0.00,,,,,,0.00,,,,2.00,1.00,1.00,,0.00,,,1.00,,,,,,2.00,1,,3.00,,2.00,,,,0.00,,2.00,1,,,,,2.00,1,,5.00,1,,1.00,1,,,,,1.00,1,,,2,,3,,5-15 yrs,5-15 yrs,2,2,2,2,5,,1,,753899,6763,V,74.31,41.67,30.56,36.11,33.41,50.52,44.27,47.40,45.88,54.17,47.02,50.60,48.86,25.00
United Kingdom,GBR,Wales,UK_WAL,STATE_TOTAL,20220123,1.00,1,,,,,1.00,1,,2.00,1,,,,,2.00,1,,,,2.00,1,1.00,1,1.00,1,,,,1.00,1,0.00,,0.00,,,0.00,,,,,,0.00,,,0.00,,,,,,0.00,,,0.00,,,,,,0.00,,,,2.00,1.00,1.00,,0.00,,,1.00,,,,,,2.00,1,,3.00,,2.00,,,,0.00,,2.00,1,,,,,2.00,1,,5.00,1,,1.00,1,,,,,1.00,1,,,2,,3,,5-15 yrs,5-15 yrs,2,2,2,2,5,,1,,756727,6771,V,74.39,41.67,30.56,36.11,33.41,50.52,44.27,47.40,45.87,54.17,47.02,50.60,48.85,25.00
United Kingdom,GBR,Wales,UK_WAL,STATE_TOTAL,20220124,1.00,1,,,,,1.00,1,,2.00,1,,,,,2.00,1,,,,2.00,1,1.00,1,1.00,1,,,,1.00,1,0.00,,0.00,,,0.00,,,,,,0.00,,,0.00,,,,,,0.00,,,0.00,,,,,,0.00,,,,2.00,1.00,1.00,,0.00,,,1.00,,,,,,2.00,1,,3.00,,2.00,,,,0.00,,2.00,1,,,,,2.00,1,,5.00,1,,1.00,1,,,,,1.00,1,,,2,,3,,5-15 yrs,5-15 yrs,2,2,2,2,5,,1,,761054,6782,V,74.43,41.67,30.56,36.11,33.40,50.52,44.27,47.40,45.87,54.17,47.02,50.60,48.85,25.00
United Kingdom,GBR,Wales,UK_WAL,STATE_TOTAL,20220125,1.00,1,,,,,1.00,1,,2.00,1,,,,,2.00,1,,,,2.00,1,1.00,1,1.00,1,,,,1.00,1,0.00,,0.00,,,0.00,,,,,,0.00,,,0.00,,,,,,0.00,,,0.00,,,,,,0.00,,,,2.00,1.00,1.00,,0.00,,,1.00,,,,,,2.00,1,,3.00,,2.00,,,,0.00,,2.00,1,,,,,2.00,1,,5.00,1,,1.00,1,,,,,1.00,1,,,2,,3,,5-15 yrs,5-15 yrs,2,2,2,2,5,,1,,763031,6784,V,74.46,41.67,30.56,36.11,33.40,50.52,44.27,47.40,45.87,54.17,47.02,50.60,48.85,25.00
United Kingdom,GBR,Wales,UK_WAL,STATE_TOTAL,20220126,1.00,1,,,,,1.00,1,,2.00,1,,,,,2.00,1,,,,2.00,1,1.00,1,1.00,1,,,,1.00,1,0.00,,0.00,,,0.00,,,,,,0.00,,,0.00,,,,,,0.00,,,0.00,,,,,,0.00,,,,2.00,1.00,1.00,,0.00,,,1.00,,,,,,2.00,1,,3.00,,2.00,,,,0.00,,2.00,1,,,,,2.00,1,,5.00,1,,1.00,1,,,,,1.00,1,,,2,,3,,5-15 yrs,5-15 yrs,2,2,2,2,5,,1,,765737,6788,V,74.48,41.67,30.56,36.11,33.40,50.52,44.27,47.40,45.86,54.17,47.02,50.60,48.84,25.00
United Kingdom,GBR,Wales,UK_WAL,STATE_TOTAL,20220127,1.00,1,,,,,1.00,1,,2.00,1,,,,,2.00,1,,,,2.00,1,1.00,1,1.00,1,,,,1.00,1,0.00,,0.00,,,0.00,,,,,,0.00,,,0.00,,,,,,0.00,,,0.00,,,,,,0.00,,,,2.00,1.00,1.00,,0.00,,,1.00,,,,,,2.00,1,,3.00,,2.00,,,,0.00,,2.00,1,,,,,2.00,1,,5.00,1,,1.00,1,,,,,1.00,1,,,2,,3,,5-15 yrs,5-15 yrs,2,2,2,2,5,,1,,768744,6798,V,74.50,41.67,30.56,36.11,33.39,50.52,44.27,47.40,45.86,54.17,47.02,50.60,48.84,25.00
United Kingdom,GBR,Wales,UK_WAL,STATE_TOTAL,20220128,1.00,1,,,,,1.00,1,,,,2.00,1,1.00,1,1.00,1,"On Friday, 28 January, Wales will move to alert level zero. This means nightclubs can reopen and the rule of six will be scrapped in pubs and restaurants, although Covid passes will still be required for large events, plus cinemas, nightclubs and theatres    Due to pass requirement coding remains at a 2G    http://web.archive.org/web/20220121135423/https://www.bbc.com/news/uk-wales-politics-60055956",,,2.00,1,1.00,1,1.00,1,,,,1.00,1,0.00,,0.00,,,0.00,,,,,,0.00,,,0.00,,,,,,0.00,,,0.00,,,,,,0.00,,,,2.00,1.00,1.00,,0.00,,,1.00,,,,,,2.00,1,,3.00,,2.00,,,,0.00,,2.00,1,,,,,2.00,1,,5.00,1,,1.00,1,,,,,1.00,1,,,2,,3,,5-15 yrs,5-15 yrs,2,2,2,2,5,,1,,771516,6804,V,74.53,41.67,26.85,34.26,30.62,50.52,42.19,46.35,44.31,54.17,44.64,49.40,47.07,25.00
United Kingdom,GBR,Wales,UK_WAL,STATE_TOTAL,20220129,1.00,1,,,,,1.00,1,,,,2.00,1,1.00,1,1.00,1,,,,2.00,1,1.00,1,1.00,1,,,,1.00,1,0.00,,0.00,,,0.00,,,,,,0.00,,,0.00,,,,,,0.00,,,0.00,,,,,,0.00,,,,2.00,1.00,1.00,,0.00,,,1.00,,,,,,2.00,1,,3.00,,2.00,,,,0.00,,2.00,1,,,,,2.00,1,"The self-isolation rules for everyone who tests positive for Covid and the face-covering rules, which apply in most public indoor places will remain in force after 28 January.    http://web.archive.org/web/20220204104624/https://gov.wales/phased-easing-of-covid-restrictions-to-continue-first-minister",5.00,1,,1.00,1,,,,,1.00,1,"Operational changes in place including LFT requirements but no limit on number of visitors    http://web.archive.org/web/20220204105809/https://gov.wales/visits-care-homes-guidance-providers-html  ",,2,,3,,5-15 yrs,5-15 yrs,2,2,2,2,5,,1,,771516,6804,V,74.62,41.67,26.85,34.26,30.61,50.52,42.19,46.35,44.30,54.17,44.64,49.40,47.06,25.00
United Kingdom,GBR,Wales,UK_WAL,STATE_TOTAL,20220130,1.00,1,,,,,1.00,1,,,,2.00,1,1.00,1,1.00,1,,,,2.00,1,1.00,1,1.00,1,,,,1.00,1,0.00,,0.00,,,0.00,,,,,,0.00,,,0.00,,,,,,0.00,,,0.00,,,,,,0.00,,,,2.00,1.00,1.00,,0.00,,,1.00,,,,,,2.00,1,,3.00,,2.00,,,,0.00,,2.00,1,,,,,2.00,1,,5.00,1,,1.00,1,,,,,1.00,1,,,2,,3,,5-15 yrs,5-15 yrs,2,2,2,2,5,,1,,774356,6812,V,74.69,41.67,26.85,34.26,30.60,50.52,42.19,46.35,44.30,54.17,44.64,49.40,47.05,25.00
United Kingdom,GBR,Wales,UK_WAL,STATE_TOTAL,20220131,1.00,1,,,,,1.00,1,,,,2.00,1,1.00,1,1.00,1,,,,2.00,1,1.00,1,1.00,1,,,,1.00,1,0.00,,0.00,,,0.00,,,,,,0.00,,,0.00,,,,,,0.00,,,0.00,,,,,,0.00,,,,2.00,1.00,1.00,,0.00,,,1.00,,,,,,2.00,1,,3.00,,2.00,,,,0.00,,2.00,1,,,,,2.00,1,,5.00,1,,1.00,1,,,,,1.00,1,,,2,,3,"31 January 2022    Since 11 November 2021, all care home workers, and anyone entering a care home, have needed to be fully vaccinated, unless they are exempt under the regulations.    As announced by the Secretary of State for Health and Social Care on 31 January 2022, the government has stated that its intention is to revoke the regulations making vaccines a condition of deployment for health and social care staff, subject to parliamentary process.    Legal requirement for health and social care staff to be double jabbed to be removed, subject to consultation and Parliamentary approval    http://web.archive.org/web/20220209045009/https://www.gov.uk/government/publications/vaccination-of-people-working-or-deployed-in-care-homes-operational-guidance/coronavirus-covid-19-vaccination-of-people-working-or-deployed-in-care-homes-operational-guidance    http://web.archive.org/web/20220208144510/https://www.gov.uk/government/news/consultation-on-removing-vaccination-as-a-condition-of-deployment-for-health-and-social-care-staff    http://web.archive.org/web/20220210124238/https://www.nursingtimes.net/news/coronavirus/government-confirms-u-turn-on-mandatory-vaccination-policy-31-01-2022/  ",5-15 yrs,5-15 yrs,2,2,2,2,5,"Free",0,"31 January 2022    Since 11 November 2021, all care home workers, and anyone entering a care home, have needed to be fully vaccinated, unless they are exempt under the regulations.    As announced by the Secretary of State for Health and Social Care on 31 January 2022, the government has stated that its intention is to revoke the regulations making vaccines a condition of deployment for health and social care staff, subject to parliamentary process.    Legal requirement for health and social care staff to be double jabbed to be removed, subject to consultation and Parliamentary approval    http://web.archive.org/web/20220209045009/https://www.gov.uk/government/publications/vaccination-of-people-working-or-deployed-in-care-homes-operational-guidance/coronavirus-covid-19-vaccination-of-people-working-or-deployed-in-care-homes-operational-guidance    http://web.archive.org/web/20220208144510/https://www.gov.uk/government/news/consultation-on-removing-vaccination-as-a-condition-of-deployment-for-health-and-social-care-staff    http://web.archive.org/web/20220210124238/https://www.nursingtimes.net/news/coronavirus/government-confirms-u-turn-on-mandatory-vaccination-policy-31-01-2022/  ",778884,6823,V,74.71,41.67,26.85,34.26,30.60,50.52,42.19,46.35,44.30,54.17,44.64,49.40,47.05,25.00
United Kingdom,GBR,Wales,UK_WAL,STATE_TOTAL,20220201,1.00,1,,,,,1.00,1,,,,2.00,1,1.00,1,1.00,1,,,,2.00,1,1.00,1,1.00,1,,,,1.00,1,0.00,,0.00,,,0.00,,,,,,0.00,,,0.00,,,,,,0.00,,,0.00,,,,,,0.00,,,,2.00,1.00,1.00,,0.00,,,1.00,,,,,,2.00,1,,3.00,,2.00,,,,0.00,,2.00,1,,,,,2.00,1,,5.00,1,,1.00,1,,,,,1.00,1,,,2,,3,,5-15 yrs,5-15 yrs,2,2,2,2,5,,0,,780519,6823,V,74.73,41.67,26.85,34.26,30.60,50.52,42.19,46.35,44.29,54.17,44.64,49.40,47.05,25.00
United Kingdom,GBR,Wales,UK_WAL,STATE_TOTAL,20220202,1.00,1,,,,,1.00,1,,,,2.00,1,1.00,1,1.00,1,,,,2.00,1,1.00,1,1.00,1,,,,1.00,1,0.00,,0.00,,,0.00,,,,,,0.00,,,0.00,,,,,,0.00,,,0.00,,,,,,0.00,,,,2.00,1.00,1.00,,0.00,,,1.00,,,,,,2.00,1,,3.00,,2.00,,,,0.00,,2.00,1,,,,,2.00,1,,5.00,1,,1.00,1,,,,,1.00,1,,,2,,3,,5-15 yrs,5-15 yrs,2,2,2,2,5,,0,,782388,6833,V,74.75,41.67,26.85,34.26,30.59,50.52,42.19,46.35,44.29,54.17,44.64,49.40,47.05,25.00
United Kingdom,GBR,Wales,UK_WAL,STATE_TOTAL,20220203,1.00,1,,,,,1.00,1,,,,2.00,1,1.00,1,1.00,1,,,,2.00,1,1.00,1,1.00,1,,,,1.00,1,0.00,,0.00,,,0.00,,,,,,0.00,,,0.00,,,,,,0.00,,,0.00,,,,,,0.00,,,,2.00,1.00,1.00,,0.00,,,1.00,,,,,,2.00,1,,3.00,,2.00,,,,0.00,,2.00,1,,,,,2.00,1,,5.00,1,,1.00,1,,,,,1.00,1,,,2,,3,,5-15 yrs,5-15 yrs,2,2,2,2,5,,0,,784811,6844,V,74.77,41.67,26.85,34.26,30.59,50.52,42.19,46.35,44.29,54.17,44.64,49.40,47.04,25.00
United Kingdom,GBR,Wales,UK_WAL,STATE_TOTAL,20220204,1.00,1,,,,,1.00,1,,,,2.00,1,1.00,1,1.00,1,,,,2.00,1,1.00,1,1.00,1,,,,1.00,1,0.00,,0.00,,,0.00,,,,,,0.00,,,0.00,,,,,,0.00,,,0.00,,,,,,0.00,,,,2.00,1.00,1.00,,0.00,,,1.00,,,,,,2.00,1,,3.00,,2.00,,,,0.00,,2.00,1,,,,,2.00,1,,5.00,1,,1.00,1,,,,,1.00,1,,,2,,3,,5-15 yrs,5-15 yrs,2,2,2,2,5,,0,,787417,6852,V,74.79,41.67,26.85,34.26,30.59,50.52,42.19,46.35,44.29,54.17,44.64,49.40,47.04,25.00
United Kingdom,GBR,Wales,UK_WAL,STATE_TOTAL,20220205,1.00,1,,,,,1.00,1,,,,2.00,1,1.00,1,1.00,1,"COVID passes    Beyond 28 January, COVID passes will still be required for entry to the following venues in Wales:    • Large events, cinemas, theatres and concert halls    • Unseated indoor venues with more than 500 people in the audience    • Any outdoor or indoor unseated venues with a capacity over 4,000    • Any event, of any nature, which has more than 10,000 people in attendance    People can get a COVID pass by getting two doses of a vaccine or a negative LFT test taken within the previous 24 hours.    http://web.archive.org/web/20220202142252/https://news.sky.com/story/covid-19-what-are-the-coronavirus-rules-across-the-uk-and-how-do-they-differ-in-england-scotland-wales-and-northern-ireland-12519865",,,2.00,1,1.00,1,1.00,1,"COVID passes    Beyond 28 January, COVID passes will still be required for entry to the following venues in Wales:    • Large events, cinemas, theatres and concert halls    • Unseated indoor venues with more than 500 people in the audience    • Any outdoor or indoor unseated venues with a capacity over 4,000    • Any event, of any nature, which has more than 10,000 people in attendance    People can get a COVID pass by getting two doses of a vaccine or a negative LFT test taken within the previous 24 hours.    http://web.archive.org/web/20220202142252/https://news.sky.com/story/covid-19-what-are-the-coronavirus-rules-across-the-uk-and-how-do-they-differ-in-england-scotland-wales-and-northern-ireland-12519865",,,1.00,1,0.00,,0.00,,,0.00,,,,,,0.00,,,0.00,,,,,,0.00,,,0.00,,,,,,0.00,,,,2.00,1.00,1.00,,0.00,,,1.00,,,,,,2.00,1,,3.00,,2.00,,,,0.00,,2.00,1,,,,,2.00,1,,5.00,1,,1.00,1,,,,,1.00,1,,,2,,3,,5-15 yrs,5-15 yrs,2,2,2,2,5,,0,,787417,6852,V,74.82,41.67,26.85,34.26,30.58,50.52,42.19,46.35,44.29,54.17,44.64,49.40,47.04,25.00
United Kingdom,GBR,Wales,UK_WAL,STATE_TOTAL,20220206,1.00,1,,,,,1.00,1,,,,2.00,1,1.00,1,1.00,1,,,,2.00,1,1.00,1,1.00,1,,,,1.00,1,0.00,,0.00,,,0.00,,,,,,0.00,,,0.00,,,,,,0.00,,,0.00,,,,,,0.00,,,,2.00,1.00,1.00,,0.00,,,1.00,,,,,,2.00,1,,3.00,,2.00,,,,0.00,,2.00,1,,,,,2.00,1,,5.00,1,,1.00,1,,,,,1.00,1,,,2,,3,,5-15 yrs,5-15 yrs,2,2,2,2,5,,0,,789285,6863,V,74.86,41.67,26.85,34.26,30.58,50.52,42.19,46.35,44.28,54.17,44.64,49.40,47.04,25.00
United Kingdom,GBR,Wales,UK_WAL,STATE_TOTAL,20220207,1.00,1,,,,,1.00,1,,,,2.00,1,1.00,1,1.00,1,,,,2.00,1,1.00,1,1.00,1,,,,1.00,1,0.00,,0.00,,,0.00,,,,,,0.00,,,0.00,,,,,,0.00,,,0.00,,,,,,0.00,,,,2.00,1.00,1.00,,0.00,,,1.00,,,,,,2.00,1,,3.00,,2.00,,,,0.00,,2.00,1,,,,,2.00,1,,5.00,1,,1.00,1,,,,,1.00,1,,,2,,3,,5-15 yrs,5-15 yrs,2,2,2,2,5,,0,,792667,6872,V,74.87,41.67,26.85,34.26,30.57,50.52,42.19,46.35,44.28,54.17,44.64,49.40,47.03,25.00
United Kingdom,GBR,Wales,UK_WAL,STATE_TOTAL,20220208,1.00,1,,,,,1.00,1,,,,2.00,1,1.00,1,1.00,1,,,,2.00,1,1.00,1,1.00,1,,,,1.00,1,0.00,,0.00,,,0.00,,,,,,0.00,,,0.00,,,,,,0.00,,,0.00,,,,,,0.00,,,,2.00,1.00,1.00,,0.00,,,1.00,,,,,,2.00,1,,3.00,,2.00,,,,0.00,,2.00,1,,,,,2.00,1,,5.00,1,,1.00,1,,,,,1.00,1,,,2,,3,,5-15 yrs,5-15 yrs,2,2,2,2,5,,0,,793773,6872,V,74.88,41.67,26.85,34.26,30.57,50.52,42.19,46.35,44.28,54.17,44.64,49.40,47.03,25.00
United Kingdom,GBR,Wales,UK_WAL,STATE_TOTAL,20220209,1.00,1,,,,,1.00,1,,,,2.00,1,1.00,1,1.00,1,,,,2.00,1,1.00,1,1.00,1,,,,1.00,1,0.00,,0.00,,,0.00,,,,,,0.00,,,0.00,,,,,,0.00,,,0.00,,,,,,0.00,,,,2.00,1.00,1.00,,0.00,,,1.00,,,,,,2.00,1,,3.00,,2.00,,,,0.00,,2.00,1,,,,,2.00,1,,5.00,1,,1.00,1,,,,,1.00,1,,,2,,3,,5-15 yrs,5-15 yrs,2,2,2,2,5,,0,,795161,6889,V,74.89,41.67,26.85,34.26,30.57,50.52,42.19,46.35,44.28,54.17,44.64,49.40,47.03,25.00
United Kingdom,GBR,Wales,UK_WAL,STATE_TOTAL,20220210,1.00,1,,,,,1.00,1,,,,2.00,1,1.00,1,1.00,1,,,,2.00,1,1.00,1,1.00,1,,,,1.00,1,0.00,,0.00,,,0.00,,,,,,0.00,,,0.00,,,,,,0.00,,,0.00,,,,,,0.00,,,,2.00,1.00,1.00,,0.00,,,1.00,,,,,,2.00,1,,3.00,,2.00,,,,0.00,,2.00,1,,,,,2.00,1,,5.00,1,,1.00,1,,,,,1.00,1,,,2,,3,,5-15 yrs,5-15 yrs,2,2,2,2,5,,0,,796922,6894,V,74.92,41.67,26.85,34.26,30.57,50.52,42.19,46.35,44.28,54.17,44.64,49.40,47.03,25.00
United Kingdom,GBR,Wales,UK_WAL,STATE_TOTAL,20220211,1.00,1,,,,,1.00,1,,,,2.00,1,1.00,1,1.00,1,,,,2.00,1,1.00,1,1.00,1,,,,1.00,1,0.00,,0.00,,,0.00,,,,,,0.00,,,0.00,,,,,,0.00,,,0.00,,,,,,0.00,,,,1.00,1.00,1.00,"11 February , this guidance applies to WALES  If you’re fully vaccinated, you no longer need to take a COVID-19 test either before or after arrival in Wales. You still need to complete a passenger locator form.    If you are not fully vaccinated, you need to take a pre-departure test and a PCR test on or before day 2 after you arrive in Wales. You do not need to quarantine unless the result of the PCR test is positive. You still need to complete a passenger locator form.      https://archive.vn/QGsHE    (Archived page shows England but text refers to 'Wales' selection)",0.00,,,1.00,,,,,,2.00,1,,3.00,,2.00,,,,0.00,,2.00,1,,,,,2.00,1,,5.00,1,,1.00,1,,,,,1.00,1,,,2,,3,,5-15 yrs,5-15 yrs,2,2,2,2,5,,0,,798821,6912,V,74.93,38.89,26.85,32.87,29.87,48.96,42.19,45.57,43.89,52.38,44.64,48.51,46.58,25.00
United Kingdom,GBR,Wales,UK_WAL,STATE_TOTAL,20220212,1.00,1,,,,,1.00,1,,,,2.00,1,1.00,1,1.00,1,,,,2.00,1,1.00,1,1.00,1,,,,1.00,1,0.00,,0.00,,,0.00,,,,,,0.00,,,0.00,,,,,,0.00,,,0.00,,,,,,0.00,,,,1.00,1.00,1.00,,0.00,,,1.00,,,,,,2.00,1,,3.00,,2.00,,,,0.00,,2.00,1,,,,,2.00,1,,5.00,1,,1.00,1,,,,,1.00,1,,,2,,3,,5-15 yrs,5-15 yrs,2,2,2,2,5,,0,,798821,6912,V,74.97,38.89,26.85,32.87,29.86,48.96,42.19,45.57,43.88,52.38,44.64,48.51,46.58,25.00
United Kingdom,GBR,Wales,UK_WAL,STATE_TOTAL,20220213,1.00,1,,,,,1.00,1,,,,2.00,1,1.00,1,1.00,1,,,,2.00,1,1.00,1,1.00,1,,,,1.00,1,0.00,,0.00,,,0.00,,,,,,0.00,,,0.00,,,,,,0.00,,,0.00,,,,,,0.00,,,,1.00,1.00,1.00,,0.00,,,1.00,,,,,,2.00,1,,3.00,,2.00,,,,0.00,,2.00,1,,,,,2.00,1,,5.00,1,,1.00,1,,,,,1.00,1,,,2,,3,,5-15 yrs,5-15 yrs,2,2,2,2,5,,0,,800316,6913,V,75.01,38.89,26.85,32.87,29.86,48.96,42.19,45.57,43.88,52.38,44.64,48.51,46.57,25.00
United Kingdom,GBR,Wales,UK_WAL,STATE_TOTAL,20220214,1.00,1,,,,,1.00,1,,,,2.00,1,1.00,1,1.00,1,,,,2.00,1,1.00,1,1.00,1,,,,1.00,1,0.00,,0.00,,,0.00,,,,,,0.00,,,0.00,,,,,,0.00,,,0.00,,,,,,0.00,,,,1.00,1.00,1.00,,0.00,,,1.00,,,,,,2.00,1,,3.00,,2.00,,,,0.00,,2.00,1,,,,,2.00,1,,5.00,1,,1.00,1,,,,,1.00,1,,,2,,3,,5-15 yrs,5-15 yrs,2,2,2,2,5,,0,,802438,6923,V,75.02,38.89,26.85,32.87,29.86,48.96,42.19,45.57,43.88,52.38,44.64,48.51,46.57,25.00
United Kingdom,GBR,Wales,UK_WAL,STATE_TOTAL,20220215,1.00,1,,,,,1.00,1,,,,2.00,1,1.00,1,1.00,1,,,,2.00,1,1.00,1,1.00,1,,,,1.00,1,0.00,,0.00,,,0.00,,,,,,0.00,,,0.00,,,,,,0.00,,,0.00,,,,,,0.00,,,,1.00,1.00,1.00,,0.00,,,1.00,,,,,,2.00,1,,3.00,,2.00,,,,0.00,,2.00,1,,,,,2.00,1,,5.00,1,,1.00,1,,,,,1.00,1,,,2,,3,,5-15 yrs,5-15 yrs,2,2,2,2,5,,0,,803360,6923,V,75.04,38.89,26.85,32.87,29.86,48.96,42.19,45.57,43.88,52.38,44.64,48.51,46.57,25.00
United Kingdom,GBR,Wales,UK_WAL,STATE_TOTAL,20220216,1.00,1,,,,,1.00,1,,,,2.00,1,1.00,1,1.00,1,,,,2.00,1,1.00,1,1.00,1,,,,1.00,1,0.00,,0.00,,,0.00,,,,,,0.00,,,0.00,,,,,,0.00,,,0.00,,,,,,0.00,,,,1.00,1.00,1.00,,0.00,,,1.00,,,,,,2.00,1,,3.00,,2.00,,,,0.00,,2.00,1,,,,,2.00,1,,5.00,1,,1.00,1,,,,,1.00,1,,,2,,3,,5-15 yrs,5-15 yrs,2,2,2,2,5,,0,,804484,6931,V,75.05,38.89,26.85,32.87,29.85,48.96,42.19,45.57,43.88,52.38,44.64,48.51,46.57,25.00
United Kingdom,GBR,Wales,UK_WAL,STATE_TOTAL,20220217,1.00,1,,,,,1.00,1,,,,2.00,1,1.00,1,1.00,1,,,,2.00,1,1.00,1,1.00,1,,,,1.00,1,0.00,,0.00,,,0.00,,,,,,0.00,,,0.00,,,,,,0.00,,,0.00,,,,,,0.00,,,,1.00,1.00,1.00,,0.00,,,1.00,,,,,,2.00,1,,3.00,,2.00,,,,0.00,,2.00,1,,,,,2.00,1,,5.00,1,,1.00,1,,,,,1.00,1,,,2,,3,,5-15 yrs,5-15 yrs,2,2,2,2,5,,0,,805836,6935,V,75.07,38.89,26.85,32.87,29.85,48.96,42.19,45.57,43.88,52.38,44.64,48.51,46.57,25.00
United Kingdom,GBR,Wales,UK_WAL,STATE_TOTAL,20220218,1.00,1,,,,,1.00,1,,0.00,,,,,,0.00,,"18 February , this guidance applies toWALES  You will no longer be legally required to show your NHS COVID Pass at venues and events    https://archive.vn/QGsHE    (Archived page shows England but text refers to 'Wales' selection)    Wales is to press ahead with scrapping self-isolation rules and the legal requirement to wear a mask in shops, buses and trains on Monday 28 March, until then still required in some businesses and public transport    http://web.archive.org/web/20220329112021/https://www.bbc.com/news/uk-wales-politics-60863358  ",0.00,,,,,,0.00,,"18 February , this guidance applies toWALES  You will no longer be legally required to show your NHS COVID Pass at venues and events    https://archive.vn/QGsHE    (Archived page shows England but text refers to 'Wales' selection)",0.00,,,,,,0.00,,"18 February , this guidance applies toWALES  You will no longer be legally required to show your NHS COVID Pass at venues and events    Formerly coded as 1 due to: The Covid Pass will continue to be required for entry to larger outdoor events attended by more than 4,000 people, if unseated, or 10,000 people when seated.    https://archive.vn/QGsHE    (Archived page shows England but text refers to 'Wales' selection)",0.00,,,,,,0.00,,,0.00,,,,,,0.00,,,0.00,,,,,,0.00,,,,1.00,1.00,1.00,,0.00,,,1.00,,,,,,2.00,1,,3.00,,2.00,,,,0.00,,2.00,1,,,,,2.00,1,,5.00,1,,1.00,1,,,,,1.00,1,,,2,,3,,5-15 yrs,5-15 yrs,2,2,2,2,5,,0,,807096,6943,V,75.08,17.59,17.59,17.59,17.59,36.98,36.98,36.98,36.98,38.69,38.69,38.69,38.69,25.00
United Kingdom,GBR,Wales,UK_WAL,STATE_TOTAL,20220219,1.00,1,,,,,1.00,1,,0.00,,,,,,0.00,,,0.00,,,,,,0.00,,,0.00,,,,,,0.00,,,0.00,,,,,,0.00,,,0.00,,,,,,0.00,,,0.00,,,,,,0.00,,,,1.00,1.00,1.00,,0.00,,,1.00,,,,,,2.00,1,,3.00,,2.00,,,,0.00,,2.00,1,,,,,2.00,1,,5.00,1,,1.00,1,,,,,1.00,1,,,2,,3,,5-15 yrs,5-15 yrs,2,2,2,2,5,,0,,807096,6943,V,75.12,17.59,17.59,17.59,17.59,36.98,36.98,36.98,36.98,38.69,38.69,38.69,38.69,25.00
United Kingdom,GBR,Wales,UK_WAL,STATE_TOTAL,20220220,1.00,1,,,,,1.00,1,,0.00,,,,,,0.00,,,0.00,,,,,,0.00,,,0.00,,,,,,0.00,,,0.00,,,,,,0.00,,,0.00,,,,,,0.00,,,0.00,,,,,,0.00,,,,1.00,1.00,1.00,,0.00,,,1.00,,,,,,2.00,1,,3.00,,2.00,,,,0.00,,2.00,1,,,,,2.00,1,,5.00,1,,1.00,1,,,,,1.00,1,,,2,,3,,5-15 yrs,5-15 yrs,2,2,2,2,5,,0,,807096,6943,V,75.13,17.59,17.59,17.59,17.59,36.98,36.98,36.98,36.98,38.69,38.69,38.69,38.69,25.00
United Kingdom,GBR,Wales,UK_WAL,STATE_TOTAL,20220221,1.00,1,,,,,1.00,1,,0.00,,,,,,0.00,,,0.00,,,,,,0.00,,,0.00,,,,,,0.00,,,0.00,,,,,,0.00,,,0.00,,,,,,0.00,,,0.00,,,,,,0.00,,,,1.00,1.00,1.00,,0.00,,,1.00,,,,,,2.00,1,,3.00,,2.00,,,,0.00,,2.00,1,,,,,2.00,1,,5.00,1,,1.00,1,,,,,1.00,1,,,2,,3,,5-15 yrs,5-15 yrs,2,2,2,2,5,,0,,808210,6944,V,75.15,17.59,17.59,17.59,17.59,36.98,36.98,36.98,36.98,38.69,38.69,38.69,38.69,25.00
United Kingdom,GBR,Wales,UK_WAL,STATE_TOTAL,20220222,1.00,1,,,,,1.00,1,,0.00,,,,,,0.00,,,0.00,,,,,,0.00,,,0.00,,,,,,0.00,,,0.00,,,,,,0.00,,,0.00,,,,,,0.00,,,0.00,,,,,,0.00,,,,1.00,1.00,1.00,,0.00,,,1.00,,,,,,2.00,1,,3.00,,2.00,,,,0.00,,2.00,1,,,,,2.00,1,,5.00,1,,1.00,1,,,,,1.00,1,,,2,,3,,5-15 yrs,5-15 yrs,2,2,2,2,5,,0,,809882,6956,V,75.17,17.59,17.59,17.59,17.59,36.98,36.98,36.98,36.98,38.69,38.69,38.69,38.69,25.00
United Kingdom,GBR,Wales,UK_WAL,STATE_TOTAL,20220223,1.00,1,,,,,1.00,1,,0.00,,,,,,0.00,,,0.00,,,,,,0.00,,,0.00,,,,,,0.00,,,0.00,,,,,,0.00,,,0.00,,,,,,0.00,,,0.00,,,,,,0.00,,,,1.00,1.00,1.00,,0.00,,,1.00,,,,,,2.00,1,,3.00,,2.00,,,,0.00,,2.00,1,,,,,2.00,1,,5.00,1,,1.00,1,,,,,1.00,1,,,2,,3,,5-15 yrs,5-15 yrs,2,2,2,2,5,,0,,810785,6961,V,75.19,17.59,17.59,17.59,17.59,36.98,36.98,36.98,36.98,38.69,38.69,38.69,38.69,25.00
United Kingdom,GBR,Wales,UK_WAL,STATE_TOTAL,20220224,1.00,1,,,,,1.00,1,,0.00,,,,,,0.00,,,0.00,,,,,,0.00,,,0.00,,,,,,0.00,,,0.00,,,,,,0.00,,,0.00,,,,,,0.00,,,0.00,,,,,,0.00,,,,1.00,1.00,1.00,,0.00,,,1.00,,,,,,2.00,1,,3.00,,2.00,,,,0.00,,2.00,1,,,,,2.00,1,,5.00,1,,1.00,1,,,,,1.00,1,,,2,,3,,5-15 yrs,5-15 yrs,2,2,2,2,5,,0,,811844,6969,V,75.20,17.59,17.59,17.59,17.59,36.98,36.98,36.98,36.98,38.69,38.69,38.69,38.69,25.00
United Kingdom,GBR,Wales,UK_WAL,STATE_TOTAL,20220225,0.00,,,,,,0.00,,"In Wales, schools are largely back to normal. Face coverings will no longer be required in classrooms after 28 February, but should still be worn in communal areas of secondary schools.    http://web.archive.org/web/20220225131929/https://www.bbc.com/news/education-51643556",0.00,,,,,,0.00,,,0.00,,,,,,0.00,,,0.00,,,,,,0.00,,,0.00,,,,,,0.00,,,0.00,,,,,,0.00,,,0.00,,,,,,0.00,,,,1.00,1.00,1.00,,0.00,,,1.00,,,,,,2.00,1,,3.00,,2.00,,,,0.00,,2.00,1,,,,,2.00,1,,5.00,1,,1.00,1,,,,,1.00,1,,,2,,3,,5-15 yrs,5-15 yrs,2,2,2,2,5,,0,,812699,6979,V,75.22,13.89,13.89,13.89,13.89,34.90,34.90,34.90,34.90,36.31,36.31,36.31,36.31,25.00
United Kingdom,GBR,Wales,UK_WAL,STATE_TOTAL,20220226,0.00,,,,,,0.00,,,0.00,,,,,,0.00,,,0.00,,,,,,0.00,,,0.00,,,,,,0.00,,,0.00,,,,,,0.00,,,0.00,,,,,,0.00,,,0.00,,,,,,0.00,,,,1.00,1.00,1.00,,0.00,,,1.00,,,,,,2.00,1,,3.00,,2.00,,,,0.00,,2.00,1,,,,,2.00,1,,5.00,1,,1.00,1,,,,,1.00,1,,,2,,3,,5-15 yrs,5-15 yrs,2,2,2,2,5,,0,,812699,6979,V,75.25,13.89,13.89,13.89,13.89,34.90,34.90,34.90,34.90,36.31,36.31,36.31,36.31,25.00
United Kingdom,GBR,Wales,UK_WAL,STATE_TOTAL,20220227,0.00,,,,,,0.00,,,0.00,,,,,,0.00,,,0.00,,,,,,0.00,,,0.00,,,,,,0.00,,,0.00,,,,,,0.00,,,0.00,,,,,,0.00,,,0.00,,,,,,0.00,,,,1.00,1.00,1.00,,0.00,,,1.00,,,,,,2.00,1,,3.00,,2.00,,,,0.00,,2.00,1,,,,,2.00,1,,5.00,1,,1.00,1,,,,,1.00,1,,,2,,3,,5-15 yrs,5-15 yrs,2,2,2,2,5,,0,,812699,6979,V,75.26,13.89,13.89,13.89,13.89,34.90,34.90,34.90,34.90,36.31,36.31,36.31,36.31,25.00
United Kingdom,GBR,Wales,UK_WAL,STATE_TOTAL,20220228,0.00,,,,,,0.00,,"Relaxation on school rules on 28 February    Minimal significant operational changes in place compared to before so value is now 0    From 28 February 2022, face coverings are no longer routinely recommended in classrooms. Face coverings should however be worn by staff visitors, and secondary aged learners when moving around indoor communal areas outside the classroom, such as corridors, where physical distance cannot be maintained. If anyone wishes to wear a face covering for personal reasons anywhere in the school they should be permitted to do so. This may help support their wider well-being, reduce anxiety and provide additional reassurance for some individuals alongside other mitigating measures.    Face coverings continue to be recommended to be worn by secondary aged learners on school transport.    http://web.archive.org/web/20220315230941/https://gov.wales/schools-coronavirus-guidance#section-78764",0.00,,,,,,0.00,,,0.00,,,,,,0.00,,,0.00,,,,,,0.00,,,0.00,,,,,,0.00,,,0.00,,,,,,0.00,,,0.00,,,,,,0.00,,,,1.00,1.00,1.00,,0.00,,,1.00,,,,,,2.00,1,,3.00,,2.00,,,,0.00,,2.00,1,,,,,2.00,1,,5.00,1,,1.00,1,,,,,1.00,1,,,2,,3,,5-15 yrs,5-15 yrs,2,2,2,2,5,,0,,813038,6983,V,75.27,13.89,13.89,13.89,13.89,34.90,34.90,34.90,34.90,36.31,36.31,36.31,36.31,25.00
United Kingdom,GBR,Wales,UK_WAL,STATE_TOTAL,20220301,0.00,,,,,,0.00,,,0.00,,,,,,0.00,,,0.00,,,,,,0.00,,,0.00,,,,,,0.00,,,0.00,,,,,,0.00,,,0.00,,,,,,0.00,,,0.00,,,,,,0.00,,,,1.00,1.00,1.00,,0.00,,,1.00,,,,,,2.00,1,,3.00,,2.00,,,,0.00,,2.00,1,,,,,2.00,1,,5.00,1,,1.00,1,,,,,1.00,1,,,2,,3,,5-15 yrs,5-15 yrs,2,2,2,2,5,,0,,815263,6993,V,75.29,13.89,13.89,13.89,13.89,34.90,34.90,34.90,34.90,36.31,36.31,36.31,36.31,25.00
United Kingdom,GBR,Wales,UK_WAL,STATE_TOTAL,20220302,0.00,,,,,,0.00,,,0.00,,,,,,0.00,,,0.00,,,,,,0.00,,,0.00,,,,,,0.00,,,0.00,,,,,,0.00,,,0.00,,,,,,0.00,,,0.00,,,,,,0.00,,,,1.00,1.00,1.00,,0.00,,,1.00,,,,,,2.00,1,,3.00,,2.00,,,,0.00,,2.00,1,,,,,2.00,1,,5.00,1,,1.00,1,,,,,1.00,1,,,2,,3,,5-15 yrs,5-15 yrs,2,2,2,2,5,,0,,816071,7001,V,75.30,13.89,13.89,13.89,13.89,34.90,34.90,34.90,34.90,36.31,36.31,36.31,36.31,25.00
United Kingdom,GBR,Wales,UK_WAL,STATE_TOTAL,20220303,0.00,,,,,,0.00,,,0.00,,,,,,0.00,,,0.00,,,,,,0.00,,,0.00,,,,,,0.00,,,0.00,,,,,,0.00,,,0.00,,,,,,0.00,,,0.00,,,,,,0.00,,,,1.00,1.00,1.00,,0.00,,,1.00,,,,,,2.00,1,,3.00,,2.00,,,,0.00,,2.00,1,,,,,2.00,1,,5.00,1,,1.00,1,,,,,1.00,1,,,2,,3,,5-15 yrs,5-15 yrs,2,2,2,2,5,,0,,816969,7012,V,75.32,13.89,13.89,13.89,13.89,34.90,34.90,34.90,34.90,36.31,36.31,36.31,36.31,25.00
United Kingdom,GBR,Wales,UK_WAL,STATE_TOTAL,20220304,0.00,,,,,,0.00,,,0.00,,,,,,0.00,,,0.00,,,,,,0.00,,,0.00,,,,,,0.00,,,0.00,,,,,,0.00,,,0.00,,,,,,0.00,,,0.00,,,,,,0.00,,,,1.00,1.00,1.00,,0.00,,,1.00,,,,,,2.00,1,,3.00,,2.00,,,,0.00,,2.00,1,,,,,2.00,1,,5.00,1,,1.00,1,,,,,1.00,1,,,2,,3,,5-15 yrs,5-15 yrs,2,2,2,2,5,,0,,818146,7015,V,75.33,13.89,13.89,13.89,13.89,34.90,34.90,34.90,34.90,36.31,36.31,36.31,36.31,25.00
United Kingdom,GBR,Wales,UK_WAL,STATE_TOTAL,20220305,0.00,,,,,,0.00,,,0.00,,,,,,0.00,,,0.00,,,,,,0.00,,,0.00,,,,,,0.00,,,0.00,,,,,,0.00,,,0.00,,,,,,0.00,,,0.00,,,,,,0.00,,,,1.00,1.00,1.00,,0.00,,,1.00,,,,,,2.00,1,,3.00,,2.00,,,,0.00,,2.00,1,,,,,2.00,1,,5.00,1,,1.00,1,,,,,1.00,1,,,2,,3,,5-15 yrs,5-15 yrs,2,2,2,2,5,,0,,818146,7015,V,75.36,13.89,13.89,13.89,13.89,34.90,34.90,34.90,34.90,36.31,36.31,36.31,36.31,25.00
United Kingdom,GBR,Wales,UK_WAL,STATE_TOTAL,20220306,0.00,,,,,,0.00,,,0.00,,,,,,0.00,,,0.00,,,,,,0.00,,,0.00,,,,,,0.00,,,0.00,,,,,,0.00,,,0.00,,,,,,0.00,,,0.00,,,,,,0.00,,,,1.00,1.00,1.00,,0.00,,,1.00,,,,,,2.00,1,,3.00,,2.00,,,,0.00,,2.00,1,,,,,2.00,1,,5.00,1,,1.00,1,,,,,1.00,1,,,2,,3,,5-15 yrs,5-15 yrs,2,2,2,2,5,,0,,818146,7015,V,75.37,13.89,13.89,13.89,13.89,34.90,34.90,34.90,34.90,36.31,36.31,36.31,36.31,25.00
United Kingdom,GBR,Wales,UK_WAL,STATE_TOTAL,20220307,0.00,,,,,,0.00,,,0.00,,,,,,0.00,,,0.00,,,,,,0.00,,,0.00,,,,,,0.00,,,0.00,,,,,,0.00,,,0.00,,,,,,0.00,,,0.00,,,,,,0.00,,,,1.00,1.00,1.00,,0.00,,,1.00,,,,,,2.00,1,,3.00,,2.00,,,,0.00,,2.00,1,,,,,2.00,1,,5.00,1,,1.00,1,,,,,1.00,1,,,2,,3,,5-15 yrs,5-15 yrs,2,2,2,2,5,,0,,819169,7017,V,75.39,13.89,13.89,13.89,13.89,34.90,34.90,34.90,34.90,36.31,36.31,36.31,36.31,25.00
United Kingdom,GBR,Wales,UK_WAL,STATE_TOTAL,20220308,0.00,,,,,,0.00,,,0.00,,,,,,0.00,,,0.00,,,,,,0.00,,,0.00,,,,,,0.00,,,0.00,,,,,,0.00,,,0.00,,,,,,0.00,,,0.00,,,,,,0.00,,,,1.00,1.00,1.00,,0.00,,,1.00,,,,,,2.00,1,,3.00,,2.00,,,,0.00,,2.00,1,,,,,2.00,1,,5.00,1,,1.00,1,,,,,1.00,1,,,2,,3,,5-15 yrs,5-15 yrs,2,2,2,2,5,,0,,821797,7033,V,75.41,13.89,13.89,13.89,13.89,34.90,34.90,34.90,34.90,36.31,36.31,36.31,36.31,25.00
United Kingdom,GBR,Wales,UK_WAL,STATE_TOTAL,20220309,0.00,,,,,,0.00,,,0.00,,,,,,0.00,,,0.00,,,,,,0.00,,,0.00,,,,,,0.00,,,0.00,,,,,,0.00,,,0.00,,,,,,0.00,,,0.00,,,,,,0.00,,,,1.00,1.00,1.00,,0.00,,,1.00,,,,,,2.00,1,,3.00,,2.00,,,,0.00,,2.00,1,,,,,2.00,1,,5.00,1,,1.00,1,,,,,1.00,1,,,2,,3,,5-15 yrs,5-15 yrs,2,2,2,2,5,,0,,822937,7039,V,75.44,13.89,13.89,13.89,13.89,34.90,34.90,34.90,34.90,36.31,36.31,36.31,36.31,25.00
United Kingdom,GBR,Wales,UK_WAL,STATE_TOTAL,20220310,0.00,,,,,,0.00,,,0.00,,,,,,0.00,,,0.00,,,,,,0.00,,,0.00,,,,,,0.00,,,0.00,,,,,,0.00,,,0.00,,,,,,0.00,,,0.00,,,,,,0.00,,,,1.00,1.00,1.00,,0.00,,,1.00,,,,,,2.00,1,,3.00,,2.00,,,,0.00,,2.00,1,,,,,2.00,1,,5.00,1,,1.00,1,,,,,1.00,1,,,2,,3,,5-15 yrs,5-15 yrs,2,2,2,2,5,,0,,824485,7041,V,75.45,13.89,13.89,13.89,13.89,34.90,34.90,34.90,34.90,36.31,36.31,36.31,36.31,25.00
United Kingdom,GBR,Wales,UK_WAL,STATE_TOTAL,20220311,0.00,,,,,,0.00,,,0.00,,,,,,0.00,,,0.00,,,,,,0.00,,,0.00,,,,,,0.00,,,0.00,,,,,,0.00,,,0.00,,,,,,0.00,,,0.00,,,,,,0.00,,,,1.00,1.00,1.00,,0.00,,,1.00,,,,,,2.00,1,,3.00,,2.00,,,,0.00,,2.00,1,,,,,2.00,1,,5.00,1,,1.00,1,,,,,1.00,1,,,2,,3,,5-15 yrs,5-15 yrs,2,2,2,2,5,,0,,826010,7045,V,75.47,13.89,13.89,13.89,13.89,34.90,34.90,34.90,34.90,36.31,36.31,36.31,36.31,25.00
United Kingdom,GBR,Wales,UK_WAL,STATE_TOTAL,20220312,0.00,,,,,,0.00,,,0.00,,,,,,0.00,,,0.00,,,,,,0.00,,,0.00,,,,,,0.00,,,0.00,,,,,,0.00,,,0.00,,,,,,0.00,,,0.00,,,,,,0.00,,,,1.00,1.00,1.00,,0.00,,,1.00,,,,,,2.00,1,,3.00,,2.00,,,,0.00,,2.00,1,,,,,2.00,1,,5.00,1,,1.00,1,,,,,1.00,1,,,2,,3,,5-15 yrs,5-15 yrs,2,2,2,2,5,,0,,826010,7045,V,75.48,13.89,13.89,13.89,13.89,34.90,34.90,34.90,34.90,36.31,36.31,36.31,36.31,25.00
United Kingdom,GBR,Wales,UK_WAL,STATE_TOTAL,20220313,0.00,,,,,,0.00,,,0.00,,,,,,0.00,,,0.00,,,,,,0.00,,,0.00,,,,,,0.00,,,0.00,,,,,,0.00,,,0.00,,,,,,0.00,,,0.00,,,,,,0.00,,,,1.00,1.00,1.00,,0.00,,,1.00,,,,,,2.00,1,,3.00,,2.00,,,,0.00,,2.00,1,,,,,2.00,1,,5.00,1,,1.00,1,,,,,1.00,1,,,2,,3,,5-15 yrs,5-15 yrs,2,2,2,2,5,,0,,826010,7045,V,75.50,13.89,13.89,13.89,13.89,34.90,34.90,34.90,34.90,36.31,36.31,36.31,36.31,25.00
United Kingdom,GBR,Wales,UK_WAL,STATE_TOTAL,20220314,0.00,,,,,,0.00,,,0.00,,,,,,0.00,,,0.00,,,,,,0.00,,,0.00,,,,,,0.00,,,0.00,,,,,,0.00,,,0.00,,,,,,0.00,,,0.00,,,,,,0.00,,,,1.00,1.00,1.00,,0.00,,,1.00,,,,,,2.00,1,,3.00,,2.00,,,,0.00,,2.00,1,,,,,2.00,1,,5.00,1,,1.00,1,,,,,1.00,1,,,2,,3,,5-15 yrs,5-15 yrs,2,2,2,2,5,,0,,827518,7048,V,75.51,13.89,13.89,13.89,13.89,34.90,34.90,34.90,34.90,36.31,36.31,36.31,36.31,25.00
United Kingdom,GBR,Wales,UK_WAL,STATE_TOTAL,20220315,0.00,,,,,,0.00,,,0.00,,,,,,0.00,,,0.00,,,,,,0.00,,,0.00,,,,,,0.00,,,0.00,,,,,,0.00,,,0.00,,,,,,0.00,,,0.00,,,,,,0.00,,,,1.00,1.00,1.00,,0.00,,,1.00,,,,,,2.00,1,,3.00,,2.00,,,,0.00,,2.00,1,,,,,2.00,1,,5.00,1,,1.00,1,,,,,1.00,1,,,2,,3,,5-15 yrs,5-15 yrs,2,2,2,2,5,,0,,831632,7050,V,75.53,13.89,13.89,13.89,13.89,34.90,34.90,34.90,34.90,36.31,36.31,36.31,36.31,25.00
United Kingdom,GBR,Wales,UK_WAL,STATE_TOTAL,20220316,0.00,,,,,,0.00,,,0.00,,,,,,0.00,,,0.00,,,,,,0.00,,,0.00,,,,,,0.00,,,0.00,,,,,,0.00,,,0.00,,,,,,0.00,,,0.00,,,,,,0.00,,,,1.00,1.00,1.00,,0.00,,,1.00,,,,,,2.00,1,,3.00,,2.00,,,,0.00,,2.00,1,,,,,2.00,1,,5.00,1,,1.00,1,,,,,1.00,1,,,2,,3,,5-15 yrs,5-15 yrs,2,2,2,2,5,,0,,833509,7051,V,75.54,13.89,13.89,13.89,13.89,34.90,34.90,34.90,34.90,36.31,36.31,36.31,36.31,25.00
United Kingdom,GBR,Wales,UK_WAL,STATE_TOTAL,20220317,0.00,,,,,,0.00,,,0.00,,,,,,0.00,,,0.00,,,,,,0.00,,,0.00,,,,,,0.00,,,0.00,,,,,,0.00,,,0.00,,,,,,0.00,,,0.00,,,,,,0.00,,,,1.00,1.00,1.00,,0.00,,,1.00,,,,,,2.00,1,,3.00,,2.00,,,,0.00,,2.00,1,,,,,2.00,1,,5.00,1,,1.00,1,,,,,1.00,1,,,2,,3,,5-15 yrs,5-15 yrs,2,2,2,2,5,,0,,835770,7058,V,75.56,13.89,13.89,13.89,13.89,34.90,34.90,34.90,34.90,36.31,36.31,36.31,36.31,25.00
United Kingdom,GBR,Wales,UK_WAL,STATE_TOTAL,20220318,0.00,,,,,,0.00,,,0.00,,,,,,0.00,,,0.00,,,,,,0.00,,,0.00,,,,,,0.00,,,0.00,,,,,,0.00,,,0.00,,,,,,0.00,,,0.00,,,,,,0.00,,,0.00,,,0.00,"The transport secretary has confirmed that all remaining Covid travel measures will be scrapped.    Currently, everyone travelling to the UK must complete a passenger locator form before they arrive.    Travellers who are not fully vaccinated have to take a Covid test before departure, fill in the form, and book and pay for a PCR test after arriving.    Grant Shapps confirmed in a tweet that these rules will end at 04:00 on Friday.     Welsh Health Minister Eluned Morgan said she was doing so ""reluctantly"" - and was ""extremely disappointed"" that testing requirements and the passenger location form were being ditched.    http://web.archive.org/web/20220318104124/https://www.bbc.com/news/business-60741158",0.00,,,1.00,,,,,,2.00,1,,3.00,,2.00,,,,0.00,,2.00,1,,,,,2.00,1,,5.00,1,,1.00,1,,,,,1.00,1,,,2,,3,,5-15 yrs,5-15 yrs,2,2,2,2,5,,0,,837705,7066,V,75.57,11.11,11.11,11.11,11.11,33.33,33.33,33.33,33.33,34.52,34.52,34.52,34.52,25.00
United Kingdom,GBR,Wales,UK_WAL,STATE_TOTAL,20220319,0.00,,,,,,0.00,,,0.00,,,,,,0.00,,,0.00,,,,,,0.00,,,0.00,,,,,,0.00,,,0.00,,,,,,0.00,,,0.00,,,,,,0.00,,,0.00,,,,,,0.00,,,0.00,,,0.00,,0.00,,,1.00,,,,,,2.00,1,,3.00,,2.00,,,,0.00,,2.00,1,,,,,2.00,1,,5.00,1,,1.00,1,,,,,1.00,1,,,2,,3,,5-15 yrs,5-15 yrs,2,2,2,2,5,,0,,837705,7066,V,75.58,11.11,11.11,11.11,11.11,33.33,33.33,33.33,33.33,34.52,34.52,34.52,34.52,25.00
United Kingdom,GBR,Wales,UK_WAL,STATE_TOTAL,20220320,0.00,,,,,,0.00,,,0.00,,,,,,0.00,,,0.00,,,,,,0.00,,,0.00,,,,,,0.00,,,0.00,,,,,,0.00,,,0.00,,,,,,0.00,,,0.00,,,,,,0.00,,,0.00,,,0.00,,0.00,,,1.00,,,,,,2.00,1,,3.00,,2.00,,,,0.00,,2.00,1,,,,,2.00,1,,5.00,1,,1.00,1,,,,,1.00,1,,,2,,3,,5-15 yrs,5-15 yrs,2,2,2,2,5,,0,,837705,7066,V,75.60,11.11,11.11,11.11,11.11,33.33,33.33,33.33,33.33,34.52,34.52,34.52,34.52,25.00
United Kingdom,GBR,Wales,UK_WAL,STATE_TOTAL,20220321,0.00,,,,,,0.00,,,0.00,,,,,,0.00,,,0.00,,,,,,0.00,,,0.00,,,,,,0.00,,,0.00,,,,,,0.00,,,0.00,,,,,,0.00,,,0.00,,,,,,0.00,,,0.00,,,0.00,,0.00,,,1.00,,,,,,2.00,1,,3.00,,2.00,,,,0.00,,2.00,1,,,,,2.00,1,,5.00,1,,1.00,1,,,,,1.00,1,,,2,,3,,5-15 yrs,5-15 yrs,2,2,2,2,5,,0,,840270,7070,V,75.61,11.11,11.11,11.11,11.11,33.33,33.33,33.33,33.33,34.52,34.52,34.52,34.52,25.00
United Kingdom,GBR,Wales,UK_WAL,STATE_TOTAL,20220322,0.00,,,,,,0.00,,,0.00,,,,,,0.00,,,0.00,,,,,,0.00,,,0.00,,,,,,0.00,,,0.00,,,,,,0.00,,,0.00,,,,,,0.00,,,0.00,,,,,,0.00,,,0.00,,,0.00,,0.00,,,1.00,,,,,,2.00,1,,3.00,,2.00,,,,0.00,,2.00,1,,,,,2.00,1,,5.00,1,,1.00,1,,,,,1.00,1,,,2,,3,,5-15 yrs,5-15 yrs,2,2,2,2,5,,0,,845179,7075,V,75.62,11.11,11.11,11.11,11.11,33.33,33.33,33.33,33.33,34.52,34.52,34.52,34.52,25.00
United Kingdom,GBR,Wales,UK_WAL,STATE_TOTAL,20220323,0.00,,,,,,0.00,,,0.00,,,,,,0.00,,,0.00,,,,,,0.00,,,0.00,,,,,,0.00,,,0.00,,,,,,0.00,,,0.00,,,,,,0.00,,,0.00,,,,,,0.00,,,0.00,,,0.00,,0.00,,,1.00,,,,,,2.00,1,,3.00,,2.00,,,,0.00,,2.00,1,,,,,2.00,1,,5.00,1,,1.00,1,,,,,1.00,1,,,2,,3,,5-15 yrs,5-15 yrs,2,2,2,2,5,,0,,847055,7090,V,75.63,11.11,11.11,11.11,11.11,33.33,33.33,33.33,33.33,34.52,34.52,34.52,34.52,25.00
United Kingdom,GBR,Wales,UK_WAL,STATE_TOTAL,20220324,0.00,,,,,,0.00,,,0.00,,,,,,0.00,,,0.00,,,,,,0.00,,,0.00,,,,,,0.00,,,0.00,,,,,,0.00,,,0.00,,,,,,0.00,,,0.00,,,,,,0.00,,,0.00,,,0.00,,0.00,,,1.00,,,,,,2.00,1,,3.00,,2.00,,,,0.00,,2.00,1,,,,,2.00,1,,5.00,1,,1.00,1,,,,,1.00,1,,,2,,3,,5-15 yrs,5-15 yrs,2,2,2,2,5,,0,,849797,7092,V,75.64,11.11,11.11,11.11,11.11,33.33,33.33,33.33,33.33,34.52,34.52,34.52,34.52,25.00
United Kingdom,GBR,Wales,UK_WAL,STATE_TOTAL,20220325,0.00,,,,,,0.00,,,0.00,,,,,,0.00,,,0.00,,,,,,0.00,,,0.00,,,,,,0.00,,,0.00,,,,,,0.00,,,0.00,,,,,,0.00,,,0.00,,,,,,0.00,,,0.00,,,0.00,,0.00,,,1.00,,,,,,2.00,1,,3.00,,2.00,,,,0.00,,2.00,1,,,,,2.00,1,,5.00,1,,1.00,1,,,,,1.00,1,,,2,,3,,5-15 yrs,5-15 yrs,2,2,2,2,5,,0,,851925,7095,V,75.65,11.11,11.11,11.11,11.11,33.33,33.33,33.33,33.33,34.52,34.52,34.52,34.52,25.00
United Kingdom,GBR,Wales,UK_WAL,STATE_TOTAL,20220326,0.00,,,,,,0.00,,,0.00,,,,,,0.00,,,0.00,,,,,,0.00,,,0.00,,,,,,0.00,,,0.00,,,,,,0.00,,,0.00,,,,,,0.00,,,0.00,,,,,,0.00,,,0.00,,,0.00,,0.00,,,1.00,,,,,,2.00,1,,3.00,,2.00,,,,0.00,,2.00,1,,,,,2.00,1,,5.00,1,,1.00,1,,,,,1.00,1,,,2,,3,,5-15 yrs,5-15 yrs,2,2,2,2,5,,0,,851925,7095,V,75.66,11.11,11.11,11.11,11.11,33.33,33.33,33.33,33.33,34.52,34.52,34.52,34.52,25.00
United Kingdom,GBR,Wales,UK_WAL,STATE_TOTAL,20220327,0.00,,,,,,0.00,,,0.00,,,,,,0.00,,,0.00,,,,,,0.00,,,0.00,,,,,,0.00,,,0.00,,,,,,0.00,,,0.00,,,,,,0.00,,,0.00,,,,,,0.00,,,0.00,,,0.00,,0.00,,,1.00,,,,,,2.00,1,,3.00,,2.00,,,,0.00,,2.00,1,,,,,2.00,1,,5.00,1,,1.00,1,,,,,1.00,1,,,2,,3,,5-15 yrs,5-15 yrs,2,2,2,2,5,,0,,851925,7095,V,75.67,11.11,11.11,11.11,11.11,33.33,33.33,33.33,33.33,34.52,34.52,34.52,34.52,25.00
United Kingdom,GBR,Wales,UK_WAL,STATE_TOTAL,20220328,0.00,,,,,,0.00,,,0.00,,,,,,0.00,,"Wales is to press ahead with scrapping self-isolation rules and the legal requirement to wear a mask in shops, buses and trains on Monday 28 March,     http://web.archive.org/web/20220329112021/https://www.bbc.com/news/uk-wales-politics-60863358  ",0.00,,,,,,0.00,,,0.00,,,,,,0.00,,,0.00,,,,,,0.00,,"Wales is to press ahead with scrapping self-isolation rules and the legal requirement to wear a mask in shops, buses and trains on Monday 28 March,     http://web.archive.org/web/20220329112021/https://www.bbc.com/news/uk-wales-politics-60863358  ",0.00,,,,,,0.00,,,0.00,,,,,,0.00,,,0.00,,,0.00,,0.00,,,1.00,,,,,,2.00,1,,3.00,,2.00,,,,0.00,,2.00,1,,,,,2.00,1,"Legal requirement to wear a mask in shops, buses and trains on Monday.    Face coverings will only be legally required in health and social care.    http://web.archive.org/web/20220329112021/https://www.bbc.com/news/uk-wales-politics-60863358",5.00,1,,1.00,1,,,,,1.00,1,,,2,,3,,5-15 yrs,5-15 yrs,2,2,2,2,5,,0,,854130,7122,V,75.69,11.11,11.11,11.11,11.11,33.33,33.33,33.33,33.33,34.52,34.52,34.52,34.52,25.00
United Kingdom,GBR,Wales,UK_WAL,STATE_TOTAL,20220329,0.00,,,,,,0.00,,,0.00,,,,,,0.00,,,0.00,,,,,,0.00,,,0.00,,,,,,0.00,,,0.00,,,,,,0.00,,,0.00,,,,,,0.00,,,0.00,,,,,,0.00,,,0.00,,,0.00,,0.00,,,1.00,"Self-isolation support payments of £500 will continue to be available until June.    http://web.archive.org/web/20220329111757/https://www.walesonline.co.uk/news/politics/major-changes-covid-testing-wales-23523899",,,,,2.00,1,,3.00,,2.00,,,,0.00,,2.00,1,,,,,2.00,1,,5.00,1,,1.00,1,,,,,1.00,1,,,2,,3,,5-15 yrs,5-15 yrs,2,2,2,2,5,,0,,858983,7126,V,75.70,11.11,11.11,11.11,11.11,33.33,33.33,33.33,33.33,34.52,34.52,34.52,34.52,25.00
United Kingdom,GBR,Wales,UK_WAL,STATE_TOTAL,20220330,0.00,,,,,,0.00,,,0.00,,,,,,0.00,,,0.00,,,,,,0.00,,,0.00,,,,,,0.00,,,0.00,,,,,,0.00,,,0.00,,,,,,0.00,,,0.00,,,,,,0.00,,,0.00,,,0.00,,0.00,,,1.00,,,,,,2.00,1,,2.00,,2.00,,,,0.00,,2.00,1,,,,,2.00,1,,5.00,1,,1.00,1,,,,,1.00,1,,,2,,3,,5-15 yrs,5-15 yrs,2,2,2,2,5,,0,,860727,7144,V,75.71,11.11,11.11,11.11,11.11,31.25,31.25,31.25,31.25,32.14,32.14,32.14,32.14,25.00
United Kingdom,GBR,Wales,UK_WAL,STATE_TOTAL,20220331,0.00,,,,,,0.00,,,0.00,,,,,,0.00,,,0.00,,,,,,0.00,,,0.00,,,,,,0.00,,,0.00,,,,,,0.00,,,0.00,,,,,,0.00,,,0.00,,,,,,0.00,,,0.00,,,0.00,,0.00,,,1.00,,,,,,2.00,1,,2.00,,2.00,,,,0.00,,2.00,1,,,,,2.00,1,,5.00,1,,1.00,1,,,,,1.00,1,,,2,,3,,5-15 yrs,5-15 yrs,2,2,2,2,5,,0,,862106,7162,V,75.74,11.11,11.11,11.11,11.11,31.25,31.25,31.25,31.25,32.14,32.14,32.14,32.14,25.00
United Kingdom,GBR,Wales,UK_WAL,STATE_TOTAL,20220401,0.00,,,,,,0.00,,,0.00,,,,,,0.00,,,0.00,,,,,,0.00,,,0.00,,,,,,0.00,,,0.00,,,,,,0.00,,,0.00,,,,,,0.00,,,0.00,,,,,,0.00,,,0.00,,,0.00,,0.00,,,1.00,,,,,,2.00,1,,2.00,,2.00,,,,0.00,,2.00,1,,,,,2.00,1,,5.00,1,,1.00,1,,,,,1.00,1,,,2,,3,,5-15 yrs,5-15 yrs,2,2,2,2,5,,0,,863544,7172,V,75.76,11.11,11.11,11.11,11.11,31.25,31.25,31.25,31.25,32.14,32.14,32.14,32.14,25.00
United Kingdom,GBR,Wales,UK_WAL,STATE_TOTAL,20220402,0.00,,,,,,0.00,,,0.00,,,,,,0.00,,,0.00,,,,,,0.00,,,0.00,,,,,,0.00,,,0.00,,,,,,0.00,,,0.00,,,,,,0.00,,,0.00,,,,,,0.00,,,0.00,,,0.00,,0.00,,,1.00,,,,,,2.00,1,,2.00,,2.00,,,,0.00,,2.00,1,,,,,2.00,1,,5.00,1,,1.00,1,,,,,1.00,1,,,2,,3,,5-15 yrs,5-15 yrs,2,2,2,2,5,,0,,863544,7172,V,75.77,11.11,11.11,11.11,11.11,31.25,31.25,31.25,31.25,32.14,32.14,32.14,32.14,25.00
United Kingdom,GBR,Wales,UK_WAL,STATE_TOTAL,20220403,0.00,,,,,,0.00,,,0.00,,,,,,0.00,,,0.00,,,,,,0.00,,,0.00,,,,,,0.00,,,0.00,,,,,,0.00,,,0.00,,,,,,0.00,,,0.00,,,,,,0.00,,,0.00,,,0.00,,0.00,,,1.00,,,,,,2.00,1,,2.00,,2.00,,,,0.00,,2.00,1,,,,,2.00,1,,5.00,1,,1.00,1,,,,,1.00,1,,,2,,3,,5-15 yrs,5-15 yrs,2,2,2,2,5,,0,,863544,7172,V,75.78,11.11,11.11,11.11,11.11,31.25,31.25,31.25,31.25,32.14,32.14,32.14,32.14,25.00
United Kingdom,GBR,Wales,UK_WAL,STATE_TOTAL,20220404,0.00,,,,,,0.00,,,0.00,,,,,,0.00,,,0.00,,,,,,0.00,,,0.00,,,,,,0.00,,,0.00,,,,,,0.00,,,0.00,,,,,,0.00,,,0.00,,,,,,0.00,,,0.00,,,0.00,,0.00,,,1.00,,,,,,2.00,1,,2.00,,2.00,,,,0.00,,2.00,1,,,,,2.00,1,,5.00,1,,1.00,1,,,,,1.00,1,,,2,,3,,5-15 yrs,5-15 yrs,2,2,2,2,5,,0,,865029,7179,V,75.79,11.11,11.11,11.11,11.11,31.25,31.25,31.25,31.25,32.14,32.14,32.14,32.14,25.00
United Kingdom,GBR,Wales,UK_WAL,STATE_TOTAL,20220405,0.00,,,,,,0.00,,,0.00,,,,,,0.00,,,0.00,,,,,,0.00,,,0.00,,,,,,0.00,,,0.00,,,,,,0.00,,,0.00,,,,,,0.00,,,0.00,,,,,,0.00,,,0.00,,,0.00,,0.00,,,1.00,,,,,,2.00,1,,2.00,,2.00,,,,0.00,,2.00,1,,,,,2.00,1,,5.00,1,,1.00,1,,,,,1.00,1,,,2,,3,,5-15 yrs,5-15 yrs,2,2,2,2,5,,0,,866863,7186,V,75.80,11.11,11.11,11.11,11.11,31.25,31.25,31.25,31.25,32.14,32.14,32.14,32.14,25.00
United Kingdom,GBR,Wales,UK_WAL,STATE_TOTAL,20220406,0.00,,,,,,0.00,,,0.00,,,,,,0.00,,,0.00,,,,,,0.00,,,0.00,,,,,,0.00,,,0.00,,,,,,0.00,,,0.00,,,,,,0.00,,,0.00,,,,,,0.00,,,0.00,,,0.00,,0.00,,,1.00,,,,,,2.00,1,,2.00,,2.00,,,,0.00,,2.00,1,,,,,2.00,1,,5.00,1,,1.00,1,,,,,1.00,1,,,2,,3,,5-15 yrs,5-15 yrs,2,2,2,2,5,,0,,867254,7202,V,75.81,11.11,11.11,11.11,11.11,31.25,31.25,31.25,31.25,32.14,32.14,32.14,32.14,25.00
United Kingdom,GBR,Wales,UK_WAL,STATE_TOTAL,20220407,0.00,,,,,,0.00,,,0.00,,,,,,0.00,,,0.00,,,,,,0.00,,,0.00,,,,,,0.00,,,0.00,,,,,,0.00,,,0.00,,,,,,0.00,,,0.00,,,,,,0.00,,,0.00,,,0.00,,0.00,,,1.00,,,,,,2.00,1,,2.00,,2.00,,,,0.00,,2.00,1,,,,,2.00,1,,5.00,1,,1.00,1,,,,,1.00,1,,,2,,3,,5-15 yrs,5-15 yrs,2,2,2,2,5,,0,,867791,7207,V,75.83,11.11,11.11,11.11,11.11,31.25,31.25,31.25,31.25,32.14,32.14,32.14,32.14,25.00
United Kingdom,GBR,Wales,UK_WAL,STATE_TOTAL,20220408,0.00,,,,,,0.00,,,0.00,,,,,,0.00,,,0.00,,,,,,0.00,,,0.00,,,,,,0.00,,,0.00,,,,,,0.00,,,0.00,,,,,,0.00,,,0.00,,,,,,0.00,,,0.00,,,0.00,,0.00,,,1.00,,,,,,2.00,1,,2.00,,2.00,,,,0.00,,2.00,1,,,,,2.00,1,,5.00,1,,1.00,1,,,,,1.00,1,,,2,,3,,5-15 yrs,5-15 yrs,2,2,2,2,5,,0,,868195,7212,V,75.85,11.11,11.11,11.11,11.11,31.25,31.25,31.25,31.25,32.14,32.14,32.14,32.14,25.00
United Kingdom,GBR,Wales,UK_WAL,STATE_TOTAL,20220409,0.00,,,,,,0.00,,"Face covering policies in schools remain in place      http://web.archive.org/web/20220420091243/https://gov.wales/schools-coronavirus-guidance",0.00,,,,,,0.00,,,0.00,,,,,,0.00,,,0.00,,,,,,0.00,,,0.00,,,,,,0.00,,,0.00,,,,,,0.00,,,0.00,,,,,,0.00,,,0.00,,,0.00,,0.00,,,1.00,,,,,,2.00,1,,2.00,,2.00,,,,0.00,,2.00,1,,,,,2.00,1,"From 18 April  face coverings remain a legal requirement in health and care settings    From 9 May  if the current public health situation remains stable, the remaining restriction will be removed    http://web.archive.org/web/20220420091442/https://gov.wales/coronavirus",5.00,1,,1.00,1,,,,,1.00,1,"Some measures remain in place in elderly care homes  http://web.archive.org/web/20220420091644/https://gov.wales/infection-prevention-and-control-social-care-social-care-transition-plan-html",,2,,3,,5-15 yrs,5-15 yrs,2,2,2,2,5,,0,,868195,7212,V,75.86,11.11,11.11,11.11,11.11,31.25,31.25,31.25,31.25,32.14,32.14,32.14,32.14,25.00
United Kingdom,GBR,Wales,UK_WAL,STATE_TOTAL,20220410,0.00,,,,,,0.00,,,0.00,,,,,,0.00,,,0.00,,,,,,0.00,,,0.00,,,,,,0.00,,,0.00,,,,,,0.00,,,0.00,,,,,,0.00,,,0.00,,,,,,0.00,,,0.00,,,0.00,,0.00,,,1.00,,,,,,2.00,1,,2.00,,2.00,,,,0.00,,2.00,1,,,,,2.00,1,,5.00,1,,1.00,1,,,,,1.00,1,,,2,,3,,5-15 yrs,5-15 yrs,2,2,2,2,5,,0,,868195,7212,V,75.87,11.11,11.11,11.11,11.11,31.25,31.25,31.25,31.25,32.14,32.14,32.14,32.14,25.00
United Kingdom,GBR,Wales,UK_WAL,STATE_TOTAL,20220411,0.00,,,,,,0.00,,,0.00,,,,,,0.00,,,0.00,,,,,,0.00,,,0.00,,,,,,0.00,,,0.00,,,,,,0.00,,,0.00,,,,,,0.00,,,0.00,,,,,,0.00,,,0.00,,,0.00,,0.00,,,1.00,,,,,,2.00,1,,2.00,,2.00,,,,0.00,,2.00,1,,,,,2.00,1,,5.00,1,,1.00,1,,,,,1.00,1,,,2,,3,,5-15 yrs,5-15 yrs,2,2,2,2,5,,0,,868568,7225,V,75.89,11.11,11.11,11.11,11.11,31.25,31.25,31.25,31.25,32.14,32.14,32.14,32.14,25.00
United Kingdom,GBR,Wales,UK_WAL,STATE_TOTAL,20220412,0.00,,,,,,0.00,,,0.00,,,,,,0.00,,,0.00,,,,,,0.00,,,0.00,,,,,,0.00,,,0.00,,,,,,0.00,,,0.00,,,,,,0.00,,,0.00,,,,,,0.00,,,0.00,,,0.00,,0.00,,,1.00,,,,,,2.00,1,,2.00,,2.00,,,,0.00,,2.00,1,,,,,2.00,1,,5.00,1,,1.00,1,,,,,1.00,1,,,2,,3,,5-15 yrs,5-15 yrs,2,2,2,2,5,,0,,869272,7240,V,75.90,11.11,11.11,11.11,11.11,31.25,31.25,31.25,31.25,32.14,32.14,32.14,32.14,25.00
United Kingdom,GBR,Wales,UK_WAL,STATE_TOTAL,20220413,0.00,,,,,,0.00,,,0.00,,,,,,0.00,,,0.00,,,,,,0.00,,,0.00,,,,,,0.00,,,0.00,,,,,,0.00,,,0.00,,,,,,0.00,,,0.00,,,,,,0.00,,,0.00,,,0.00,,0.00,,,1.00,,,,,,2.00,1,,2.00,,2.00,,,,0.00,,2.00,1,,,,,2.00,1,,5.00,1,,1.00,1,,,,,1.00,1,,,2,,3,,5-15 yrs,5-15 yrs,2,2,2,2,5,,0,,869580,7245,V,75.91,11.11,11.11,11.11,11.11,31.25,31.25,31.25,31.25,32.14,32.14,32.14,32.14,25.00
United Kingdom,GBR,Wales,UK_WAL,STATE_TOTAL,20220414,0.00,,,,,,0.00,,,0.00,,,,,,0.00,,,0.00,,,,,,0.00,,,0.00,,,,,,0.00,,,0.00,,,,,,0.00,,,0.00,,,,,,0.00,,,0.00,,,,,,0.00,,,0.00,,,0.00,,0.00,,,1.00,,,,,,2.00,1,,2.00,,2.00,,,,0.00,,2.00,1,,,,,2.00,1,,5.00,1,,1.00,1,,,,,1.00,1,,,2,,3,,5-15 yrs,5-15 yrs,2,2,2,2,5,,0,,869917,7255,V,75.93,11.11,11.11,11.11,11.11,31.25,31.25,31.25,31.25,32.14,32.14,32.14,32.14,25.00
United Kingdom,GBR,Wales,UK_WAL,STATE_TOTAL,20220415,0.00,,,,,,0.00,,,0.00,,,,,,0.00,,,0.00,,,,,,0.00,,,0.00,,,,,,0.00,,,0.00,,,,,,0.00,,,0.00,,,,,,0.00,,,0.00,,,,,,0.00,,,0.00,,,0.00,,0.00,,,1.00,,,,,,2.00,1,,2.00,,2.00,,,,0.00,,2.00,1,,,,,2.00,1,,5.00,1,,1.00,1,,,,,1.00,1,,,2,,3,,5-15 yrs,5-15 yrs,2,2,2,2,5,,0,,869917,7255,V,75.94,11.11,11.11,11.11,11.11,31.25,31.25,31.25,31.25,32.14,32.14,32.14,32.14,25.00
United Kingdom,GBR,Wales,UK_WAL,STATE_TOTAL,20220416,0.00,,,,,,0.00,,,0.00,,,,,,0.00,,,0.00,,,,,,0.00,,,0.00,,,,,,0.00,,,0.00,,,,,,0.00,,,0.00,,,,,,0.00,,,0.00,,,,,,0.00,,,0.00,,,0.00,,0.00,,,1.00,,,,,,2.00,1,,2.00,,2.00,,,,0.00,,2.00,1,,,,,2.00,1,,5.00,1,,1.00,1,,,,,1.00,1,,,2,,3,,5-15 yrs,5-15 yrs,2,2,2,2,5,,0,,869917,7255,V,75.94,11.11,11.11,11.11,11.11,31.25,31.25,31.25,31.25,32.14,32.14,32.14,32.14,25.00
United Kingdom,GBR,Wales,UK_WAL,STATE_TOTAL,20220417,0.00,,,,,,0.00,,,0.00,,,,,,0.00,,,0.00,,,,,,0.00,,,0.00,,,,,,0.00,,,0.00,,,,,,0.00,,,0.00,,,,,,0.00,,,0.00,,,,,,0.00,,,0.00,,,0.00,,0.00,,,1.00,,,,,,2.00,1,,2.00,,2.00,,,,0.00,,2.00,1,,,,,2.00,1,,5.00,1,,1.00,1,,,,,1.00,1,,,2,,3,,5-15 yrs,5-15 yrs,2,2,2,2,5,,0,,869917,7255,V,75.94,11.11,11.11,11.11,11.11,31.25,31.25,31.25,31.25,32.14,32.14,32.14,32.14,25.00
United Kingdom,GBR,Wales,UK_WAL,STATE_TOTAL,20220418,0.00,,,,,,0.00,,,0.00,,,,,,0.00,,,0.00,,,,,,0.00,,,0.00,,,,,,0.00,,,0.00,,,,,,0.00,,,0.00,,,,,,0.00,,,0.00,,,,,,0.00,,,0.00,,,0.00,,0.00,,,1.00,,,,,,2.00,1,,2.00,,2.00,,,,0.00,,2.00,1,,,,,2.00,1,,5.00,1,,1.00,1,,,,,1.00,1,,,2,,3,,5-15 yrs,5-15 yrs,2,2,2,2,5,,0,,869917,7255,V,75.94,11.11,11.11,11.11,11.11,31.25,31.25,31.25,31.25,32.14,32.14,32.14,32.14,25.00
United Kingdom,GBR,Wales,UK_WAL,STATE_TOTAL,20220419,0.00,,,,,,0.00,,,0.00,,,,,,0.00,,,0.00,,,,,,0.00,,,0.00,,,,,,0.00,,,0.00,,,,,,0.00,,,0.00,,,,,,0.00,,,0.00,,,,,,0.00,,,0.00,,,0.00,,0.00,,,1.00,,,,,,2.00,1,,2.00,,2.00,,,,0.00,,2.00,1,,,,,2.00,1,,5.00,1,,1.00,1,,,,,1.00,1,,,2,,3,,5-15 yrs,5-15 yrs,2,2,2,2,5,,0,,870189,7271,V,75.96,11.11,11.11,11.11,11.11,31.25,31.25,31.25,31.25,32.14,32.14,32.14,32.14,25.00
United Kingdom,GBR,Wales,UK_WAL,STATE_TOTAL,20220420,0.00,,,,,,0.00,,,0.00,,,,,,0.00,,,0.00,,,,,,0.00,,,0.00,,,,,,0.00,,,0.00,,,,,,0.00,,,0.00,,,,,,0.00,,,0.00,,,,,,0.00,,,0.00,,,0.00,,0.00,,,1.00,,,,,,2.00,1,,2.00,,2.00,,,,0.00,,2.00,1,,,,,2.00,1,,5.00,1,,1.00,1,,,,,1.00,1,,,2,,3,,5-15 yrs,5-15 yrs,2,2,2,2,5,,0,,871005,7289,V,75.98,11.11,11.11,11.11,11.11,31.25,31.25,31.25,31.25,32.14,32.14,32.14,32.14,25.00
United Kingdom,GBR,Wales,UK_WAL,STATE_TOTAL,20220421,0.00,,,,,,0.00,,,0.00,,,,,,0.00,,,0.00,,,,,,0.00,,,0.00,,,,,,0.00,,,0.00,,,,,,0.00,,,0.00,,,,,,0.00,,,0.00,,,,,,0.00,,,0.00,,,0.00,,0.00,,,1.00,,,,,,2.00,1,,2.00,,2.00,,,,0.00,,2.00,1,,,,,2.00,1,,5.00,1,,1.00,1,,,,,1.00,1,,,2,,3,,5-15 yrs,5-15 yrs,2,2,2,2,5,,0,,871260,7302,V,76.00,11.11,11.11,11.11,11.11,31.25,31.25,31.25,31.25,32.14,32.14,32.14,32.14,25.00
United Kingdom,GBR,Wales,UK_WAL,STATE_TOTAL,20220422,0.00,,,,,,0.00,,,0.00,,,,,,0.00,,,0.00,,,,,,0.00,,,0.00,,,,,,0.00,,,0.00,,,,,,0.00,,,0.00,,,,,,0.00,,,0.00,,,,,,0.00,,,0.00,,,0.00,,0.00,,,1.00,,,,,,2.00,1,,2.00,,2.00,,,,0.00,,2.00,1,,,,,2.00,1,,5.00,1,,1.00,1,,,,,1.00,1,,,2,,3,,5-15 yrs,5-15 yrs,2,2,2,2,5,,0,,871423,7312,V,76.01,11.11,11.11,11.11,11.11,31.25,31.25,31.25,31.25,32.14,32.14,32.14,32.14,25.00
United Kingdom,GBR,Wales,UK_WAL,STATE_TOTAL,20220423,0.00,,,,,,0.00,,,0.00,,,,,,0.00,,,0.00,,,,,,0.00,,,0.00,,,,,,0.00,,,0.00,,,,,,0.00,,,0.00,,,,,,0.00,,,0.00,,,,,,0.00,,,0.00,,,0.00,,0.00,,,1.00,,,,,,2.00,1,,2.00,,2.00,,,,0.00,,2.00,1,,,,,2.00,1,,5.00,1,,1.00,1,,,,,1.00,1,,,2,,3,,5-15 yrs,5-15 yrs,2,2,2,2,5,,0,,871423,7312,V,76.02,11.11,11.11,11.11,11.11,31.25,31.25,31.25,31.25,32.14,32.14,32.14,32.14,25.00
United Kingdom,GBR,Wales,UK_WAL,STATE_TOTAL,20220424,0.00,,,,,,0.00,,,0.00,,,,,,0.00,,,0.00,,,,,,0.00,,,0.00,,,,,,0.00,,,0.00,,,,,,0.00,,,0.00,,,,,,0.00,,,0.00,,,,,,0.00,,,0.00,,,0.00,,0.00,,,1.00,,,,,,2.00,1,,2.00,,2.00,,,,0.00,,2.00,1,,,,,2.00,1,,5.00,1,,1.00,1,,,,,1.00,1,,,2,,3,,5-15 yrs,5-15 yrs,2,2,2,2,5,,0,,871423,7312,V,76.03,11.11,11.11,11.11,11.11,31.25,31.25,31.25,31.25,32.14,32.14,32.14,32.14,25.00
United Kingdom,GBR,Wales,UK_WAL,STATE_TOTAL,20220425,0.00,,,,,,0.00,,,0.00,,,,,,0.00,,,0.00,,,,,,0.00,,,0.00,,,,,,0.00,,,0.00,,,,,,0.00,,,0.00,,,,,,0.00,,,0.00,,,,,,0.00,,,0.00,,,0.00,,0.00,,,1.00,,,,,,2.00,1,,2.00,,2.00,,,,0.00,,2.00,1,,,,,2.00,1,,5.00,1,,1.00,1,,,,,1.00,1,,,2,,3,,5-15 yrs,5-15 yrs,2,2,2,2,5,,0,,871581,7324,V,76.04,11.11,11.11,11.11,11.11,31.25,31.25,31.25,31.25,32.14,32.14,32.14,32.14,25.00
United Kingdom,GBR,Wales,UK_WAL,STATE_TOTAL,20220426,0.00,,,,,,0.00,,,0.00,,,,,,0.00,,,0.00,,,,,,0.00,,,0.00,,,,,,0.00,,,0.00,,,,,,0.00,,,0.00,,,,,,0.00,,,0.00,,,,,,0.00,,,0.00,,,0.00,,0.00,,,1.00,,,,,,2.00,1,,2.00,,2.00,,,,0.00,,2.00,1,,,,,2.00,1,,5.00,1,,1.00,1,,,,,1.00,1,,,2,,3,,5-15 yrs,5-15 yrs,2,2,2,2,5,,0,,871924,7334,V,76.06,11.11,11.11,11.11,11.11,31.25,31.25,31.25,31.25,32.14,32.14,32.14,32.14,25.00
United Kingdom,GBR,Wales,UK_WAL,STATE_TOTAL,20220427,0.00,,,,,,0.00,,,0.00,,,,,,0.00,,,0.00,,,,,,0.00,,,0.00,,,,,,0.00,,,0.00,,,,,,0.00,,,0.00,,,,,,0.00,,,0.00,,,,,,0.00,,,0.00,,,0.00,,0.00,,,1.00,,,,,,2.00,1,,2.00,,2.00,,,,0.00,,2.00,1,,,,,2.00,1,,5.00,1,,1.00,1,,,,,1.00,1,,,2,,3,,5-15 yrs,5-15 yrs,2,2,2,2,5,,0,,872108,7348,V,76.06,11.11,11.11,11.11,11.11,31.25,31.25,31.25,31.25,32.14,32.14,32.14,32.14,25.00
United Kingdom,GBR,Wales,UK_WAL,STATE_TOTAL,20220428,0.00,,,,,,0.00,,,0.00,,,,,,0.00,,,0.00,,,,,,0.00,,,0.00,,,,,,0.00,,,0.00,,,,,,0.00,,,0.00,,,,,,0.00,,,0.00,,,,,,0.00,,,0.00,,,0.00,,0.00,,,1.00,,,,,,2.00,1,,2.00,,2.00,,,,0.00,,2.00,1,,,,,2.00,1,,5.00,1,,1.00,1,,,,,1.00,1,,,2,,3,,5-15 yrs,5-15 yrs,2,2,2,2,5,,0,,872251,7361,V,76.12,11.11,11.11,11.11,11.11,31.25,31.25,31.25,31.25,32.14,32.14,32.14,32.14,25.00
United Kingdom,GBR,Wales,UK_WAL,STATE_TOTAL,20220429,0.00,,,,,,0.00,,,0.00,,,,,,0.00,,,0.00,,,,,,0.00,,,0.00,,,,,,0.00,,,0.00,,,,,,0.00,,,0.00,,,,,,0.00,,,0.00,,,,,,0.00,,,0.00,,,0.00,,0.00,,,1.00,,,,,,2.00,1,,2.00,,2.00,,,,0.00,,2.00,1,,,,,2.00,1,,5.00,1,,1.00,1,,,,,1.00,1,,,2,,3,,5-15 yrs,5-15 yrs,2,2,2,2,5,,0,,872384,7371,V,76.13,11.11,11.11,11.11,11.11,31.25,31.25,31.25,31.25,32.14,32.14,32.14,32.14,25.00
United Kingdom,GBR,Wales,UK_WAL,STATE_TOTAL,20220430,0.00,,,,,,0.00,,,0.00,,,,,,0.00,,,0.00,,,,,,0.00,,,0.00,,,,,,0.00,,,0.00,,,,,,0.00,,,0.00,,,,,,0.00,,,0.00,,,,,,0.00,,,0.00,,,0.00,,0.00,,,1.00,,,,,,2.00,1,,2.00,,2.00,,,,0.00,,2.00,1,,,,,2.00,1,,5.00,1,,1.00,1,,,,,1.00,1,,,2,,3,,5-15 yrs,5-15 yrs,2,2,2,2,5,,0,,872384,7371,V,76.14,11.11,11.11,11.11,11.11,31.25,31.25,31.25,31.25,32.14,32.14,32.14,32.14,25.00
United Kingdom,GBR,Wales,UK_WAL,STATE_TOTAL,20220501,0.00,,,,,,0.00,,,0.00,,,,,,0.00,,,0.00,,,,,,0.00,,,0.00,,,,,,0.00,,,0.00,,,,,,0.00,,,0.00,,,,,,0.00,,,0.00,,,,,,0.00,,,0.00,,,0.00,,0.00,,,1.00,,,,,,2.00,1,,2.00,,2.00,,,,0.00,,2.00,1,,,,,2.00,1,,5.00,1,,1.00,1,,,,,1.00,1,,,2,,3,,5-15 yrs,5-15 yrs,2,2,2,2,5,,0,,872384,7371,V,76.15,11.11,11.11,11.11,11.11,31.25,31.25,31.25,31.25,32.14,32.14,32.14,32.14,25.00
United Kingdom,GBR,Wales,UK_WAL,STATE_TOTAL,20220502,0.00,,,,,,0.00,,,0.00,,,,,,0.00,,,0.00,,,,,,0.00,,,0.00,,,,,,0.00,,,0.00,,,,,,0.00,,,0.00,,,,,,0.00,,,0.00,,,,,,0.00,,,0.00,,,0.00,,0.00,,,1.00,,,,,,2.00,1,,2.00,,2.00,,,,0.00,,2.00,1,,,,,2.00,1,,5.00,1,,1.00,1,,,,,1.00,1,,,2,,3,,5-15 yrs,5-15 yrs,2,2,2,2,5,,0,,872384,7371,V,76.15,11.11,11.11,11.11,11.11,31.25,31.25,31.25,31.25,32.14,32.14,32.14,32.14,25.00
United Kingdom,GBR,Wales,UK_WAL,STATE_TOTAL,20220503,0.00,,,,,,0.00,,,0.00,,,,,,0.00,,,0.00,,,,,,0.00,,,0.00,,,,,,0.00,,,0.00,,,,,,0.00,,,0.00,,,,,,0.00,,,0.00,,,,,,0.00,,,0.00,,,0.00,,0.00,,,1.00,,,,,,2.00,1,,2.00,,2.00,,,,0.00,,2.00,1,,,,,2.00,1,,5.00,1,,1.00,1,,,,,1.00,1,,,2,,3,,5-15 yrs,5-15 yrs,2,2,2,2,5,,0,,872498,7375,V,76.16,11.11,11.11,11.11,11.11,31.25,31.25,31.25,31.25,32.14,32.14,32.14,32.14,25.00
United Kingdom,GBR,Wales,UK_WAL,STATE_TOTAL,20220504,0.00,,,,,,0.00,,,0.00,,,,,,0.00,,,0.00,,,,,,0.00,,,0.00,,,,,,0.00,,,0.00,,,,,,0.00,,,0.00,,,,,,0.00,,,0.00,,,,,,0.00,,,0.00,,,0.00,,0.00,,,1.00,,,,,,2.00,1,,2.00,,2.00,,,,0.00,,2.00,1,,,,,2.00,1,,5.00,1,,1.00,1,,,,,1.00,1,,,2,,3,,5-15 yrs,5-15 yrs,2,2,2,2,5,,0,,872824,7386,V,76.17,11.11,11.11,11.11,11.11,31.25,31.25,31.25,31.25,32.14,32.14,32.14,32.14,25.00
United Kingdom,GBR,Wales,UK_WAL,STATE_TOTAL,20220505,0.00,,,,,,0.00,,,0.00,,,,,,0.00,,,0.00,,,,,,0.00,,,0.00,,,,,,0.00,,,0.00,,,,,,0.00,,,0.00,,,,,,0.00,,,0.00,,,,,,0.00,,,0.00,,,0.00,,0.00,,,1.00,,,,,,2.00,1,,2.00,,2.00,,,,0.00,,2.00,1,,,,,2.00,1,,5.00,1,,1.00,1,,,,,1.00,1,,,2,,3,,5-15 yrs,5-15 yrs,2,2,2,2,5,,0,,872975,7399,V,76.19,11.11,11.11,11.11,11.11,31.25,31.25,31.25,31.25,32.14,32.14,32.14,32.14,25.00
United Kingdom,GBR,Wales,UK_WAL,STATE_TOTAL,20220506,0.00,,,,,,0.00,,,0.00,,,,,,0.00,,,0.00,,,,,,0.00,,,0.00,,,,,,0.00,,,0.00,,,,,,0.00,,,0.00,,,,,,0.00,,,0.00,,,,,,0.00,,,0.00,,,0.00,,0.00,,,1.00,,,,,,2.00,1,,2.00,,2.00,,,,0.00,,2.00,1,,,,,2.00,1,,5.00,1,,1.00,1,,,,,1.00,1,,,2,,3,,5-15 yrs,5-15 yrs,2,2,2,2,5,,0,,873102,7405,V,76.19,11.11,11.11,11.11,11.11,31.25,31.25,31.25,31.25,32.14,32.14,32.14,32.14,25.00
United Kingdom,GBR,Wales,UK_WAL,STATE_TOTAL,20220507,0.00,,,,,,0.00,,,0.00,,,,,,0.00,,,0.00,,,,,,0.00,,,0.00,,,,,,0.00,,,0.00,,,,,,0.00,,,0.00,,,,,,0.00,,,0.00,,,,,,0.00,,,0.00,,,0.00,,0.00,,,1.00,,,,,,2.00,1,,2.00,,2.00,,,,0.00,,2.00,1,,,,,2.00,1,,5.00,1,,1.00,1,,,,,1.00,1,,,2,,3,,5-15 yrs,5-15 yrs,2,2,2,2,5,,0,,873102,7405,V,76.20,11.11,11.11,11.11,11.11,31.25,31.25,31.25,31.25,32.14,32.14,32.14,32.14,25.00
United Kingdom,GBR,Wales,UK_WAL,STATE_TOTAL,20220508,0.00,,,,,,0.00,,,0.00,,,,,,0.00,,,0.00,,,,,,0.00,,,0.00,,,,,,0.00,,,0.00,,,,,,0.00,,,0.00,,,,,,0.00,,,0.00,,,,,,0.00,,,0.00,,,0.00,,0.00,,,1.00,,,,,,2.00,1,,2.00,,2.00,,,,0.00,,2.00,1,,,,,2.00,1,,5.00,1,,1.00,1,,,,,1.00,1,,,2,,3,,5-15 yrs,5-15 yrs,2,2,2,2,5,,0,,873102,7405,V,76.21,11.11,11.11,11.11,11.11,31.25,31.25,31.25,31.25,32.14,32.14,32.14,32.14,25.00
United Kingdom,GBR,Wales,UK_WAL,STATE_TOTAL,20220509,0.00,,,,,,0.00,,"From 09 May 2022 it is no longer a requirement for staff, pupils or visitors to wear face coverings anywhere on the school grounds.    http://web.archive.org/web/20220510100637/https://gov.wales/schools-coronavirus-guidance",0.00,,,,,,0.00,,,0.00,,,,,,0.00,,,0.00,,,,,,0.00,,,0.00,,,,,,0.00,,,0.00,,,,,,0.00,,,0.00,,,,,,0.00,,,0.00,,,0.00,,0.00,,,1.00,,,,,,2.00,1,,2.00,,2.00,,,,0.00,,2.00,1,,,,,2.00,1,,5.00,1,,1.00,1,,,,,1.00,1,,,2,,3,,5-15 yrs,5-15 yrs,2,2,2,2,5,,0,,873202,7412,V,76.22,11.11,11.11,11.11,11.11,31.25,31.25,31.25,31.25,32.14,32.14,32.14,32.14,25.00
United Kingdom,GBR,Wales,UK_WAL,STATE_TOTAL,20220510,0.00,,,,,,0.00,,,0.00,,,,,,0.00,,,0.00,,,,,,0.00,,,0.00,,,,,,0.00,,,0.00,,,,,,0.00,,,0.00,,,,,,0.00,,,0.00,,,,,,0.00,,,0.00,,,0.00,,0.00,,,1.00,,,,,,2.00,1,,1.00,,1.00,"While the requirement to self-isolate has ended in law, and only LFTs and not PCR tests are now available to the general public, routine contract tracing has continued in Wales.    Under the Welsh government's Covid-19 strategy, it will end in June. It ended in England on 24 February.      http://web.archive.org/web/20220510101906/https://www.bbc.com/news/uk-wales-politics-61154348",,,0.00,,2.00,1,,,,,2.00,1,"You must still wear face coverings in health and social care settings.  There is no longer a legal requirement for you to wear a face covering in other indoor public places or on public transport.  We strongly recommend that you still wear face coverings even where you don’t have to.  COVID-19 is still a risk, and we must continue to do what we can to limit the spread.  You may have COVID-19 but not know it if you do not have symptoms.  Wearing a face covering can help prevent you passing it to others.    http://web.archive.org/web/20220510101233/https://gov.wales/face-coverings-guidance-public",5.00,1,,1.00,1,,,,,1.00,1,,,2,,3,,5-15 yrs,5-15 yrs,2,2,2,2,5,,0,,873470,7421,V,76.22,11.11,11.11,11.11,11.11,26.04,26.04,26.04,26.04,26.19,26.19,26.19,26.19,25.00
United Kingdom,GBR,Wales,UK_WAL,STATE_TOTAL,20220511,0.00,,,,,,0.00,,,0.00,,,,,,0.00,,,0.00,,,,,,0.00,,,0.00,,,,,,0.00,,,0.00,,,,,,0.00,,,0.00,,,,,,0.00,,,0.00,,,,,,0.00,,,0.00,,,0.00,,0.00,,,1.00,,,,,,2.00,1,,1.00,,1.00,,,,0.00,,2.00,1,,,,,2.00,1,,5.00,1,,1.00,1,,,,,1.00,1,,,2,,3,,5-15 yrs,5-15 yrs,2,2,2,2,5,,0,,873569,7428,V,76.23,11.11,11.11,11.11,11.11,26.04,26.04,26.04,26.04,26.19,26.19,26.19,26.19,25.00
United Kingdom,GBR,Wales,UK_WAL,STATE_TOTAL,20220512,0.00,,,,,,0.00,,,0.00,,,,,,0.00,,,0.00,,,,,,0.00,,,0.00,,,,,,0.00,,,0.00,,,,,,0.00,,,0.00,,,,,,0.00,,,0.00,,,,,,0.00,,,0.00,,,0.00,,0.00,,,1.00,,,,,,2.00,1,,1.00,,1.00,,,,0.00,,2.00,1,,,,,2.00,1,,5.00,1,,1.00,1,,,,,1.00,1,,,2,,3,,5-15 yrs,5-15 yrs,2,2,2,2,5,,0,,873670,7433,V,76.24,11.11,11.11,11.11,11.11,26.04,26.04,26.04,26.04,26.19,26.19,26.19,26.19,25.00
United Kingdom,GBR,Wales,UK_WAL,STATE_TOTAL,20220513,0.00,,,,,,0.00,,,0.00,,,,,,0.00,,,0.00,,,,,,0.00,,,0.00,,,,,,0.00,,,0.00,,,,,,0.00,,,0.00,,,,,,0.00,,,0.00,,,,,,0.00,,,0.00,,,0.00,,0.00,,,1.00,,,,,,2.00,1,,1.00,,1.00,,,,0.00,,2.00,1,,,,,2.00,1,,5.00,1,,1.00,1,,,,,1.00,1,,,2,,3,,5-15 yrs,5-15 yrs,2,2,2,2,5,,0,,873751,7443,V,76.25,11.11,11.11,11.11,11.11,26.04,26.04,26.04,26.04,26.19,26.19,26.19,26.19,25.00
United Kingdom,GBR,Wales,UK_WAL,STATE_TOTAL,20220514,0.00,,,,,,0.00,,,0.00,,,,,,0.00,,,0.00,,,,,,0.00,,,0.00,,,,,,0.00,,,0.00,,,,,,0.00,,,0.00,,,,,,0.00,,,0.00,,,,,,0.00,,,0.00,,,0.00,,0.00,,,1.00,,,,,,2.00,1,,1.00,,1.00,,,,0.00,,2.00,1,,,,,2.00,1,,5.00,1,,1.00,1,,,,,1.00,1,,,2,,3,,5-15 yrs,5-15 yrs,2,2,2,2,5,,0,,873751,7443,V,76.26,11.11,11.11,11.11,11.11,26.04,26.04,26.04,26.04,26.19,26.19,26.19,26.19,25.00
United Kingdom,GBR,Wales,UK_WAL,STATE_TOTAL,20220515,0.00,,,,,,0.00,,,0.00,,,,,,0.00,,,0.00,,,,,,0.00,,,0.00,,,,,,0.00,,,0.00,,,,,,0.00,,,0.00,,,,,,0.00,,,0.00,,,,,,0.00,,,0.00,,,0.00,,0.00,,,1.00,,,,,,2.00,1,,1.00,,1.00,,,,0.00,,2.00,1,,,,,2.00,1,,5.00,1,,1.00,1,,,,,1.00,1,,,2,,3,,5-15 yrs,5-15 yrs,2,2,2,2,5,,0,,873751,7443,V,76.26,11.11,11.11,11.11,11.11,26.04,26.04,26.04,26.04,26.19,26.19,26.19,26.19,25.00
United Kingdom,GBR,Wales,UK_WAL,STATE_TOTAL,20220516,0.00,,,,,,0.00,,,0.00,,,,,,0.00,,,0.00,,,,,,0.00,,,0.00,,,,,,0.00,,,0.00,,,,,,0.00,,,0.00,,,,,,0.00,,,0.00,,,,,,0.00,,,0.00,,,0.00,,0.00,,,1.00,,,,,,2.00,1,,1.00,,1.00,,,,0.00,,2.00,1,,,,,2.00,1,,5.00,1,,1.00,1,,,,,1.00,1,,,2,,3,,5-15 yrs,5-15 yrs,2,2,2,2,5,,0,,873825,7443,V,76.27,11.11,11.11,11.11,11.11,26.04,26.04,26.04,26.04,26.19,26.19,26.19,26.19,25.00
United Kingdom,GBR,Wales,UK_WAL,STATE_TOTAL,20220517,0.00,,,,,,0.00,,,0.00,,,,,,0.00,,,0.00,,,,,,0.00,,,0.00,,,,,,0.00,,,0.00,,,,,,0.00,,,0.00,,,,,,0.00,,,0.00,,,,,,0.00,,,0.00,,,0.00,,0.00,,,1.00,,,,,,2.00,1,,1.00,,1.00,,,,0.00,,2.00,1,,,,,2.00,1,,5.00,1,,1.00,1,,,,,1.00,1,,,2,,3,,5-15 yrs,5-15 yrs,2,2,2,2,5,,0,,873963,7445,V,76.28,11.11,11.11,11.11,11.11,26.04,26.04,26.04,26.04,26.19,26.19,26.19,26.19,25.00
United Kingdom,GBR,Wales,UK_WAL,STATE_TOTAL,20220518,0.00,,,,,,0.00,,,0.00,,,,,,0.00,,,0.00,,,,,,0.00,,,0.00,,,,,,0.00,,,0.00,,,,,,0.00,,,0.00,,,,,,0.00,,,0.00,,,,,,0.00,,,0.00,,,0.00,,0.00,,,1.00,,,,,,2.00,1,,1.00,,1.00,,,,0.00,,2.00,1,,,,,2.00,1,,5.00,1,,1.00,1,,,,,1.00,1,,,2,,3,,5-15 yrs,5-15 yrs,2,2,2,2,5,,0,,874034,7448,V,76.28,11.11,11.11,11.11,11.11,26.04,26.04,26.04,26.04,26.19,26.19,26.19,26.19,25.00
United Kingdom,GBR,Wales,UK_WAL,STATE_TOTAL,20220519,0.00,,,,,,0.00,,,0.00,,,,,,0.00,,,0.00,,,,,,0.00,,,0.00,,,,,,0.00,,,0.00,,,,,,0.00,,,0.00,,,,,,0.00,,,0.00,,,,,,0.00,,,0.00,,,0.00,,0.00,,,1.00,,,,,,2.00,1,,1.00,,1.00,,,,0.00,,2.00,1,,,,,2.00,1,,5.00,1,,1.00,1,,,,,1.00,1,,,2,,3,,5-15 yrs,5-15 yrs,2,2,2,2,5,,0,,874105,7448,V,76.29,11.11,11.11,11.11,11.11,26.04,26.04,26.04,26.04,26.19,26.19,26.19,26.19,25.00
United Kingdom,GBR,Wales,UK_WAL,STATE_TOTAL,20220520,0.00,,,,,,0.00,,,0.00,,,,,,0.00,,,0.00,,,,,,0.00,,,0.00,,,,,,0.00,,,0.00,,,,,,0.00,,,0.00,,,,,,0.00,,,0.00,,,,,,0.00,,,0.00,,,0.00,,0.00,,,1.00,,,,,,2.00,1,,1.00,,1.00,,,,0.00,,2.00,1,,,,,2.00,1,,5.00,1,,1.00,1,,,,,1.00,1,,,2,,3,,5-15 yrs,5-15 yrs,2,2,2,2,5,,0,,874178,7455,V,76.30,11.11,11.11,11.11,11.11,26.04,26.04,26.04,26.04,26.19,26.19,26.19,26.19,25.00
United Kingdom,GBR,Wales,UK_WAL,STATE_TOTAL,20220521,0.00,,,,,,0.00,,,0.00,,,,,,0.00,,,0.00,,,,,,0.00,,,0.00,,,,,,0.00,,,0.00,,,,,,0.00,,,0.00,,,,,,0.00,,,0.00,,,,,,0.00,,,0.00,,,0.00,,0.00,,,1.00,,,,,,2.00,1,,1.00,,1.00,,,,0.00,,2.00,1,,,,,2.00,1,,5.00,1,,1.00,1,,,,,1.00,1,,,2,,3,,5-15 yrs,5-15 yrs,2,2,2,2,5,,0,,874178,7455,V,76.31,11.11,11.11,11.11,11.11,26.04,26.04,26.04,26.04,26.19,26.19,26.19,26.19,25.00
United Kingdom,GBR,Wales,UK_WAL,STATE_TOTAL,20220522,0.00,,,,,,0.00,,,0.00,,,,,,0.00,,,0.00,,,,,,0.00,,,0.00,,,,,,0.00,,,0.00,,,,,,0.00,,,0.00,,,,,,0.00,,,0.00,,,,,,0.00,,,0.00,,,0.00,,0.00,,,1.00,,,,,,2.00,1,,1.00,,1.00,,,,0.00,,2.00,1,,,,,2.00,1,,5.00,1,,1.00,1,,,,,1.00,1,,,2,,3,,5-15 yrs,5-15 yrs,2,2,2,2,5,,0,,874178,7455,V,76.32,11.11,11.11,11.11,11.11,26.04,26.04,26.04,26.04,26.19,26.19,26.19,26.19,25.00
United Kingdom,GBR,Wales,UK_WAL,STATE_TOTAL,20220523,0.00,,,,,,0.00,,,0.00,,,,,,0.00,,,0.00,,,,,,0.00,,,0.00,,,,,,0.00,,,0.00,,,,,,0.00,,,0.00,,,,,,0.00,,,0.00,,,,,,0.00,,,0.00,,,0.00,,0.00,,,1.00,,,,,,2.00,1,,1.00,,1.00,,,,0.00,,2.00,1,,,,,2.00,1,,5.00,1,,1.00,1,,,,,1.00,1,,,2,,3,,5-15 yrs,5-15 yrs,2,2,2,2,5,,0,,874232,7457,V,76.32,11.11,11.11,11.11,11.11,26.04,26.04,26.04,26.04,26.19,26.19,26.19,26.19,25.00
United Kingdom,GBR,Wales,UK_WAL,STATE_TOTAL,20220524,0.00,,,,,,0.00,,,0.00,,,,,,0.00,,,0.00,,,,,,0.00,,,0.00,,,,,,0.00,,,0.00,,,,,,0.00,,,0.00,,,,,,0.00,,,0.00,,,,,,0.00,,,0.00,,,0.00,,0.00,,,1.00,,,,,,2.00,1,,1.00,,1.00,,,,0.00,,2.00,1,,,,,2.00,1,,5.00,1,,1.00,1,,,,,1.00,1,,,2,,3,,5-15 yrs,5-15 yrs,2,2,2,2,5,,0,,874322,7466,V,76.33,11.11,11.11,11.11,11.11,26.04,26.04,26.04,26.04,26.19,26.19,26.19,26.19,25.00
United Kingdom,GBR,Wales,UK_WAL,STATE_TOTAL,20220525,0.00,,,,,,0.00,,,0.00,,,,,,0.00,,,0.00,,,,,,0.00,,,0.00,,,,,,0.00,,,0.00,,,,,,0.00,,,0.00,,,,,,0.00,,,0.00,,,,,,0.00,,,0.00,,,0.00,,0.00,,,1.00,,,,,,2.00,1,,1.00,,1.00,,,,0.00,,2.00,1,,,,,2.00,1,,5.00,1,,1.00,1,,,,,1.00,1,,,2,,3,,5-15 yrs,5-15 yrs,2,2,2,2,5,,0,,874373,7467,V,76.33,11.11,11.11,11.11,11.11,26.04,26.04,26.04,26.04,26.19,26.19,26.19,26.19,25.00
United Kingdom,GBR,Wales,UK_WAL,STATE_TOTAL,20220526,0.00,,,,,,0.00,,,0.00,,,,,,0.00,,,0.00,,,,,,0.00,,,0.00,,,,,,0.00,,,0.00,,,,,,0.00,,,0.00,,,,,,0.00,,,0.00,,,,,,0.00,,,0.00,,,0.00,,0.00,,,1.00,,,,,,2.00,1,,1.00,,1.00,,,,0.00,,2.00,1,,,,,2.00,1,,5.00,1,,1.00,1,,,,,1.00,1,,,2,,3,,5-15 yrs,5-15 yrs,2,2,2,2,5,,0,,874425,7473,V,76.33,11.11,11.11,11.11,11.11,26.04,26.04,26.04,26.04,26.19,26.19,26.19,26.19,25.00
United Kingdom,GBR,Wales,UK_WAL,STATE_TOTAL,20220527,0.00,,,,,,0.00,,,0.00,,,,,,0.00,,,0.00,,,,,,0.00,,,0.00,,,,,,0.00,,,0.00,,,,,,0.00,,,0.00,,,,,,0.00,,,0.00,,,,,,0.00,,,0.00,,,0.00,,0.00,,,1.00,,,,,,2.00,1,,1.00,,1.00,,,,0.00,,2.00,1,,,,,2.00,1,,5.00,1,,1.00,1,,,,,1.00,1,,,2,,3,,5-15 yrs,5-15 yrs,2,2,2,2,5,,0,,874425,7473,V,76.33,11.11,11.11,11.11,11.11,26.04,26.04,26.04,26.04,26.19,26.19,26.19,26.19,25.00
United Kingdom,GBR,Wales,UK_WAL,STATE_TOTAL,20220528,0.00,,,,,,0.00,,,0.00,,,,,,0.00,,,0.00,,,,,,0.00,,,0.00,,,,,,0.00,,,0.00,,,,,,0.00,,,0.00,,,,,,0.00,,,0.00,,,,,,0.00,,,0.00,,,0.00,,0.00,,,1.00,,,,,,2.00,1,,1.00,,1.00,,,,0.00,,2.00,1,,,,,2.00,1,,5.00,1,,1.00,1,,,,,1.00,1,,,2,,3,,5-15 yrs,5-15 yrs,2,2,2,2,5,,0,,874425,7473,V,76.34,11.11,11.11,11.11,11.11,26.04,26.04,26.04,26.04,26.19,26.19,26.19,26.19,25.00
United Kingdom,GBR,Wales,UK_WAL,STATE_TOTAL,20220529,0.00,,,,,,0.00,,,0.00,,,,,,0.00,,,0.00,,,,,,0.00,,,0.00,,,,,,0.00,,,0.00,,,,,,0.00,,,0.00,,,,,,0.00,,,0.00,,,,,,0.00,,,0.00,,,0.00,,0.00,,,1.00,,,,,,2.00,1,,1.00,,1.00,,,,0.00,,2.00,1,,,,,2.00,1,,5.00,1,,1.00,1,,,,,1.00,1,,,2,,3,,5-15 yrs,5-15 yrs,2,2,2,2,5,,0,,874425,7473,V,76.35,11.11,11.11,11.11,11.11,26.04,26.04,26.04,26.04,26.19,26.19,26.19,26.19,25.00
United Kingdom,GBR,Wales,UK_WAL,STATE_TOTAL,20220530,0.00,,,,,,0.00,,,0.00,,,,,,0.00,,,0.00,,,,,,0.00,,,0.00,,,,,,0.00,,,0.00,,,,,,0.00,,,0.00,,,,,,0.00,,,0.00,,,,,,0.00,,,0.00,,,0.00,,0.00,,,1.00,,,,,,2.00,1,,1.00,,1.00,,,,0.00,,1.00,1,,,,,1.00,1,"The legal requirement to wear a face covering in health and care settings will end on Monday (May 30). Remains recommendation so coded 1.    http://web.archive.org/web/20220606142552/https://gov.wales/public-health-guidance-general-public    http://web.archive.org/web/20220606142554/https://www.itv.com/news/wales/2022-05-27/last-remaining-covid-restrictions-to-be-removed-in-wales",5.00,1,,1.00,1,,,,,1.00,1,,,2,,3,,5-15 yrs,5-15 yrs,2,2,2,2,5,,0,,874425,7473,V,76.36,11.11,11.11,11.11,11.11,24.48,24.48,24.48,24.48,24.40,24.40,24.40,24.40,25.00
United Kingdom,GBR,Wales,UK_WAL,STATE_TOTAL,20220531,0.00,,,,,,0.00,,,0.00,,,,,,0.00,,,0.00,,,,,,0.00,,,0.00,,,,,,0.00,,,0.00,,,,,,0.00,,,0.00,,,,,,0.00,,,0.00,,,,,,0.00,,,0.00,,,0.00,,0.00,,,1.00,,,,,,2.00,1,,1.00,,1.00,,,,0.00,,1.00,1,,,,,1.00,1,,5.00,1,,1.00,1,,,,,1.00,1,,,2,,3,,5-15 yrs,5-15 yrs,2,2,2,2,5,,0,,874425,7473,V,76.36,11.11,11.11,11.11,11.11,24.48,24.48,24.48,24.48,24.40,24.40,24.40,24.40,25.00
United Kingdom,GBR,Wales,UK_WAL,STATE_TOTAL,20220601,0.00,,,,,,0.00,,,0.00,,,,,,0.00,,,0.00,,,,,,0.00,,,0.00,,,,,,0.00,,,0.00,,,,,,0.00,,,0.00,,,,,,0.00,,,0.00,,,,,,0.00,,,0.00,,,0.00,,0.00,,,1.00,,,,,,2.00,1,,1.00,,1.00,,,,0.00,,1.00,1,,,,,1.00,1,,5.00,1,,1.00,1,,,,,1.00,1,,,2,,3,,5-15 yrs,5-15 yrs,2,2,2,2,5,,0,,874425,7473,V,76.36,11.11,11.11,11.11,11.11,24.48,24.48,24.48,24.48,24.40,24.40,24.40,24.40,25.00
United Kingdom,GBR,Wales,UK_WAL,STATE_TOTAL,20220602,0.00,,,,,,0.00,,,0.00,,,,,,0.00,,,0.00,,,,,,0.00,,,0.00,,,,,,0.00,,,0.00,,,,,,0.00,,,0.00,,,,,,0.00,,,0.00,,,,,,0.00,,,0.00,,,0.00,,0.00,,,1.00,,,,,,2.00,1,,1.00,,1.00,,,,0.00,,1.00,1,,,,,1.00,1,,5.00,1,,1.00,1,,,,,1.00,1,,,2,,3,,5-15 yrs,5-15 yrs,2,2,2,2,5,,0,,874686,7484,V,76.37,11.11,11.11,11.11,11.11,24.48,24.48,24.48,24.48,24.40,24.40,24.40,24.40,25.00
United Kingdom,GBR,Wales,UK_WAL,STATE_TOTAL,20220603,0.00,,,,,,0.00,,,0.00,,,,,,0.00,,,0.00,,,,,,0.00,,,0.00,,,,,,0.00,,,0.00,,,,,,0.00,,,0.00,,,,,,0.00,,,0.00,,,,,,0.00,,,0.00,,,0.00,,0.00,,,1.00,,,,,,2.00,1,,1.00,,1.00,,,,0.00,,1.00,1,,,,,1.00,1,,5.00,1,,1.00,1,,,,,1.00,1,,,2,,3,,5-15 yrs,5-15 yrs,2,2,2,2,5,,0,,874686,7484,V,76.37,11.11,11.11,11.11,11.11,24.48,24.48,24.48,24.48,24.40,24.40,24.40,24.40,25.00
United Kingdom,GBR,Wales,UK_WAL,STATE_TOTAL,20220604,0.00,,,,,,0.00,,,0.00,,,,,,0.00,,,0.00,,,,,,0.00,,,0.00,,,,,,0.00,,,0.00,,,,,,0.00,,,0.00,,,,,,0.00,,,0.00,,,,,,0.00,,,0.00,,,0.00,,0.00,,,1.00,,,,,,2.00,1,,1.00,,1.00,,,,0.00,,1.00,1,,,,,1.00,1,,5.00,1,,1.00,1,,,,,1.00,1,,,2,,3,,5-15 yrs,5-15 yrs,2,2,2,2,5,,0,,874686,7484,V,76.37,11.11,11.11,11.11,11.11,24.48,24.48,24.48,24.48,24.40,24.40,24.40,24.40,25.00
United Kingdom,GBR,Wales,UK_WAL,STATE_TOTAL,20220605,0.00,,,,,,0.00,,,0.00,,,,,,0.00,,,0.00,,,,,,0.00,,,0.00,,,,,,0.00,,,0.00,,,,,,0.00,,,0.00,,,,,,0.00,,,0.00,,,,,,0.00,,,0.00,,,0.00,,0.00,,,1.00,,,,,,2.00,1,,1.00,,1.00,,,,0.00,,1.00,1,,,,,1.00,1,,5.00,1,,1.00,1,,,,,1.00,1,,,2,,3,,5-15 yrs,5-15 yrs,2,2,2,2,5,,0,,874686,7484,V,76.37,11.11,11.11,11.11,11.11,24.48,24.48,24.48,24.48,24.40,24.40,24.40,24.40,25.00
United Kingdom,GBR,Wales,UK_WAL,STATE_TOTAL,20220606,0.00,,,,,,0.00,,,0.00,,,,,,0.00,,,0.00,,,,,,0.00,,,0.00,,,,,,0.00,,,0.00,,,,,,0.00,,,0.00,,,,,,0.00,,,0.00,,,,,,0.00,,,0.00,,,0.00,,0.00,,,1.00,,,,,,2.00,1,,1.00,,1.00,,,,0.00,,1.00,1,,,,,1.00,1,,5.00,1,,1.00,1,,,,,1.00,1,,,2,,3,,5-15 yrs,5-15 yrs,2,2,2,2,5,,0,,874686,7484,V,76.38,11.11,11.11,11.11,11.11,24.48,24.48,24.48,24.48,24.40,24.40,24.40,24.40,25.00
United Kingdom,GBR,Wales,UK_WAL,STATE_TOTAL,20220607,0.00,,,,,,0.00,,,0.00,,,,,,0.00,,,0.00,,,,,,0.00,,,0.00,,,,,,0.00,,,0.00,,,,,,0.00,,,0.00,,,,,,0.00,,,0.00,,,,,,0.00,,,0.00,,,0.00,,0.00,,,0.00,"No evidence remaining",,,,,2.00,1,,1.00,,1.00,"Limited guidance remains in place  http://web.archive.org/web/20220622135414/https://gov.wales/contact-tracing-if-you-have-tested-positive",,,0.00,,1.00,1,,,,,1.00,1,,5.00,1,,1.00,1,,,,,1.00,1,,,2,,3,,5-15 yrs,5-15 yrs,2,2,2,2,5,,0,,874686,7484,V,76.39,11.11,11.11,11.11,11.11,21.35,21.35,21.35,21.35,24.40,24.40,24.40,24.40,0.00
United Kingdom,GBR,Wales,UK_WAL,STATE_TOTAL,20220608,0.00,,,,,,0.00,,,0.00,,,,,,0.00,,,0.00,,,,,,0.00,,,0.00,,,,,,0.00,,,0.00,,,,,,0.00,,,0.00,,,,,,0.00,,,0.00,,,,,,0.00,,,0.00,,,0.00,,0.00,,,0.00,,,,,,2.00,1,,1.00,,1.00,,,,0.00,,1.00,1,,,,,1.00,1,,5.00,1,,1.00,1,,,,,1.00,1,,,2,,3,,5-15 yrs,5-15 yrs,2,2,2,2,5,,0,,874686,7484,V,76.39,11.11,11.11,11.11,11.11,21.35,21.35,21.35,21.35,24.40,24.40,24.40,24.40,0.00
United Kingdom,GBR,Wales,UK_WAL,STATE_TOTAL,20220609,0.00,,,,,,0.00,,,0.00,,,,,,0.00,,,0.00,,,,,,0.00,,,0.00,,,,,,0.00,,,0.00,,,,,,0.00,,,0.00,,,,,,0.00,,,0.00,,,,,,0.00,,,0.00,,,0.00,,0.00,,,0.00,,,,,,2.00,1,,1.00,,1.00,,,,0.00,,1.00,1,,,,,1.00,1,,5.00,1,,1.00,1,,,,,1.00,1,,,2,,3,,5-15 yrs,5-15 yrs,2,2,2,2,5,,0,,875029,7506,V,76.40,11.11,11.11,11.11,11.11,21.35,21.35,21.35,21.35,24.40,24.40,24.40,24.40,0.00
United Kingdom,GBR,Wales,UK_WAL,STATE_TOTAL,20220610,0.00,,,,,,0.00,,,0.00,,,,,,0.00,,,0.00,,,,,,0.00,,,0.00,,,,,,0.00,,,0.00,,,,,,0.00,,,0.00,,,,,,0.00,,,0.00,,,,,,0.00,,,0.00,,,0.00,,0.00,,,0.00,,,,,,2.00,1,,1.00,,1.00,,,,0.00,,1.00,1,,,,,1.00,1,,5.00,1,,1.00,1,,,,,1.00,1,,,2,,3,,5-15 yrs,5-15 yrs,2,2,2,2,5,,0,,875029,7506,V,76.41,11.11,11.11,11.11,11.11,21.35,21.35,21.35,21.35,24.40,24.40,24.40,24.40,0.00
United Kingdom,GBR,Wales,UK_WAL,STATE_TOTAL,20220611,0.00,,,,,,0.00,,,0.00,,,,,,0.00,,,0.00,,,,,,0.00,,,0.00,,,,,,0.00,,,0.00,,,,,,0.00,,,0.00,,,,,,0.00,,,0.00,,,,,,0.00,,,0.00,,,0.00,,0.00,,,0.00,,,,,,2.00,1,,1.00,,1.00,,,,0.00,,1.00,1,,,,,1.00,1,,5.00,1,,1.00,1,,,,,1.00,1,,,2,,3,,5-15 yrs,5-15 yrs,2,2,2,2,5,,0,,875029,7506,V,76.42,11.11,11.11,11.11,11.11,21.35,21.35,21.35,21.35,24.40,24.40,24.40,24.40,0.00
United Kingdom,GBR,Wales,UK_WAL,STATE_TOTAL,20220612,0.00,,,,,,0.00,,,0.00,,,,,,0.00,,,0.00,,,,,,0.00,,,0.00,,,,,,0.00,,,0.00,,,,,,0.00,,,0.00,,,,,,0.00,,,0.00,,,,,,0.00,,,0.00,,,0.00,,0.00,,,0.00,,,,,,2.00,1,,1.00,,1.00,,,,0.00,,1.00,1,,,,,1.00,1,,5.00,1,,1.00,1,,,,,1.00,1,,,2,,3,,5-15 yrs,5-15 yrs,2,2,2,2,5,,0,,875029,7506,V,76.44,11.11,11.11,11.11,11.11,21.35,21.35,21.35,21.35,24.40,24.40,24.40,24.40,0.00
United Kingdom,GBR,Wales,UK_WAL,STATE_TOTAL,20220613,0.00,,,,,,0.00,,,0.00,,,,,,0.00,,,0.00,,,,,,0.00,,,0.00,,,,,,0.00,,,0.00,,,,,,0.00,,,0.00,,,,,,0.00,,,0.00,,,,,,0.00,,,0.00,,,0.00,,0.00,,,0.00,,,,,,2.00,1,,1.00,,1.00,,,,0.00,,1.00,1,,,,,1.00,1,,5.00,1,,1.00,1,,,,,1.00,1,,,2,,3,,5-15 yrs,5-15 yrs,2,2,2,2,5,,0,,875029,7506,V,76.44,11.11,11.11,11.11,11.11,21.35,21.35,21.35,21.35,24.40,24.40,24.40,24.40,0.00
United Kingdom,GBR,Wales,UK_WAL,STATE_TOTAL,20220614,0.00,,,,,,0.00,,,0.00,,,,,,0.00,,,0.00,,,,,,0.00,,,0.00,,,,,,0.00,,,0.00,,,,,,0.00,,,0.00,,,,,,0.00,,,0.00,,,,,,0.00,,,0.00,,,0.00,,0.00,,,0.00,,,,,,2.00,1,,1.00,,1.00,,,,0.00,,1.00,1,,,,,1.00,1,,5.00,1,,1.00,1,,,,,1.00,1,,,2,,3,,5-15 yrs,5-15 yrs,2,2,2,2,5,,0,,875029,7506,V,76.45,11.11,11.11,11.11,11.11,21.35,21.35,21.35,21.35,24.40,24.40,24.40,24.40,0.00
United Kingdom,GBR,Wales,UK_WAL,STATE_TOTAL,20220615,0.00,,,,,,0.00,,,0.00,,,,,,0.00,,,0.00,,,,,,0.00,,,0.00,,,,,,0.00,,,0.00,,,,,,0.00,,,0.00,,,,,,0.00,,,0.00,,,,,,0.00,,,0.00,,,0.00,,0.00,,,0.00,,,,,,2.00,1,,1.00,,1.00,,,,0.00,,1.00,1,,,,,1.00,1,,5.00,1,,1.00,1,,,,,1.00,1,,,2,,3,,5-15 yrs,5-15 yrs,2,2,2,2,5,,0,,875029,7506,V,76.45,11.11,11.11,11.11,11.11,21.35,21.35,21.35,21.35,24.40,24.40,24.40,24.40,0.00
United Kingdom,GBR,Wales,UK_WAL,STATE_TOTAL,20220616,0.00,,,,,,0.00,,,0.00,,,,,,0.00,,,0.00,,,,,,0.00,,,0.00,,,,,,0.00,,,0.00,,,,,,0.00,,,0.00,,,,,,0.00,,,0.00,,,,,,0.00,,,0.00,,,0.00,,0.00,,,0.00,,,,,,2.00,1,,1.00,,1.00,,,,0.00,,1.00,1,,,,,1.00,1,,5.00,1,,1.00,1,,,,,1.00,1,,,2,,3,,5-15 yrs,5-15 yrs,2,2,2,2,5,,0,,875497,7517,V,76.46,11.11,11.11,11.11,11.11,21.35,21.35,21.35,21.35,24.40,24.40,24.40,24.40,0.00
United Kingdom,GBR,Wales,UK_WAL,STATE_TOTAL,20220617,0.00,,,,,,0.00,,,0.00,,,,,,0.00,,,0.00,,,,,,0.00,,,0.00,,,,,,0.00,,,0.00,,,,,,0.00,,,0.00,,,,,,0.00,,,0.00,,,,,,0.00,,,0.00,,,0.00,,0.00,,,0.00,,,,,,2.00,1,,1.00,,1.00,,,,0.00,,1.00,1,,,,,1.00,1,,5.00,1,,1.00,1,,,,,1.00,1,,,2,,3,,5-15 yrs,5-15 yrs,2,2,2,2,5,,0,,875497,7517,V,76.47,11.11,11.11,11.11,11.11,21.35,21.35,21.35,21.35,24.40,24.40,24.40,24.40,0.00
United Kingdom,GBR,Wales,UK_WAL,STATE_TOTAL,20220618,0.00,,,,,,0.00,,,0.00,,,,,,0.00,,,0.00,,,,,,0.00,,,0.00,,,,,,0.00,,,0.00,,,,,,0.00,,,0.00,,,,,,0.00,,,0.00,,,,,,0.00,,,0.00,,,0.00,,0.00,,,0.00,,,,,,2.00,1,,1.00,,1.00,,,,0.00,,1.00,1,,,,,1.00,1,,5.00,1,,1.00,1,,,,,1.00,1,,,2,,3,,5-15 yrs,5-15 yrs,2,2,2,2,5,,0,,875497,7517,V,76.48,11.11,11.11,11.11,11.11,21.35,21.35,21.35,21.35,24.40,24.40,24.40,24.40,0.00
United Kingdom,GBR,Wales,UK_WAL,STATE_TOTAL,20220619,0.00,,,,,,0.00,,,0.00,,,,,,0.00,,,0.00,,,,,,0.00,,,0.00,,,,,,0.00,,,0.00,,,,,,0.00,,,0.00,,,,,,0.00,,,0.00,,,,,,0.00,,,0.00,,,0.00,,0.00,,,0.00,,,,,,2.00,1,,1.00,,1.00,,,,0.00,,1.00,1,,,,,1.00,1,,5.00,1,,1.00,1,,,,,1.00,1,,,2,,3,,5-15 yrs,5-15 yrs,2,2,2,2,5,,0,,875497,7517,V,76.49,11.11,11.11,11.11,11.11,21.35,21.35,21.35,21.35,24.40,24.40,24.40,24.40,0.00
United Kingdom,GBR,Wales,UK_WAL,STATE_TOTAL,20220620,0.00,,,,,,0.00,,,0.00,,,,,,0.00,,,0.00,,,,,,0.00,,,0.00,,,,,,0.00,,,0.00,,,,,,0.00,,,0.00,,,,,,0.00,,,0.00,,,,,,0.00,,,0.00,,,0.00,,0.00,,,0.00,,,,,,2.00,1,,1.00,,1.00,,,,0.00,,1.00,1,,,,,1.00,1,,5.00,1,,1.00,1,,,,,1.00,1,,,2,,3,,5-15 yrs,5-15 yrs,2,2,2,2,5,,0,,875497,7517,V,76.50,11.11,11.11,11.11,11.11,21.35,21.35,21.35,21.35,24.40,24.40,24.40,24.40,0.00
United Kingdom,GBR,Wales,UK_WAL,STATE_TOTAL,20220621,0.00,,,,,,0.00,,,0.00,,,,,,0.00,,,0.00,,,,,,0.00,,,0.00,,,,,,0.00,,,0.00,,,,,,0.00,,,0.00,,,,,,0.00,,,0.00,,,,,,0.00,,,0.00,,,0.00,,0.00,,,0.00,,,,,,2.00,1,,1.00,,1.00,,,,0.00,,1.00,1,,,,,1.00,1,,5.00,1,,1.00,1,,,,,1.00,1,,,2,,3,,5-15 yrs,5-15 yrs,2,2,2,2,5,,0,,875497,7517,V,76.51,11.11,11.11,11.11,11.11,21.35,21.35,21.35,21.35,24.40,24.40,24.40,24.40,0.00
United Kingdom,GBR,Wales,UK_WAL,STATE_TOTAL,20220622,0.00,,,,,,0.00,,,0.00,,,,,,0.00,,,0.00,,,,,,0.00,,,0.00,,,,,,0.00,,,0.00,,,,,,0.00,,,0.00,,,,,,0.00,,,0.00,,,,,,0.00,,,0.00,,,0.00,,0.00,,,0.00,,,,,,2.00,1,,1.00,,1.00,,,,0.00,,1.00,1,,,,,1.00,1,,5.00,1,,1.00,1,,,,,1.00,1,,,2,,3,,5-15 yrs,5-15 yrs,2,2,2,2,5,,0,,875497,7517,V,76.52,11.11,11.11,11.11,11.11,21.35,21.35,21.35,21.35,24.40,24.40,24.40,24.40,0.00
United Kingdom,GBR,Wales,UK_WAL,STATE_TOTAL,20220623,0.00,,,,,,0.00,,,0.00,,,,,,0.00,,,0.00,,,,,,0.00,,,0.00,,,,,,0.00,,,0.00,,,,,,0.00,,,0.00,,,,,,0.00,,,0.00,,,,,,0.00,,,0.00,,,0.00,,0.00,,,0.00,,,,,,2.00,1,,1.00,,1.00,,,,0.00,,1.00,1,,,,,1.00,1,"Still recommendation October 2022    http://web.archive.org/web/20221010144222/https://gov.wales/public-health-guidance-general-public",5.00,1,,1.00,1,,,,,1.00,1,"Ongoing recommendations remain in October 2022    http://web.archive.org/web/20221010144424/https://gov.wales/infection-prevention-and-control-social-care-social-care-transition-plan-html",,2,,3,,5-15 yrs,5-15 yrs,2,2,2,2,5,,0,,876295,7529,V,76.53,11.11,11.11,11.11,11.11,21.35,21.35,21.35,21.35,24.40,24.40,24.40,24.40,0.00
United Kingdom,GBR,Wales,UK_WAL,STATE_TOTAL,20220624,0.00,,,,,,0.00,,,0.00,,,,,,0.00,,,0.00,,,,,,0.00,,,0.00,,,,,,0.00,,,0.00,,,,,,0.00,,,0.00,,,,,,0.00,,,0.00,,,,,,0.00,,,0.00,,,0.00,,0.00,,,0.00,,,,,,2.00,1,,1.00,,1.00,,,,0.00,,1.00,1,,,,,1.00,1,,5.00,1,,1.00,1,,,,,1.00,1,,,2,,3,,5-15 yrs,5-15 yrs,2,2,2,2,5,,0,,877490,7529,V,76.54,11.11,11.11,11.11,11.11,21.35,21.35,21.35,21.35,24.40,24.40,24.40,24.40,0.00
United Kingdom,GBR,Wales,UK_WAL,STATE_TOTAL,20220625,0.00,,,,,,0.00,,,0.00,,,,,,0.00,,,0.00,,,,,,0.00,,,0.00,,,,,,0.00,,,0.00,,,,,,0.00,,,0.00,,,,,,0.00,,,0.00,,,,,,0.00,,,0.00,,,0.00,,0.00,,,0.00,,,,,,2.00,1,,1.00,,1.00,,,,0.00,,1.00,1,,,,,1.00,1,,5.00,1,,1.00,1,,,,,1.00,1,,,2,,3,,5-15 yrs,5-15 yrs,2,2,2,2,5,,0,,877490,7529,V,76.55,11.11,11.11,11.11,11.11,21.35,21.35,21.35,21.35,24.40,24.40,24.40,24.40,0.00
United Kingdom,GBR,Wales,UK_WAL,STATE_TOTAL,20220626,0.00,,,,,,0.00,,,0.00,,,,,,0.00,,,0.00,,,,,,0.00,,,0.00,,,,,,0.00,,,0.00,,,,,,0.00,,,0.00,,,,,,0.00,,,0.00,,,,,,0.00,,,0.00,,,0.00,,0.00,,,0.00,,,,,,2.00,1,,1.00,,1.00,,,,0.00,,1.00,1,,,,,1.00,1,,5.00,1,,1.00,1,,,,,1.00,1,,,2,,3,,5-15 yrs,5-15 yrs,2,2,2,2,5,,0,,877490,7529,V,76.58,11.11,11.11,11.11,11.11,21.35,21.35,21.35,21.35,24.40,24.40,24.40,24.40,0.00
United Kingdom,GBR,Wales,UK_WAL,STATE_TOTAL,20220627,0.00,,,,,,0.00,,,0.00,,,,,,0.00,,,0.00,,,,,,0.00,,,0.00,,,,,,0.00,,,0.00,,,,,,0.00,,,0.00,,,,,,0.00,,,0.00,,,,,,0.00,,,0.00,,,0.00,,0.00,,,0.00,,,,,,2.00,1,,1.00,,1.00,,,,0.00,,1.00,1,,,,,1.00,1,,5.00,1,,1.00,1,,,,,1.00,1,,,2,,3,,5-15 yrs,5-15 yrs,2,2,2,2,5,,0,,877490,7529,V,76.59,11.11,11.11,11.11,11.11,21.35,21.35,21.35,21.35,24.40,24.40,24.40,24.40,0.00
United Kingdom,GBR,Wales,UK_WAL,STATE_TOTAL,20220628,0.00,,,,,,0.00,,,0.00,,,,,,0.00,,,0.00,,,,,,0.00,,,0.00,,,,,,0.00,,,0.00,,,,,,0.00,,,0.00,,,,,,0.00,,,0.00,,,,,,0.00,,,0.00,,,0.00,,0.00,,,0.00,,,,,,2.00,1,,1.00,,1.00,,,,0.00,,1.00,1,,,,,1.00,1,,5.00,1,,1.00,1,,,,,1.00,1,,,2,,3,,5-15 yrs,5-15 yrs,2,2,2,2,5,,0,,877490,7529,V,76.60,11.11,11.11,11.11,11.11,21.35,21.35,21.35,21.35,24.40,24.40,24.40,24.40,0.00
United Kingdom,GBR,Wales,UK_WAL,STATE_TOTAL,20220629,0.00,,,,,,0.00,,,0.00,,,,,,0.00,,,0.00,,,,,,0.00,,,0.00,,,,,,0.00,,,0.00,,,,,,0.00,,,0.00,,,,,,0.00,,,0.00,,,,,,0.00,,,0.00,,,0.00,,0.00,,,0.00,,,,,,2.00,1,,1.00,,1.00,,,,0.00,,1.00,1,,,,,1.00,1,,5.00,1,,1.00,1,,,,,1.00,1,,,2,,3,,5-15 yrs,5-15 yrs,2,2,2,2,5,,0,,877490,7529,V,76.61,11.11,11.11,11.11,11.11,21.35,21.35,21.35,21.35,24.40,24.40,24.40,24.40,0.00
United Kingdom,GBR,Wales,UK_WAL,STATE_TOTAL,20220630,0.00,,,,,,0.00,,,0.00,,,,,,0.00,,,0.00,,,,,,0.00,,,0.00,,,,,,0.00,,,0.00,,,,,,0.00,,,0.00,,,,,,0.00,,,0.00,,,,,,0.00,,,0.00,,,0.00,,0.00,,,0.00,,,,,,2.00,1,,1.00,,1.00,,,,0.00,,1.00,1,,,,,1.00,1,,5.00,1,,1.00,1,,,,,1.00,1,,,2,,3,,5-15 yrs,5-15 yrs,2,2,2,2,5,,0,,877490,7546,V,76.62,11.11,11.11,11.11,11.11,21.35,21.35,21.35,21.35,24.40,24.40,24.40,24.40,0.00
United Kingdom,GBR,Wales,UK_WAL,STATE_TOTAL,20220701,0.00,,,,,,0.00,,,0.00,,,,,,0.00,,,0.00,,,,,,0.00,,,0.00,,,,,,0.00,,,0.00,,,,,,0.00,,,0.00,,,,,,0.00,,,0.00,,,,,,0.00,,,0.00,,,0.00,,0.00,,,0.00,,,,,,2.00,1,,1.00,,0.00,,,,0.00,,1.00,1,,,,,1.00,1,,5.00,1,,1.00,1,,,,,1.00,1,,,2,,3,,5-15 yrs,5-15 yrs,2,2,2,2,5,,0,,877490,7546,V,76.62,11.11,11.11,11.11,11.11,18.23,18.23,18.23,18.23,20.83,20.83,20.83,20.83,0.00
United Kingdom,GBR,Wales,UK_WAL,STATE_TOTAL,20220702,0.00,,,,,,0.00,,,0.00,,,,,,0.00,,,0.00,,,,,,0.00,,,0.00,,,,,,0.00,,,0.00,,,,,,0.00,,,0.00,,,,,,0.00,,,0.00,,,,,,0.00,,,0.00,,,0.00,,0.00,,,0.00,,,,,,2.00,1,,1.00,,0.00,,,,0.00,,1.00,1,,,,,1.00,1,,5.00,1,,1.00,1,,,,,1.00,1,,,2,,3,,5-15 yrs,5-15 yrs,2,2,2,2,5,,0,,877490,7546,V,76.68,11.11,11.11,11.11,11.11,18.23,18.23,18.23,18.23,20.83,20.83,20.83,20.83,0.00
United Kingdom,GBR,Wales,UK_WAL,STATE_TOTAL,20220703,0.00,,,,,,0.00,,,0.00,,,,,,0.00,,,0.00,,,,,,0.00,,,0.00,,,,,,0.00,,,0.00,,,,,,0.00,,,0.00,,,,,,0.00,,,0.00,,,,,,0.00,,,0.00,,,0.00,,0.00,,,0.00,,,,,,2.00,1,,1.00,,0.00,,,,0.00,,1.00,1,,,,,1.00,1,,5.00,1,,1.00,1,,,,,1.00,1,,,2,,3,,5-15 yrs,5-15 yrs,2,2,2,2,5,,0,,877490,7546,V,76.71,11.11,11.11,11.11,11.11,18.23,18.23,18.23,18.23,20.83,20.83,20.83,20.83,0.00
United Kingdom,GBR,Wales,UK_WAL,STATE_TOTAL,20220704,0.00,,,,,,0.00,,,0.00,,,,,,0.00,,,0.00,,,,,,0.00,,,0.00,,,,,,0.00,,,0.00,,,,,,0.00,,,0.00,,,,,,0.00,,,0.00,,,,,,0.00,,,0.00,,,0.00,,0.00,,,0.00,,,,,,2.00,1,,1.00,,0.00,,,,0.00,,1.00,1,,,,,1.00,1,,5.00,1,,1.00,1,,,,,1.00,1,,,2,,3,,5-15 yrs,5-15 yrs,2,2,2,2,5,,0,,877490,7546,V,76.71,11.11,11.11,11.11,11.11,18.23,18.23,18.23,18.23,20.83,20.83,20.83,20.83,0.00
United Kingdom,GBR,Wales,UK_WAL,STATE_TOTAL,20220705,0.00,,,,,,0.00,,,0.00,,,,,,0.00,,,0.00,,,,,,0.00,,,0.00,,,,,,0.00,,,0.00,,,,,,0.00,,,0.00,,,,,,0.00,,,0.00,,,,,,0.00,,,0.00,,,0.00,,0.00,,,0.00,,,,,,2.00,1,,1.00,,0.00,,,,0.00,,1.00,1,,,,,1.00,1,,5.00,1,,1.00,1,,,,,1.00,1,,,2,,3,,5-15 yrs,5-15 yrs,2,2,2,2,5,,0,,877490,7546,V,76.72,11.11,11.11,11.11,11.11,18.23,18.23,18.23,18.23,20.83,20.83,20.83,20.83,0.00
United Kingdom,GBR,Wales,UK_WAL,STATE_TOTAL,20220706,0.00,,,,,,0.00,,,0.00,,,,,,0.00,,,0.00,,,,,,0.00,,,0.00,,,,,,0.00,,,0.00,,,,,,0.00,,,0.00,,,,,,0.00,,,0.00,,,,,,0.00,,,0.00,,,0.00,,0.00,,,0.00,,,,,,2.00,1,,1.00,,0.00,,,,0.00,,1.00,1,,,,,1.00,1,,5.00,1,,1.00,1,,,,,1.00,1,,,2,,3,,5-15 yrs,5-15 yrs,2,2,2,2,5,,0,,877490,7546,V,76.73,11.11,11.11,11.11,11.11,18.23,18.23,18.23,18.23,20.83,20.83,20.83,20.83,0.00
United Kingdom,GBR,Wales,UK_WAL,STATE_TOTAL,20220707,0.00,,,,,,0.00,,,0.00,,,,,,0.00,,,0.00,,,,,,0.00,,,0.00,,,,,,0.00,,,0.00,,,,,,0.00,,,0.00,,,,,,0.00,,,0.00,,,,,,0.00,,,0.00,,,0.00,,0.00,,,0.00,,,,,,2.00,1,,1.00,,0.00,,,,0.00,,1.00,1,,,,,1.00,1,,5.00,1,,1.00,1,,,,,1.00,1,,,2,,3,,5-15 yrs,5-15 yrs,2,2,2,2,5,,0,,878929,7558,V,76.74,11.11,11.11,11.11,11.11,18.23,18.23,18.23,18.23,20.83,20.83,20.83,20.83,0.00
United Kingdom,GBR,Wales,UK_WAL,STATE_TOTAL,20220708,0.00,,,,,,0.00,,,0.00,,,,,,0.00,,,0.00,,,,,,0.00,,,0.00,,,,,,0.00,,,0.00,,,,,,0.00,,,0.00,,,,,,0.00,,,0.00,,,,,,0.00,,,0.00,,,0.00,,0.00,,,0.00,,,,,,2.00,1,,1.00,,0.00,,,,0.00,,1.00,1,,,,,1.00,1,,5.00,1,,1.00,1,,,,,1.00,1,,,2,,3,,5-15 yrs,5-15 yrs,2,2,2,2,5,,0,,878929,7558,V,76.75,11.11,11.11,11.11,11.11,18.23,18.23,18.23,18.23,20.83,20.83,20.83,20.83,0.00
United Kingdom,GBR,Wales,UK_WAL,STATE_TOTAL,20220709,0.00,,,,,,0.00,,,0.00,,,,,,0.00,,,0.00,,,,,,0.00,,,0.00,,,,,,0.00,,,0.00,,,,,,0.00,,,0.00,,,,,,0.00,,,0.00,,,,,,0.00,,,0.00,,,0.00,,0.00,,,0.00,,,,,,2.00,1,,1.00,,0.00,,,,0.00,,1.00,1,,,,,1.00,1,,5.00,1,,1.00,1,,,,,1.00,1,,,2,,3,,5-15 yrs,5-15 yrs,2,2,2,2,5,,0,,878929,7558,V,76.76,11.11,11.11,11.11,11.11,18.23,18.23,18.23,18.23,20.83,20.83,20.83,20.83,0.00
United Kingdom,GBR,Wales,UK_WAL,STATE_TOTAL,20220710,0.00,,,,,,0.00,,,0.00,,,,,,0.00,,,0.00,,,,,,0.00,,,0.00,,,,,,0.00,,,0.00,,,,,,0.00,,,0.00,,,,,,0.00,,,0.00,,,,,,0.00,,,0.00,,,0.00,,0.00,,,0.00,,,,,,2.00,1,,1.00,,0.00,,,,0.00,,1.00,1,,,,,1.00,1,,5.00,1,,1.00,1,,,,,1.00,1,,,2,,3,,5-15 yrs,5-15 yrs,2,2,2,2,5,,0,,878929,7558,V,76.78,11.11,11.11,11.11,11.11,18.23,18.23,18.23,18.23,20.83,20.83,20.83,20.83,0.00
United Kingdom,GBR,Wales,UK_WAL,STATE_TOTAL,20220711,0.00,,,,,,0.00,,,0.00,,,,,,0.00,,,0.00,,,,,,0.00,,,0.00,,,,,,0.00,,,0.00,,,,,,0.00,,,0.00,,,,,,0.00,,,0.00,,,,,,0.00,,,0.00,,,0.00,,0.00,,,0.00,,,,,,2.00,1,,1.00,,0.00,,,,0.00,,1.00,1,,,,,1.00,1,,5.00,1,,1.00,1,,,,,1.00,1,,,2,,3,,5-15 yrs,5-15 yrs,2,2,2,2,5,,0,,878929,7558,V,76.78,11.11,11.11,11.11,11.11,18.23,18.23,18.23,18.23,20.83,20.83,20.83,20.83,0.00
United Kingdom,GBR,Wales,UK_WAL,STATE_TOTAL,20220712,0.00,,,,,,0.00,,,0.00,,,,,,0.00,,,0.00,,,,,,0.00,,,0.00,,,,,,0.00,,,0.00,,,,,,0.00,,,0.00,,,,,,0.00,,,0.00,,,,,,0.00,,,0.00,,,0.00,,0.00,,,0.00,,,,,,2.00,1,,1.00,,0.00,,,,0.00,,1.00,1,,,,,1.00,1,,5.00,1,,1.00,1,,,,,1.00,1,,,2,,3,,5-15 yrs,5-15 yrs,2,2,2,2,5,,0,,878929,7558,V,76.80,11.11,11.11,11.11,11.11,18.23,18.23,18.23,18.23,20.83,20.83,20.83,20.83,0.00
United Kingdom,GBR,Wales,UK_WAL,STATE_TOTAL,20220713,0.00,,,,,,0.00,,,0.00,,,,,,0.00,,,0.00,,,,,,0.00,,,0.00,,,,,,0.00,,,0.00,,,,,,0.00,,,0.00,,,,,,0.00,,,0.00,,,,,,0.00,,,0.00,,,0.00,,0.00,,,0.00,,,,,,2.00,1,,1.00,,0.00,,,,0.00,,1.00,1,,,,,1.00,1,,5.00,1,,1.00,1,,,,,1.00,1,,,2,,3,,5-15 yrs,5-15 yrs,2,2,2,2,5,,0,,878929,7558,V,76.81,11.11,11.11,11.11,11.11,18.23,18.23,18.23,18.23,20.83,20.83,20.83,20.83,0.00
United Kingdom,GBR,Wales,UK_WAL,STATE_TOTAL,20220714,0.00,,,,,,0.00,,,0.00,,,,,,0.00,,,0.00,,,,,,0.00,,,0.00,,,,,,0.00,,,0.00,,,,,,0.00,,,0.00,,,,,,0.00,,,0.00,,,,,,0.00,,,0.00,,,0.00,,0.00,,,0.00,,,,,,2.00,1,,1.00,,0.00,,,,0.00,,1.00,1,,,,,1.00,1,,5.00,1,,1.00,1,,,,,1.00,1,,,2,,3,,5-15 yrs,5-15 yrs,2,2,2,2,5,,0,,880358,7605,V,76.82,11.11,11.11,11.11,11.11,18.23,18.23,18.23,18.23,20.83,20.83,20.83,20.83,0.00
United Kingdom,GBR,Wales,UK_WAL,STATE_TOTAL,20220715,0.00,,,,,,0.00,,,0.00,,,,,,0.00,,,0.00,,,,,,0.00,,,0.00,,,,,,0.00,,,0.00,,,,,,0.00,,,0.00,,,,,,0.00,,,0.00,,,,,,0.00,,,0.00,,,0.00,,0.00,,,0.00,,,,,,2.00,1,,1.00,,0.00,,,,0.00,,1.00,1,,,,,1.00,1,,5.00,1,,1.00,1,,,,,1.00,1,,,2,,3,,5-15 yrs,5-15 yrs,2,2,2,2,5,,0,,880358,7605,V,76.82,11.11,11.11,11.11,11.11,18.23,18.23,18.23,18.23,20.83,20.83,20.83,20.83,0.00
United Kingdom,GBR,Wales,UK_WAL,STATE_TOTAL,20220716,0.00,,,,,,0.00,,,0.00,,,,,,0.00,,,0.00,,,,,,0.00,,,0.00,,,,,,0.00,,,0.00,,,,,,0.00,,,0.00,,,,,,0.00,,,0.00,,,,,,0.00,,,0.00,,,0.00,,0.00,,,0.00,,,,,,2.00,1,,1.00,,0.00,,,,0.00,,1.00,1,,,,,1.00,1,,5.00,1,,1.00,1,,,,,1.00,1,,,2,,3,,5-15 yrs,5-15 yrs,2,2,2,2,5,,0,,880358,7605,V,76.85,11.11,11.11,11.11,11.11,18.23,18.23,18.23,18.23,20.83,20.83,20.83,20.83,0.00
United Kingdom,GBR,Wales,UK_WAL,STATE_TOTAL,20220717,0.00,,,,,,0.00,,,0.00,,,,,,0.00,,,0.00,,,,,,0.00,,,0.00,,,,,,0.00,,,0.00,,,,,,0.00,,,0.00,,,,,,0.00,,,0.00,,,,,,0.00,,,0.00,,,0.00,,0.00,,,0.00,,,,,,2.00,1,,1.00,,0.00,,,,0.00,,1.00,1,,,,,1.00,1,,5.00,1,,1.00,1,,,,,1.00,1,,,2,,3,,5-15 yrs,5-15 yrs,2,2,2,2,5,,0,,880358,7605,V,76.86,11.11,11.11,11.11,11.11,18.23,18.23,18.23,18.23,20.83,20.83,20.83,20.83,0.00
United Kingdom,GBR,Wales,UK_WAL,STATE_TOTAL,20220718,0.00,,,,,,0.00,,,0.00,,,,,,0.00,,,0.00,,,,,,0.00,,,0.00,,,,,,0.00,,,0.00,,,,,,0.00,,,0.00,,,,,,0.00,,,0.00,,,,,,0.00,,,0.00,,,0.00,,0.00,,,0.00,,,,,,2.00,1,,1.00,,0.00,,,,0.00,,1.00,1,,,,,1.00,1,,5.00,1,,1.00,1,,,,,1.00,1,,,2,,3,,5-15 yrs,5-15 yrs,2,2,2,2,5,,0,,880358,7605,V,76.88,11.11,11.11,11.11,11.11,18.23,18.23,18.23,18.23,20.83,20.83,20.83,20.83,0.00
United Kingdom,GBR,Wales,UK_WAL,STATE_TOTAL,20220719,0.00,,,,,,0.00,,,0.00,,,,,,0.00,,,0.00,,,,,,0.00,,,0.00,,,,,,0.00,,,0.00,,,,,,0.00,,,0.00,,,,,,0.00,,,0.00,,,,,,0.00,,,0.00,,,0.00,,0.00,,,0.00,,,,,,2.00,1,,1.00,,0.00,,,,0.00,,1.00,1,,,,,1.00,1,,5.00,1,,1.00,1,,,,,1.00,1,,,2,,3,,5-15 yrs,5-15 yrs,2,2,2,2,5,,0,,880358,7605,V,76.89,11.11,11.11,11.11,11.11,18.23,18.23,18.23,18.23,20.83,20.83,20.83,20.83,0.00
United Kingdom,GBR,Wales,UK_WAL,STATE_TOTAL,20220720,0.00,,,,,,0.00,,,0.00,,,,,,0.00,,,0.00,,,,,,0.00,,,0.00,,,,,,0.00,,,0.00,,,,,,0.00,,,0.00,,,,,,0.00,,,0.00,,,,,,0.00,,,0.00,,,0.00,,0.00,,,0.00,,,,,,2.00,1,,1.00,,0.00,,,,0.00,,1.00,1,,,,,1.00,1,,5.00,1,,1.00,1,,,,,1.00,1,,,2,,3,,5-15 yrs,5-15 yrs,2,2,2,2,5,,0,,880358,7605,V,76.90,11.11,11.11,11.11,11.11,18.23,18.23,18.23,18.23,20.83,20.83,20.83,20.83,0.00
United Kingdom,GBR,Wales,UK_WAL,STATE_TOTAL,20220721,0.00,,,,,,0.00,,,0.00,,,,,,0.00,,,0.00,,,,,,0.00,,,0.00,,,,,,0.00,,,0.00,,,,,,0.00,,,0.00,,,,,,0.00,,,0.00,,,,,,0.00,,,0.00,,,0.00,,0.00,,,0.00,,,,,,2.00,1,,1.00,,0.00,,,,0.00,,1.00,1,,,,,1.00,1,,5.00,1,,1.00,1,,,,,1.00,1,,,2,,3,,5-15 yrs,5-15 yrs,2,2,2,2,5,,0,,881293,7634,V,76.92,11.11,11.11,11.11,11.11,18.23,18.23,18.23,18.23,20.83,20.83,20.83,20.83,0.00
United Kingdom,GBR,Wales,UK_WAL,STATE_TOTAL,20220722,0.00,,,,,,0.00,,,0.00,,,,,,0.00,,,0.00,,,,,,0.00,,,0.00,,,,,,0.00,,,0.00,,,,,,0.00,,,0.00,,,,,,0.00,,,0.00,,,,,,0.00,,,0.00,,,0.00,,0.00,,,0.00,,,,,,2.00,1,,1.00,,0.00,,,,0.00,,1.00,1,,,,,1.00,1,,5.00,1,,1.00,1,,,,,1.00,1,,,2,,3,,5-15 yrs,5-15 yrs,2,2,2,2,5,,0,,881293,7634,V,76.93,11.11,11.11,11.11,11.11,18.23,18.23,18.23,18.23,20.83,20.83,20.83,20.83,0.00
United Kingdom,GBR,Wales,UK_WAL,STATE_TOTAL,20220723,0.00,,,,,,0.00,,,0.00,,,,,,0.00,,,0.00,,,,,,0.00,,,0.00,,,,,,0.00,,,0.00,,,,,,0.00,,,0.00,,,,,,0.00,,,0.00,,,,,,0.00,,,0.00,,,0.00,,0.00,,,0.00,,,,,,2.00,1,,1.00,,0.00,,,,0.00,,1.00,1,,,,,1.00,1,,5.00,1,,1.00,1,,,,,1.00,1,,,2,,3,,5-15 yrs,5-15 yrs,2,2,2,2,5,,0,,881293,7634,V,76.96,11.11,11.11,11.11,11.11,18.23,18.23,18.23,18.23,20.83,20.83,20.83,20.83,0.00
United Kingdom,GBR,Wales,UK_WAL,STATE_TOTAL,20220724,0.00,,,,,,0.00,,,0.00,,,,,,0.00,,,0.00,,,,,,0.00,,,0.00,,,,,,0.00,,,0.00,,,,,,0.00,,,0.00,,,,,,0.00,,,0.00,,,,,,0.00,,,0.00,,,0.00,,0.00,,,0.00,,,,,,2.00,1,,1.00,,0.00,,,,0.00,,1.00,1,,,,,1.00,1,,5.00,1,,1.00,1,,,,,1.00,1,,,2,,3,,5-15 yrs,5-15 yrs,2,2,2,2,5,,0,,881293,7634,V,76.97,11.11,11.11,11.11,11.11,18.23,18.23,18.23,18.23,20.83,20.83,20.83,20.83,0.00
United Kingdom,GBR,Wales,UK_WAL,STATE_TOTAL,20220725,0.00,,,,,,0.00,,,0.00,,,,,,0.00,,,0.00,,,,,,0.00,,,0.00,,,,,,0.00,,,0.00,,,,,,0.00,,,0.00,,,,,,0.00,,,0.00,,,,,,0.00,,,0.00,,,0.00,,0.00,,,0.00,,,,,,2.00,1,,1.00,,0.00,,,,0.00,,1.00,1,,,,,1.00,1,,5.00,1,,1.00,1,,,,,1.00,1,,,2,,3,,5-15 yrs,5-15 yrs,2,2,2,2,5,,0,,881293,7634,V,76.98,11.11,11.11,11.11,11.11,18.23,18.23,18.23,18.23,20.83,20.83,20.83,20.83,0.00
United Kingdom,GBR,Wales,UK_WAL,STATE_TOTAL,20220726,0.00,,,,,,0.00,,,0.00,,,,,,0.00,,,0.00,,,,,,0.00,,,0.00,,,,,,0.00,,,0.00,,,,,,0.00,,,0.00,,,,,,0.00,,,0.00,,,,,,0.00,,,0.00,,,0.00,,0.00,,,0.00,,,,,,2.00,1,,1.00,,0.00,,,,0.00,,1.00,1,,,,,1.00,1,,5.00,1,,1.00,1,,,,,1.00,1,,,2,,3,,5-15 yrs,5-15 yrs,2,2,2,2,5,,0,,881293,7634,V,77.01,11.11,11.11,11.11,11.11,18.23,18.23,18.23,18.23,20.83,20.83,20.83,20.83,0.00
United Kingdom,GBR,Wales,UK_WAL,STATE_TOTAL,20220727,0.00,,,,,,0.00,,,0.00,,,,,,0.00,,,0.00,,,,,,0.00,,,0.00,,,,,,0.00,,,0.00,,,,,,0.00,,,0.00,,,,,,0.00,,,0.00,,,,,,0.00,,,0.00,,,0.00,,0.00,,,0.00,,,,,,2.00,1,,1.00,,0.00,,,,0.00,,1.00,1,,,,,1.00,1,,5.00,1,,1.00,1,,,,,1.00,1,,,2,,3,,5-15 yrs,5-15 yrs,2,2,2,2,5,,0,,881293,7634,V,77.02,11.11,11.11,11.11,11.11,18.23,18.23,18.23,18.23,20.83,20.83,20.83,20.83,0.00
United Kingdom,GBR,Wales,UK_WAL,STATE_TOTAL,20220728,0.00,,,,,,0.00,,,0.00,,,,,,0.00,,,0.00,,,,,,0.00,,,0.00,,,,,,0.00,,,0.00,,,,,,0.00,,,0.00,,,,,,0.00,,,0.00,,,,,,0.00,,,0.00,,,0.00,,0.00,,,0.00,,,,,,2.00,1,,1.00,,0.00,,,,0.00,,1.00,1,,,,,1.00,1,,5.00,1,,1.00,1,,,,,1.00,1,,,2,,3,,5-15 yrs,5-15 yrs,2,2,2,2,5,,0,,882004,7658,V,77.04,11.11,11.11,11.11,11.11,18.23,18.23,18.23,18.23,20.83,20.83,20.83,20.83,0.00
United Kingdom,GBR,Wales,UK_WAL,STATE_TOTAL,20220729,0.00,,,,,,0.00,,,0.00,,,,,,0.00,,,0.00,,,,,,0.00,,,0.00,,,,,,0.00,,,0.00,,,,,,0.00,,,0.00,,,,,,0.00,,,0.00,,,,,,0.00,,,0.00,,,0.00,,0.00,,,0.00,,,,,,2.00,1,,1.00,,0.00,,,,0.00,,1.00,1,,,,,1.00,1,,5.00,1,,1.00,1,,,,,1.00,1,,,2,,3,,5-15 yrs,5-15 yrs,2,2,2,2,5,,0,,882004,7658,V,77.05,11.11,11.11,11.11,11.11,18.23,18.23,18.23,18.23,20.83,20.83,20.83,20.83,0.00
United Kingdom,GBR,Wales,UK_WAL,STATE_TOTAL,20220730,0.00,,,,,,0.00,,,0.00,,,,,,0.00,,,0.00,,,,,,0.00,,,0.00,,,,,,0.00,,,0.00,,,,,,0.00,,,0.00,,,,,,0.00,,,0.00,,,,,,0.00,,,0.00,,,0.00,,0.00,,,0.00,,,,,,2.00,1,,1.00,,0.00,,,,0.00,,1.00,1,,,,,1.00,1,,5.00,1,,1.00,1,,,,,1.00,1,,,2,,3,,5-15 yrs,5-15 yrs,2,2,2,2,5,,0,,882004,7658,V,77.07,11.11,11.11,11.11,11.11,18.23,18.23,18.23,18.23,20.83,20.83,20.83,20.83,0.00
United Kingdom,GBR,Wales,UK_WAL,STATE_TOTAL,20220731,0.00,,,,,,0.00,,,0.00,,,,,,0.00,,,0.00,,,,,,0.00,,,0.00,,,,,,0.00,,,0.00,,,,,,0.00,,,0.00,,,,,,0.00,,,0.00,,,,,,0.00,,,0.00,,,0.00,,0.00,,,0.00,,,,,,2.00,1,,1.00,,0.00,,,,0.00,,1.00,1,,,,,1.00,1,,5.00,1,,1.00,1,,,,,1.00,1,,,2,,3,,5-15 yrs,5-15 yrs,2,2,2,2,5,,0,,882004,7658,V,77.08,11.11,11.11,11.11,11.11,18.23,18.23,18.23,18.23,20.83,20.83,20.83,20.83,0.00
United Kingdom,GBR,Wales,UK_WAL,STATE_TOTAL,20220801,0.00,,,,,,0.00,,,0.00,,,,,,0.00,,,0.00,,,,,,0.00,,,0.00,,,,,,0.00,,,0.00,,,,,,0.00,,,0.00,,,,,,0.00,,,0.00,,,,,,0.00,,,0.00,,,0.00,,0.00,,,0.00,,,,,,2.00,1,,1.00,,0.00,,,,0.00,,1.00,1,,,,,1.00,1,,5.00,1,,1.00,1,,,,,1.00,1,,,2,,3,,5-15 yrs,5-15 yrs,2,2,2,2,5,,0,,882004,7658,V,77.10,11.11,11.11,11.11,11.11,18.23,18.23,18.23,18.23,20.83,20.83,20.83,20.83,0.00
United Kingdom,GBR,Wales,UK_WAL,STATE_TOTAL,20220802,0.00,,,,,,0.00,,,0.00,,,,,,0.00,,,0.00,,,,,,0.00,,,0.00,,,,,,0.00,,,0.00,,,,,,0.00,,,0.00,,,,,,0.00,,,0.00,,,,,,0.00,,,0.00,,,0.00,,0.00,,,0.00,,,,,,2.00,1,,1.00,,0.00,,,,0.00,,1.00,1,,,,,1.00,1,,5.00,1,,1.00,1,,,,,1.00,1,,,2,,3,,5-15 yrs,5-15 yrs,2,2,2,2,5,,0,,882004,7658,V,77.14,11.11,11.11,11.11,11.11,18.23,18.23,18.23,18.23,20.83,20.83,20.83,20.83,0.00
United Kingdom,GBR,Wales,UK_WAL,STATE_TOTAL,20220803,0.00,,,,,,0.00,,,0.00,,,,,,0.00,,,0.00,,,,,,0.00,,,0.00,,,,,,0.00,,,0.00,,,,,,0.00,,,0.00,,,,,,0.00,,,0.00,,,,,,0.00,,,0.00,,,0.00,,0.00,,,0.00,,,,,,2.00,1,,1.00,,0.00,,,,0.00,,1.00,1,,,,,1.00,1,,5.00,1,,1.00,1,,,,,1.00,1,,,2,,3,,5-15 yrs,5-15 yrs,2,2,2,2,5,,0,,882004,7658,V,77.15,11.11,11.11,11.11,11.11,18.23,18.23,18.23,18.23,20.83,20.83,20.83,20.83,0.00
United Kingdom,GBR,Wales,UK_WAL,STATE_TOTAL,20220804,0.00,,,,,,0.00,,,0.00,,,,,,0.00,,,0.00,,,,,,0.00,,,0.00,,,,,,0.00,,,0.00,,,,,,0.00,,,0.00,,,,,,0.00,,,0.00,,,,,,0.00,,,0.00,,,0.00,,0.00,,,0.00,,,,,,2.00,1,,1.00,,0.00,,,,0.00,,1.00,1,,,,,1.00,1,,5.00,1,,1.00,1,,,,,1.00,1,,,2,,3,,5-15 yrs,5-15 yrs,2,2,2,2,5,,0,,882554,7703,V,77.16,11.11,11.11,11.11,11.11,18.23,18.23,18.23,18.23,20.83,20.83,20.83,20.83,0.00
United Kingdom,GBR,Wales,UK_WAL,STATE_TOTAL,20220805,0.00,,,,,,0.00,,,0.00,,,,,,0.00,,,0.00,,,,,,0.00,,,0.00,,,,,,0.00,,,0.00,,,,,,0.00,,,0.00,,,,,,0.00,,,0.00,,,,,,0.00,,,0.00,,,0.00,,0.00,,,0.00,,,,,,2.00,1,,1.00,,0.00,,,,0.00,,1.00,1,,,,,1.00,1,,5.00,1,,1.00,1,,,,,1.00,1,,,2,,3,,5-15 yrs,5-15 yrs,2,2,2,2,5,,0,,882554,7703,V,77.17,11.11,11.11,11.11,11.11,18.23,18.23,18.23,18.23,20.83,20.83,20.83,20.83,0.00
United Kingdom,GBR,Wales,UK_WAL,STATE_TOTAL,20220806,0.00,,,,,,0.00,,,0.00,,,,,,0.00,,,0.00,,,,,,0.00,,,0.00,,,,,,0.00,,,0.00,,,,,,0.00,,,0.00,,,,,,0.00,,,0.00,,,,,,0.00,,,0.00,,,0.00,,0.00,,,0.00,,,,,,2.00,1,,1.00,,0.00,,,,0.00,,1.00,1,,,,,1.00,1,,5.00,1,,1.00,1,,,,,1.00,1,,,2,,3,,5-15 yrs,5-15 yrs,2,2,2,2,5,,0,,882554,7703,V,77.19,11.11,11.11,11.11,11.11,18.23,18.23,18.23,18.23,20.83,20.83,20.83,20.83,0.00
United Kingdom,GBR,Wales,UK_WAL,STATE_TOTAL,20220807,0.00,,,,,,0.00,,,0.00,,,,,,0.00,,,0.00,,,,,,0.00,,,0.00,,,,,,0.00,,,0.00,,,,,,0.00,,,0.00,,,,,,0.00,,,0.00,,,,,,0.00,,,0.00,,,0.00,,0.00,,,0.00,,,,,,2.00,1,,1.00,,0.00,,,,0.00,,1.00,1,,,,,1.00,1,,5.00,1,,1.00,1,,,,,1.00,1,,,2,,3,,5-15 yrs,5-15 yrs,2,2,2,2,5,,0,,882554,7703,V,77.20,11.11,11.11,11.11,11.11,18.23,18.23,18.23,18.23,20.83,20.83,20.83,20.83,0.00
United Kingdom,GBR,Wales,UK_WAL,STATE_TOTAL,20220808,0.00,,,,,,0.00,,,0.00,,,,,,0.00,,,0.00,,,,,,0.00,,,0.00,,,,,,0.00,,,0.00,,,,,,0.00,,,0.00,,,,,,0.00,,,0.00,,,,,,0.00,,,0.00,,,0.00,,0.00,,,0.00,,,,,,2.00,1,,1.00,,0.00,,,,0.00,,1.00,1,,,,,1.00,1,,5.00,1,,1.00,1,,,,,1.00,1,,,2,,3,,5-15 yrs,5-15 yrs,2,2,2,2,5,,0,,882554,7703,V,77.21,11.11,11.11,11.11,11.11,18.23,18.23,18.23,18.23,20.83,20.83,20.83,20.83,0.00
United Kingdom,GBR,Wales,UK_WAL,STATE_TOTAL,20220809,0.00,,,,,,0.00,,,0.00,,,,,,0.00,,,0.00,,,,,,0.00,,,0.00,,,,,,0.00,,,0.00,,,,,,0.00,,,0.00,,,,,,0.00,,,0.00,,,,,,0.00,,,0.00,,,0.00,,0.00,,,0.00,,,,,,2.00,1,,1.00,,0.00,,,,0.00,,1.00,1,,,,,1.00,1,,5.00,1,,1.00,1,,,,,1.00,1,,,2,,3,,5-15 yrs,5-15 yrs,2,2,2,2,5,,0,,882554,7703,V,77.24,11.11,11.11,11.11,11.11,18.23,18.23,18.23,18.23,20.83,20.83,20.83,20.83,0.00
United Kingdom,GBR,Wales,UK_WAL,STATE_TOTAL,20220810,0.00,,,,,,0.00,,,0.00,,,,,,0.00,,,0.00,,,,,,0.00,,,0.00,,,,,,0.00,,,0.00,,,,,,0.00,,,0.00,,,,,,0.00,,,0.00,,,,,,0.00,,,0.00,,,0.00,,0.00,,,0.00,,,,,,2.00,1,,1.00,,0.00,,,,0.00,,1.00,1,,,,,1.00,1,,5.00,1,,1.00,1,,,,,1.00,1,,,2,,3,,5-15 yrs,5-15 yrs,2,2,2,2,5,,0,,882554,7703,V,77.25,11.11,11.11,11.11,11.11,18.23,18.23,18.23,18.23,20.83,20.83,20.83,20.83,0.00
United Kingdom,GBR,Wales,UK_WAL,STATE_TOTAL,20220811,0.00,,,,,,0.00,,,0.00,,,,,,0.00,,,0.00,,,,,,0.00,,,0.00,,,,,,0.00,,,0.00,,,,,,0.00,,,0.00,,,,,,0.00,,,0.00,,,,,,0.00,,,0.00,,,0.00,,0.00,,,0.00,,,,,,2.00,1,,1.00,,0.00,,,,0.00,,1.00,1,,,,,1.00,1,,5.00,1,,1.00,1,,,,,1.00,1,,,2,,3,,5-15 yrs,5-15 yrs,2,2,2,2,5,,0,,883018,7739,V,77.26,11.11,11.11,11.11,11.11,18.23,18.23,18.23,18.23,20.83,20.83,20.83,20.83,0.00
United Kingdom,GBR,Wales,UK_WAL,STATE_TOTAL,20220812,0.00,,,,,,0.00,,,0.00,,,,,,0.00,,,0.00,,,,,,0.00,,,0.00,,,,,,0.00,,,0.00,,,,,,0.00,,,0.00,,,,,,0.00,,,0.00,,,,,,0.00,,,0.00,,,0.00,,0.00,,,0.00,,,,,,2.00,1,,1.00,,0.00,,,,0.00,,1.00,1,,,,,1.00,1,,5.00,1,,1.00,1,,,,,1.00,1,,,2,,3,,5-15 yrs,5-15 yrs,2,2,2,2,5,,0,,883018,7739,V,77.27,11.11,11.11,11.11,11.11,18.23,18.23,18.23,18.23,20.83,20.83,20.83,20.83,0.00
United Kingdom,GBR,Wales,UK_WAL,STATE_TOTAL,20220813,0.00,,,,,,0.00,,,0.00,,,,,,0.00,,,0.00,,,,,,0.00,,,0.00,,,,,,0.00,,,0.00,,,,,,0.00,,,0.00,,,,,,0.00,,,0.00,,,,,,0.00,,,0.00,,,0.00,,0.00,,,0.00,,,,,,2.00,1,,1.00,,0.00,,,,0.00,,1.00,1,,,,,1.00,1,,5.00,1,,1.00,1,,,,,1.00,1,,,2,,3,,5-15 yrs,5-15 yrs,2,2,2,2,5,,0,,883018,7739,V,77.27,11.11,11.11,11.11,11.11,18.23,18.23,18.23,18.23,20.83,20.83,20.83,20.83,0.00
United Kingdom,GBR,Wales,UK_WAL,STATE_TOTAL,20220814,0.00,,,,,,0.00,,,0.00,,,,,,0.00,,,0.00,,,,,,0.00,,,0.00,,,,,,0.00,,,0.00,,,,,,0.00,,,0.00,,,,,,0.00,,,0.00,,,,,,0.00,,,0.00,,,0.00,,0.00,,,0.00,,,,,,2.00,1,,1.00,,0.00,,,,0.00,,1.00,1,,,,,1.00,1,,5.00,1,,1.00,1,,,,,1.00,1,,,2,,3,,5-15 yrs,5-15 yrs,2,2,2,2,5,,0,,883018,7739,V,77.28,11.11,11.11,11.11,11.11,18.23,18.23,18.23,18.23,20.83,20.83,20.83,20.83,0.00
United Kingdom,GBR,Wales,UK_WAL,STATE_TOTAL,20220815,0.00,,,,,,0.00,,,0.00,,,,,,0.00,,,0.00,,,,,,0.00,,,0.00,,,,,,0.00,,,0.00,,,,,,0.00,,,0.00,,,,,,0.00,,,0.00,,,,,,0.00,,,0.00,,,0.00,,0.00,,,0.00,,,,,,2.00,1,,1.00,,0.00,,,,0.00,,1.00,1,,,,,1.00,1,,5.00,1,,1.00,1,,,,,1.00,1,,,2,,3,,5-15 yrs,5-15 yrs,2,2,2,2,5,,0,,883018,7739,V,77.29,11.11,11.11,11.11,11.11,18.23,18.23,18.23,18.23,20.83,20.83,20.83,20.83,0.00
United Kingdom,GBR,Wales,UK_WAL,STATE_TOTAL,20220816,0.00,,,,,,0.00,,,0.00,,,,,,0.00,,,0.00,,,,,,0.00,,,0.00,,,,,,0.00,,,0.00,,,,,,0.00,,,0.00,,,,,,0.00,,,0.00,,,,,,0.00,,,0.00,,,0.00,,0.00,,,0.00,,,,,,2.00,1,,1.00,,0.00,,,,0.00,,1.00,1,,,,,1.00,1,,5.00,1,,1.00,1,,,,,1.00,1,,,2,,3,,5-15 yrs,5-15 yrs,2,2,2,2,5,,0,,883018,7739,V,77.30,11.11,11.11,11.11,11.11,18.23,18.23,18.23,18.23,20.83,20.83,20.83,20.83,0.00
United Kingdom,GBR,Wales,UK_WAL,STATE_TOTAL,20220817,0.00,,,,,,0.00,,,0.00,,,,,,0.00,,,0.00,,,,,,0.00,,,0.00,,,,,,0.00,,,0.00,,,,,,0.00,,,0.00,,,,,,0.00,,,0.00,,,,,,0.00,,,0.00,,,0.00,,0.00,,,0.00,,,,,,2.00,1,,1.00,,0.00,,,,0.00,,1.00,1,,,,,1.00,1,,5.00,1,,1.00,1,,,,,1.00,1,,,2,,3,,5-15 yrs,5-15 yrs,2,2,2,2,5,,0,,883018,7739,V,77.31,11.11,11.11,11.11,11.11,18.23,18.23,18.23,18.23,20.83,20.83,20.83,20.83,0.00
United Kingdom,GBR,Wales,UK_WAL,STATE_TOTAL,20220818,0.00,,,,,,0.00,,,0.00,,,,,,0.00,,,0.00,,,,,,0.00,,,0.00,,,,,,0.00,,,0.00,,,,,,0.00,,,0.00,,,,,,0.00,,,0.00,,,,,,0.00,,,0.00,,,0.00,,0.00,,,0.00,,,,,,1.00,1,,1.00,,0.00,,,,0.00,,1.00,1,,,,,1.00,1,,5.00,1,,1.00,1,,,,,1.00,1,,,2,,3,,5-15 yrs,5-15 yrs,2,2,2,2,5,,0,,883539,7759,V,77.32,5.56,5.56,5.56,5.56,15.10,15.10,15.10,15.10,17.26,17.26,17.26,17.26,0.00
United Kingdom,GBR,Wales,UK_WAL,STATE_TOTAL,20220819,0.00,,,,,,0.00,,,0.00,,,,,,0.00,,,0.00,,,,,,0.00,,,0.00,,,,,,0.00,,,0.00,,,,,,0.00,,,0.00,,,,,,0.00,,,0.00,,,,,,0.00,,,0.00,,,0.00,,0.00,,,0.00,,,,,,1.00,1,,1.00,,0.00,,,,0.00,,1.00,1,,,,,1.00,1,,5.00,1,,1.00,1,,,,,1.00,1,,,2,,3,,5-15 yrs,5-15 yrs,2,2,2,2,5,,0,,883539,7759,V,77.33,5.56,5.56,5.56,5.56,15.10,15.10,15.10,15.10,17.26,17.26,17.26,17.26,0.00
United Kingdom,GBR,Wales,UK_WAL,STATE_TOTAL,20220820,0.00,,,,,,0.00,,,0.00,,,,,,0.00,,,0.00,,,,,,0.00,,,0.00,,,,,,0.00,,,0.00,,,,,,0.00,,,0.00,,,,,,0.00,,,0.00,,,,,,0.00,,,0.00,,,0.00,,0.00,,,0.00,,,,,,1.00,1,,1.00,,0.00,,,,0.00,,1.00,1,,,,,1.00,1,,5.00,1,,1.00,1,,,,,1.00,1,,,2,,3,,5-15 yrs,5-15 yrs,2,2,2,2,5,,0,,883539,7759,V,77.34,5.56,5.56,5.56,5.56,15.10,15.10,15.10,15.10,17.26,17.26,17.26,17.26,0.00
United Kingdom,GBR,Wales,UK_WAL,STATE_TOTAL,20220821,0.00,,,,,,0.00,,,0.00,,,,,,0.00,,,0.00,,,,,,0.00,,,0.00,,,,,,0.00,,,0.00,,,,,,0.00,,,0.00,,,,,,0.00,,,0.00,,,,,,0.00,,,0.00,,,0.00,,0.00,,,0.00,,,,,,1.00,1,,1.00,,0.00,,,,0.00,,1.00,1,,,,,1.00,1,,5.00,1,,1.00,1,,,,,1.00,1,,,2,,3,,5-15 yrs,5-15 yrs,2,2,2,2,5,,0,,883539,7759,V,77.34,5.56,5.56,5.56,5.56,15.10,15.10,15.10,15.10,17.26,17.26,17.26,17.26,0.00
United Kingdom,GBR,Wales,UK_WAL,STATE_TOTAL,20220822,0.00,,,,,,0.00,,,0.00,,,,,,0.00,,,0.00,,,,,,0.00,,,0.00,,,,,,0.00,,,0.00,,,,,,0.00,,,0.00,,,,,,0.00,,,0.00,,,,,,0.00,,,0.00,,,0.00,,0.00,,,0.00,,,,,,1.00,1,,1.00,,0.00,,,,0.00,,1.00,1,,,,,1.00,1,,5.00,1,,1.00,1,,,,,1.00,1,,,2,,3,,5-15 yrs,5-15 yrs,2,2,2,2,5,,0,,883539,7759,V,77.35,5.56,5.56,5.56,5.56,15.10,15.10,15.10,15.10,17.26,17.26,17.26,17.26,0.00
United Kingdom,GBR,Wales,UK_WAL,STATE_TOTAL,20220823,0.00,,,,,,0.00,,,0.00,,,,,,0.00,,,0.00,,,,,,0.00,,,0.00,,,,,,0.00,,,0.00,,,,,,0.00,,,0.00,,,,,,0.00,,,0.00,,,,,,0.00,,,0.00,,,0.00,,0.00,,,0.00,,,,,,1.00,1,,1.00,,0.00,,,,0.00,,1.00,1,,,,,1.00,1,,5.00,1,,1.00,1,,,,,1.00,1,,,2,,3,,5-15 yrs,5-15 yrs,2,2,2,2,5,,0,,883539,7759,V,77.38,5.56,5.56,5.56,5.56,15.10,15.10,15.10,15.10,17.26,17.26,17.26,17.26,0.00
United Kingdom,GBR,Wales,UK_WAL,STATE_TOTAL,20220824,0.00,,,,,,0.00,,,0.00,,,,,,0.00,,,0.00,,,,,,0.00,,,0.00,,,,,,0.00,,,0.00,,,,,,0.00,,,0.00,,,,,,0.00,,,0.00,,,,,,0.00,,,0.00,,,0.00,,0.00,,,0.00,,,,,,1.00,1,,1.00,,0.00,,,,0.00,,1.00,1,,,,,1.00,1,,5.00,1,,1.00,1,,,,,1.00,1,,,2,,3,,5-15 yrs,5-15 yrs,2,2,2,2,5,,0,,883539,7759,V,77.39,5.56,5.56,5.56,5.56,15.10,15.10,15.10,15.10,17.26,17.26,17.26,17.26,0.00
United Kingdom,GBR,Wales,UK_WAL,STATE_TOTAL,20220825,0.00,,,,,,0.00,,,0.00,,,,,,0.00,,,0.00,,,,,,0.00,,,0.00,,,,,,0.00,,,0.00,,,,,,0.00,,,0.00,,,,,,0.00,,,0.00,,,,,,0.00,,,0.00,,,0.00,,0.00,,,0.00,,,,,,1.00,1,,1.00,,0.00,,,,0.00,,1.00,1,,,,,1.00,1,,5.00,1,,1.00,1,,,,,1.00,1,,,2,,3,,5-15 yrs,5-15 yrs,2,2,2,2,5,,0,,883871,7784,V,77.40,5.56,5.56,5.56,5.56,15.10,15.10,15.10,15.10,17.26,17.26,17.26,17.26,0.00
United Kingdom,GBR,Wales,UK_WAL,STATE_TOTAL,20220826,0.00,,,,,,0.00,,,0.00,,,,,,0.00,,,0.00,,,,,,0.00,,,0.00,,,,,,0.00,,,0.00,,,,,,0.00,,,0.00,,,,,,0.00,,,0.00,,,,,,0.00,,,0.00,,,0.00,,0.00,,,0.00,,,,,,1.00,1,,1.00,,0.00,,,,0.00,,1.00,1,,,,,1.00,1,,5.00,1,,1.00,1,,,,,1.00,1,,,2,,3,,5-15 yrs,5-15 yrs,2,2,2,2,5,,0,,883871,7784,V,77.41,5.56,5.56,5.56,5.56,15.10,15.10,15.10,15.10,17.26,17.26,17.26,17.26,0.00
United Kingdom,GBR,Wales,UK_WAL,STATE_TOTAL,20220827,0.00,,,,,,0.00,,,0.00,,,,,,0.00,,,0.00,,,,,,0.00,,,0.00,,,,,,0.00,,,0.00,,,,,,0.00,,,0.00,,,,,,0.00,,,0.00,,,,,,0.00,,,0.00,,,0.00,,0.00,,,0.00,,,,,,1.00,1,,1.00,,0.00,,,,0.00,,1.00,1,,,,,1.00,1,,5.00,1,,1.00,1,,,,,1.00,1,,,2,,3,,5-15 yrs,5-15 yrs,2,2,2,2,5,,0,,883871,7784,V,77.42,5.56,5.56,5.56,5.56,15.10,15.10,15.10,15.10,17.26,17.26,17.26,17.26,0.00
United Kingdom,GBR,Wales,UK_WAL,STATE_TOTAL,20220828,0.00,,,,,,0.00,,,0.00,,,,,,0.00,,,0.00,,,,,,0.00,,,0.00,,,,,,0.00,,,0.00,,,,,,0.00,,,0.00,,,,,,0.00,,,0.00,,,,,,0.00,,,0.00,,,0.00,,0.00,,,0.00,,,,,,1.00,1,,1.00,,0.00,,,,0.00,,1.00,1,,,,,1.00,1,,5.00,1,,1.00,1,,,,,1.00,1,,,2,,3,,5-15 yrs,5-15 yrs,2,2,2,2,5,,0,,883871,7784,V,77.42,5.56,5.56,5.56,5.56,15.10,15.10,15.10,15.10,17.26,17.26,17.26,17.26,0.00
United Kingdom,GBR,Wales,UK_WAL,STATE_TOTAL,20220829,0.00,,,,,,0.00,,,0.00,,,,,,0.00,,,0.00,,,,,,0.00,,,0.00,,,,,,0.00,,,0.00,,,,,,0.00,,,0.00,,,,,,0.00,,,0.00,,,,,,0.00,,,0.00,,,0.00,,0.00,,,0.00,,,,,,1.00,1,,1.00,,0.00,,,,0.00,,1.00,1,,,,,1.00,1,,5.00,1,,1.00,1,,,,,1.00,1,,,2,,3,,5-15 yrs,5-15 yrs,2,2,2,2,5,,0,,883871,7784,V,77.42,5.56,5.56,5.56,5.56,15.10,15.10,15.10,15.10,17.26,17.26,17.26,17.26,0.00
United Kingdom,GBR,Wales,UK_WAL,STATE_TOTAL,20220830,0.00,,,,,,0.00,,,0.00,,,,,,0.00,,,0.00,,,,,,0.00,,,0.00,,,,,,0.00,,,0.00,,,,,,0.00,,,0.00,,,,,,0.00,,,0.00,,,,,,0.00,,,0.00,,,0.00,,0.00,,,0.00,,,,,,1.00,1,,1.00,,0.00,,,,0.00,,1.00,1,,,,,1.00,1,,5.00,1,,1.00,1,,,,,1.00,1,,,2,,3,,5-15 yrs,5-15 yrs,2,2,2,2,5,,0,,883871,7784,V,77.44,5.56,5.56,5.56,5.56,15.10,15.10,15.10,15.10,17.26,17.26,17.26,17.26,0.00
United Kingdom,GBR,Wales,UK_WAL,STATE_TOTAL,20220831,0.00,,,,,,0.00,,,0.00,,,,,,0.00,,,0.00,,,,,,0.00,,,0.00,,,,,,0.00,,,0.00,,,,,,0.00,,,0.00,,,,,,0.00,,,0.00,,,,,,0.00,,,0.00,,,0.00,,0.00,,,0.00,,,,,,1.00,1,,1.00,,0.00,,,,0.00,,1.00,1,,,,,1.00,1,,5.00,1,,1.00,1,,,,,1.00,1,,,2,,3,,5-15 yrs,5-15 yrs,2,2,2,2,5,,0,,883871,7784,V,77.46,5.56,5.56,5.56,5.56,15.10,15.10,15.10,15.10,17.26,17.26,17.26,17.26,0.00
United Kingdom,GBR,Wales,UK_WAL,STATE_TOTAL,20220901,0.00,,,,,,0.00,,,0.00,,,,,,0.00,,,0.00,,,,,,0.00,,,0.00,,,,,,0.00,,,0.00,,,,,,0.00,,,0.00,,,,,,0.00,,,0.00,,,,,,0.00,,,0.00,,,0.00,,0.00,,,0.00,,,,,,1.00,1,,1.00,,0.00,,,,0.00,,1.00,1,,,,,1.00,1,,5.00,1,,1.00,1,,,,,1.00,1,,,2,,3,,5-15 yrs,5-15 yrs,2,2,2,2,5,,0,,884142,7803,V,77.46,5.56,5.56,5.56,5.56,15.10,15.10,15.10,15.10,17.26,17.26,17.26,17.26,0.00
United Kingdom,GBR,Wales,UK_WAL,STATE_TOTAL,20220902,0.00,,,,,,0.00,,,0.00,,,,,,0.00,,,0.00,,,,,,0.00,,,0.00,,,,,,0.00,,,0.00,,,,,,0.00,,,0.00,,,,,,0.00,,,0.00,,,,,,0.00,,,0.00,,,0.00,,0.00,,,0.00,,,,,,1.00,1,,1.00,,0.00,,,,0.00,,1.00,1,,,,,1.00,1,,5.00,1,,1.00,1,,,,,1.00,1,,,2,,3,,5-15 yrs,5-15 yrs,2,2,2,2,5,,0,,884142,7803,V,77.46,5.56,5.56,5.56,5.56,15.10,15.10,15.10,15.10,17.26,17.26,17.26,17.26,0.00
United Kingdom,GBR,Wales,UK_WAL,STATE_TOTAL,20220903,0.00,,,,,,0.00,,,0.00,,,,,,0.00,,,0.00,,,,,,0.00,,,0.00,,,,,,0.00,,,0.00,,,,,,0.00,,,0.00,,,,,,0.00,,,0.00,,,,,,0.00,,,0.00,,,0.00,,0.00,,,0.00,,,,,,1.00,1,,1.00,,0.00,,,,0.00,,1.00,1,,,,,1.00,1,,5.00,1,,1.00,1,,,,,1.00,1,,,2,,3,,5-15 yrs,5-15 yrs,2,2,2,2,5,,0,,884142,7803,V,77.48,5.56,5.56,5.56,5.56,15.10,15.10,15.10,15.10,17.26,17.26,17.26,17.26,0.00
United Kingdom,GBR,Wales,UK_WAL,STATE_TOTAL,20220904,0.00,,,,,,0.00,,,0.00,,,,,,0.00,,,0.00,,,,,,0.00,,,0.00,,,,,,0.00,,,0.00,,,,,,0.00,,,0.00,,,,,,0.00,,,0.00,,,,,,0.00,,,0.00,,,0.00,,0.00,,,0.00,,,,,,1.00,1,,1.00,,0.00,,,,0.00,,1.00,1,,,,,1.00,1,,5.00,1,,1.00,1,,,,,1.00,1,,,2,,3,,5-15 yrs,5-15 yrs,2,2,2,2,5,,0,,884142,7803,V,77.48,5.56,5.56,5.56,5.56,15.10,15.10,15.10,15.10,17.26,17.26,17.26,17.26,0.00
United Kingdom,GBR,Wales,UK_WAL,STATE_TOTAL,20220905,0.00,,,,,,0.00,,,0.00,,,,,,0.00,,,0.00,,,,,,0.00,,,0.00,,,,,,0.00,,,0.00,,,,,,0.00,,,0.00,,,,,,0.00,,,0.00,,,,,,0.00,,,0.00,,,0.00,,0.00,,,0.00,,,,,,1.00,1,,1.00,,0.00,,,,0.00,,1.00,1,,,,,1.00,1,,5.00,1,,1.00,1,,,,,1.00,1,,,2,,3,,5-15 yrs,5-15 yrs,2,2,2,2,5,,0,,884142,7803,V,77.48,5.56,5.56,5.56,5.56,15.10,15.10,15.10,15.10,17.26,17.26,17.26,17.26,0.00
United Kingdom,GBR,Wales,UK_WAL,STATE_TOTAL,20220906,0.00,,,,,,0.00,,,0.00,,,,,,0.00,,,0.00,,,,,,0.00,,,0.00,,,,,,0.00,,,0.00,,,,,,0.00,,,0.00,,,,,,0.00,,,0.00,,,,,,0.00,,,0.00,,,0.00,,0.00,,,0.00,,,,,,1.00,1,,1.00,,0.00,,,,0.00,,1.00,1,,,,,1.00,1,,5.00,1,,1.00,1,,,,,1.00,1,,,2,,3,,5-15 yrs,5-15 yrs,2,2,2,2,5,,0,,884142,7803,V,77.48,5.56,5.56,5.56,5.56,15.10,15.10,15.10,15.10,17.26,17.26,17.26,17.26,0.00
United Kingdom,GBR,Wales,UK_WAL,STATE_TOTAL,20220907,0.00,,,,,,0.00,,,0.00,,,,,,0.00,,,0.00,,,,,,0.00,,,0.00,,,,,,0.00,,,0.00,,,,,,0.00,,,0.00,,,,,,0.00,,,0.00,,,,,,0.00,,,0.00,,,0.00,,0.00,,,0.00,,,,,,1.00,1,,1.00,,0.00,,,,0.00,,1.00,1,,,,,1.00,1,,5.00,1,,1.00,1,,,,,1.00,1,,,2,,3,,5-15 yrs,5-15 yrs,2,2,2,2,5,,0,,884142,7803,V,77.48,5.56,5.56,5.56,5.56,15.10,15.10,15.10,15.10,17.26,17.26,17.26,17.26,0.00
United Kingdom,GBR,Wales,UK_WAL,STATE_TOTAL,20220908,0.00,,,,,,0.00,,,0.00,,,,,,0.00,,,0.00,,,,,,0.00,,,0.00,,,,,,0.00,,,0.00,,,,,,0.00,,,0.00,,,,,,0.00,,,0.00,,,,,,0.00,,,0.00,,,0.00,,0.00,,,0.00,,,,,,1.00,1,,1.00,,0.00,,,,0.00,,1.00,1,,,,,1.00,1,,5.00,1,,1.00,1,,,,,1.00,1,,,2,,3,,5-15 yrs,5-15 yrs,2,2,2,2,5,,0,,884498,7823,V,77.48,5.56,5.56,5.56,5.56,15.10,15.10,15.10,15.10,17.26,17.26,17.26,17.26,0.00
United Kingdom,GBR,Wales,UK_WAL,STATE_TOTAL,20220909,0.00,,,,,,0.00,,,0.00,,,,,,0.00,,,0.00,,,,,,0.00,,,0.00,,,,,,0.00,,,0.00,,,,,,0.00,,,0.00,,,,,,0.00,,,0.00,,,,,,0.00,,,0.00,,,0.00,,0.00,,,0.00,,,,,,1.00,1,,1.00,,0.00,,,,0.00,,1.00,1,,,,,1.00,1,,5.00,1,,1.00,1,,,,,1.00,1,,,2,,3,,5-15 yrs,5-15 yrs,2,2,2,2,5,,0,,884498,7823,V,77.48,5.56,5.56,5.56,5.56,15.10,15.10,15.10,15.10,17.26,17.26,17.26,17.26,0.00
United Kingdom,GBR,Wales,UK_WAL,STATE_TOTAL,20220910,0.00,,,,,,0.00,,,0.00,,,,,,0.00,,,0.00,,,,,,0.00,,,0.00,,,,,,0.00,,,0.00,,,,,,0.00,,,0.00,,,,,,0.00,,,0.00,,,,,,0.00,,,0.00,,,0.00,,0.00,,,0.00,,,,,,1.00,1,,1.00,,0.00,,,,0.00,,1.00,1,,,,,1.00,1,,5.00,1,,1.00,1,,,,,1.00,1,,,2,,3,,5-15 yrs,5-15 yrs,2,2,2,2,5,,0,,884498,7823,V,77.50,5.56,5.56,5.56,5.56,15.10,15.10,15.10,15.10,17.26,17.26,17.26,17.26,0.00
United Kingdom,GBR,Wales,UK_WAL,STATE_TOTAL,20220911,0.00,,,,,,0.00,,,0.00,,,,,,0.00,,,0.00,,,,,,0.00,,,0.00,,,,,,0.00,,,0.00,,,,,,0.00,,,0.00,,,,,,0.00,,,0.00,,,,,,0.00,,,0.00,,,0.00,,0.00,,,0.00,,,,,,1.00,1,,1.00,,0.00,,,,0.00,,1.00,1,,,,,1.00,1,,5.00,1,,1.00,1,,,,,1.00,1,,,2,,3,,5-15 yrs,5-15 yrs,2,2,2,2,5,,0,,884498,7823,V,77.51,5.56,5.56,5.56,5.56,15.10,15.10,15.10,15.10,17.26,17.26,17.26,17.26,0.00
United Kingdom,GBR,Wales,UK_WAL,STATE_TOTAL,20220912,0.00,,,,,,0.00,,,0.00,,,,,,0.00,,,0.00,,,,,,0.00,,,0.00,,,,,,0.00,,,0.00,,,,,,0.00,,,0.00,,,,,,0.00,,,0.00,,,,,,0.00,,,0.00,,,0.00,,0.00,,,0.00,,,,,,1.00,1,,1.00,,0.00,,,,0.00,,1.00,1,,,,,1.00,1,,5.00,1,,1.00,1,,,,,1.00,1,,,2,,3,,5-15 yrs,5-15 yrs,2,2,2,2,5,,0,,884498,7823,V,77.51,5.56,5.56,5.56,5.56,15.10,15.10,15.10,15.10,17.26,17.26,17.26,17.26,0.00
United Kingdom,GBR,Wales,UK_WAL,STATE_TOTAL,20220913,0.00,,,,,,0.00,,,0.00,,,,,,0.00,,,0.00,,,,,,0.00,,,0.00,,,,,,0.00,,,0.00,,,,,,0.00,,,0.00,,,,,,0.00,,,0.00,,,,,,0.00,,,0.00,,,0.00,,0.00,,,0.00,,,,,,1.00,1,,1.00,,0.00,,,,0.00,,1.00,1,,,,,1.00,1,,5.00,1,,1.00,1,,,,,1.00,1,,,2,,3,,5-15 yrs,5-15 yrs,2,2,2,2,5,,0,,884498,7823,V,77.51,5.56,5.56,5.56,5.56,15.10,15.10,15.10,15.10,17.26,17.26,17.26,17.26,0.00
United Kingdom,GBR,Wales,UK_WAL,STATE_TOTAL,20220914,0.00,,,,,,0.00,,,0.00,,,,,,0.00,,,0.00,,,,,,0.00,,,0.00,,,,,,0.00,,,0.00,,,,,,0.00,,,0.00,,,,,,0.00,,,0.00,,,,,,0.00,,,0.00,,,0.00,,0.00,,,0.00,,,,,,1.00,1,,1.00,,0.00,,,,0.00,,1.00,1,,,,,1.00,1,,5.00,1,,1.00,1,,,,,1.00,1,,,2,,3,,5-15 yrs,5-15 yrs,2,2,2,2,5,,0,,884498,7823,V,77.51,5.56,5.56,5.56,5.56,15.10,15.10,15.10,15.10,17.26,17.26,17.26,17.26,0.00
United Kingdom,GBR,Wales,UK_WAL,STATE_TOTAL,20220915,0.00,,,,,,0.00,,,0.00,,,,,,0.00,,,0.00,,,,,,0.00,,,0.00,,,,,,0.00,,,0.00,,,,,,0.00,,,0.00,,,,,,0.00,,,0.00,,,,,,0.00,,,0.00,,,0.00,,0.00,,,0.00,,,,,,1.00,1,,1.00,,0.00,,,,0.00,,1.00,1,,,,,1.00,1,,5.00,1,,1.00,1,,,,,1.00,1,,,2,,3,,5-15 yrs,5-15 yrs,2,2,2,2,5,,0,,884792,7844,V,77.52,5.56,5.56,5.56,5.56,15.10,15.10,15.10,15.10,17.26,17.26,17.26,17.26,0.00
United Kingdom,GBR,Wales,UK_WAL,STATE_TOTAL,20220916,0.00,,,,,,0.00,,,0.00,,,,,,0.00,,,0.00,,,,,,0.00,,,0.00,,,,,,0.00,,,0.00,,,,,,0.00,,,0.00,,,,,,0.00,,,0.00,,,,,,0.00,,,0.00,,,0.00,,0.00,,,0.00,,,,,,1.00,1,,1.00,,0.00,,,,0.00,,1.00,1,,,,,1.00,1,,5.00,1,,1.00,1,,,,,1.00,1,,,2,,3,,5-15 yrs,5-15 yrs,2,2,2,2,5,,0,,884792,7844,V,77.52,5.56,5.56,5.56,5.56,15.10,15.10,15.10,15.10,17.26,17.26,17.26,17.26,0.00
United Kingdom,GBR,Wales,UK_WAL,STATE_TOTAL,20220917,0.00,,,,,,0.00,,,0.00,,,,,,0.00,,,0.00,,,,,,0.00,,,0.00,,,,,,0.00,,,0.00,,,,,,0.00,,,0.00,,,,,,0.00,,,0.00,,,,,,0.00,,,0.00,,,0.00,,0.00,,,0.00,,,,,,1.00,1,,1.00,,0.00,,,,0.00,,1.00,1,,,,,1.00,1,,5.00,1,,1.00,1,,,,,1.00,1,,,2,,3,,5-15 yrs,5-15 yrs,2,2,2,2,5,,0,,884792,7844,V,77.53,5.56,5.56,5.56,5.56,15.10,15.10,15.10,15.10,17.26,17.26,17.26,17.26,0.00
United Kingdom,GBR,Wales,UK_WAL,STATE_TOTAL,20220918,0.00,,,,,,0.00,,,0.00,,,,,,0.00,,,0.00,,,,,,0.00,,,0.00,,,,,,0.00,,,0.00,,,,,,0.00,,,0.00,,,,,,0.00,,,0.00,,,,,,0.00,,,0.00,,,0.00,,0.00,,,0.00,,,,,,1.00,1,,1.00,,0.00,,,,0.00,,1.00,1,,,,,1.00,1,,5.00,1,,1.00,1,,,,,1.00,1,,,2,,3,,5-15 yrs,5-15 yrs,2,2,2,2,5,,0,,884792,7844,V,77.53,5.56,5.56,5.56,5.56,15.10,15.10,15.10,15.10,17.26,17.26,17.26,17.26,0.00
United Kingdom,GBR,Wales,UK_WAL,STATE_TOTAL,20220919,0.00,,,,,,0.00,,,0.00,,,,,,0.00,,,0.00,,,,,,0.00,,,0.00,,,,,,0.00,,,0.00,,,,,,0.00,,,0.00,,,,,,0.00,,,0.00,,,,,,0.00,,,0.00,,,0.00,,0.00,,,0.00,,,,,,1.00,1,,1.00,,0.00,,,,0.00,,1.00,1,,,,,1.00,1,,5.00,1,,1.00,1,,,,,1.00,1,,,2,,3,,5-15 yrs,5-15 yrs,2,2,2,2,5,,0,,884792,7844,V,77.53,5.56,5.56,5.56,5.56,15.10,15.10,15.10,15.10,17.26,17.26,17.26,17.26,0.00
United Kingdom,GBR,Wales,UK_WAL,STATE_TOTAL,20220920,0.00,,,,,,0.00,,,0.00,,,,,,0.00,,,0.00,,,,,,0.00,,,0.00,,,,,,0.00,,,0.00,,,,,,0.00,,,0.00,,,,,,0.00,,,0.00,,,,,,0.00,,,0.00,,,0.00,,0.00,,,0.00,,,,,,1.00,1,,1.00,,0.00,,,,0.00,,1.00,1,,,,,1.00,1,,5.00,1,,1.00,1,,,,,1.00,1,,,2,,3,,5-15 yrs,5-15 yrs,2,2,2,2,5,,0,,884792,7844,V,77.54,5.56,5.56,5.56,5.56,15.10,15.10,15.10,15.10,17.26,17.26,17.26,17.26,0.00
United Kingdom,GBR,Wales,UK_WAL,STATE_TOTAL,20220921,0.00,,,,,,0.00,,,0.00,,,,,,0.00,,,0.00,,,,,,0.00,,,0.00,,,,,,0.00,,,0.00,,,,,,0.00,,,0.00,,,,,,0.00,,,0.00,,,,,,0.00,,,0.00,,,0.00,,0.00,,,0.00,,,,,,1.00,1,,1.00,,0.00,,,,0.00,,1.00,1,,,,,1.00,1,,5.00,1,,1.00,1,,,,,1.00,1,,,2,,3,,5-15 yrs,5-15 yrs,2,2,2,2,5,,0,,884792,7844,V,77.54,5.56,5.56,5.56,5.56,15.10,15.10,15.10,15.10,17.26,17.26,17.26,17.26,0.00
United Kingdom,GBR,Wales,UK_WAL,STATE_TOTAL,20220922,0.00,,,,,,0.00,,,0.00,,,,,,0.00,,,0.00,,,,,,0.00,,,0.00,,,,,,0.00,,,0.00,,,,,,0.00,,,0.00,,,,,,0.00,,,0.00,,,,,,0.00,,,0.00,,,0.00,,0.00,,,0.00,,,,,,1.00,1,,1.00,,0.00,,,,0.00,,1.00,1,,,,,1.00,1,,5.00,1,,1.00,1,,,,,1.00,1,,,2,,3,,5-15 yrs,5-15 yrs,2,2,2,2,5,,0,,885103,7857,V,77.54,5.56,5.56,5.56,5.56,15.10,15.10,15.10,15.10,17.26,17.26,17.26,17.26,0.00
United Kingdom,GBR,Wales,UK_WAL,STATE_TOTAL,20220923,0.00,,,,,,0.00,,,0.00,,,,,,0.00,,,0.00,,,,,,0.00,,,0.00,,,,,,0.00,,,0.00,,,,,,0.00,,,0.00,,,,,,0.00,,,0.00,,,,,,0.00,,,0.00,,,0.00,,0.00,,,0.00,,,,,,1.00,1,,1.00,,0.00,,,,0.00,,1.00,1,,,,,1.00,1,,5.00,1,,1.00,1,,,,,1.00,1,,,2,,3,,5-15 yrs,5-15 yrs,2,2,2,2,5,,0,,885103,7857,V,77.54,5.56,5.56,5.56,5.56,15.10,15.10,15.10,15.10,17.26,17.26,17.26,17.26,0.00
United Kingdom,GBR,Wales,UK_WAL,STATE_TOTAL,20220924,0.00,,,,,,0.00,,,0.00,,,,,,0.00,,,0.00,,,,,,0.00,,,0.00,,,,,,0.00,,,0.00,,,,,,0.00,,,0.00,,,,,,0.00,,,0.00,,,,,,0.00,,,0.00,,,0.00,,0.00,,,0.00,,,,,,1.00,1,,1.00,,0.00,,,,0.00,,1.00,1,,,,,1.00,1,,5.00,1,,1.00,1,,,,,1.00,1,,,2,,3,,5-15 yrs,5-15 yrs,2,2,2,2,5,,0,,885103,7857,V,77.55,5.56,5.56,5.56,5.56,15.10,15.10,15.10,15.10,17.26,17.26,17.26,17.26,0.00
United Kingdom,GBR,Wales,UK_WAL,STATE_TOTAL,20220925,0.00,,,,,,0.00,,,0.00,,,,,,0.00,,,0.00,,,,,,0.00,,,0.00,,,,,,0.00,,,0.00,,,,,,0.00,,,0.00,,,,,,0.00,,,0.00,,,,,,0.00,,,0.00,,,0.00,,0.00,,,0.00,,,,,,1.00,1,,1.00,,0.00,,,,0.00,,1.00,1,,,,,1.00,1,,5.00,1,,1.00,1,,,,,1.00,1,,,2,,3,,5-15 yrs,5-15 yrs,2,2,2,2,5,,0,,885103,7857,V,77.56,5.56,5.56,5.56,5.56,15.10,15.10,15.10,15.10,17.26,17.26,17.26,17.26,0.00
United Kingdom,GBR,Wales,UK_WAL,STATE_TOTAL,20220926,0.00,,,,,,0.00,,,0.00,,,,,,0.00,,,0.00,,,,,,0.00,,,0.00,,,,,,0.00,,,0.00,,,,,,0.00,,,0.00,,,,,,0.00,,,0.00,,,,,,0.00,,,0.00,,,0.00,,0.00,,,0.00,,,,,,1.00,1,,1.00,,0.00,,,,0.00,,1.00,1,,,,,1.00,1,,5.00,1,,1.00,1,,,,,1.00,1,,,2,,3,,5-15 yrs,5-15 yrs,2,2,2,2,5,,0,,885103,7857,V,77.56,5.56,5.56,5.56,5.56,15.10,15.10,15.10,15.10,17.26,17.26,17.26,17.26,0.00
United Kingdom,GBR,Wales,UK_WAL,STATE_TOTAL,20220927,0.00,,,,,,0.00,,,0.00,,,,,,0.00,,,0.00,,,,,,0.00,,,0.00,,,,,,0.00,,,0.00,,,,,,0.00,,,0.00,,,,,,0.00,,,0.00,,,,,,0.00,,,0.00,,,0.00,,0.00,,,0.00,,,,,,1.00,1,,1.00,,0.00,,,,0.00,,1.00,1,,,,,1.00,1,,5.00,1,,1.00,1,,,,,1.00,1,,,2,,3,,5-15 yrs,5-15 yrs,2,2,2,2,5,,0,,885103,7857,V,77.56,5.56,5.56,5.56,5.56,15.10,15.10,15.10,15.10,17.26,17.26,17.26,17.26,0.00
United Kingdom,GBR,Wales,UK_WAL,STATE_TOTAL,20220928,0.00,,,,,,0.00,,,0.00,,,,,,0.00,,,0.00,,,,,,0.00,,,0.00,,,,,,0.00,,,0.00,,,,,,0.00,,,0.00,,,,,,0.00,,,0.00,,,,,,0.00,,,0.00,,,0.00,,0.00,,,0.00,,,,,,1.00,1,,1.00,,0.00,,,,0.00,,1.00,1,,,,,1.00,1,,5.00,1,,1.00,1,,,,,1.00,1,,,2,,3,,5-15 yrs,5-15 yrs,2,2,2,2,5,,0,,885103,7857,V,77.57,5.56,5.56,5.56,5.56,15.10,15.10,15.10,15.10,17.26,17.26,17.26,17.26,0.00
United Kingdom,GBR,Wales,UK_WAL,STATE_TOTAL,20220929,0.00,,,,,,0.00,,,0.00,,,,,,0.00,,,0.00,,,,,,0.00,,,0.00,,,,,,0.00,,,0.00,,,,,,0.00,,,0.00,,,,,,0.00,,,0.00,,,,,,0.00,,,0.00,,,0.00,,0.00,,,0.00,,,,,,1.00,1,,1.00,,0.00,,,,0.00,,1.00,1,,,,,1.00,1,,5.00,1,,1.00,1,,,,,1.00,1,,,2,,3,,5-15 yrs,5-15 yrs,2,2,2,2,5,,0,,885682,7860,V,77.57,5.56,5.56,5.56,5.56,15.10,15.10,15.10,15.10,17.26,17.26,17.26,17.26,0.00
United Kingdom,GBR,Wales,UK_WAL,STATE_TOTAL,20220930,0.00,,,,,,0.00,,,0.00,,,,,,0.00,,,0.00,,,,,,0.00,,,0.00,,,,,,0.00,,,0.00,,,,,,0.00,,,0.00,,,,,,0.00,,,0.00,,,,,,0.00,,,0.00,,,0.00,,0.00,,,0.00,,,,,,1.00,1,,1.00,,0.00,,,,0.00,,1.00,1,,,,,1.00,1,,5.00,1,,1.00,1,,,,,1.00,1,,,2,,3,,5-15 yrs,5-15 yrs,2,2,2,2,5,,0,,885682,7860,V,77.58,5.56,5.56,5.56,5.56,15.10,15.10,15.10,15.10,17.26,17.26,17.26,17.26,0.00
United Kingdom,GBR,Wales,UK_WAL,STATE_TOTAL,20221001,0.00,,,,,,0.00,,,0.00,,,,,,0.00,,,0.00,,,,,,0.00,,,0.00,,,,,,0.00,,,0.00,,,,,,0.00,,,0.00,,,,,,0.00,,,0.00,,,,,,0.00,,,0.00,,,0.00,,0.00,,,0.00,,,,,,1.00,1,,1.00,,0.00,,,,0.00,,1.00,1,,,,,1.00,1,,5.00,1,,1.00,1,,,,,1.00,1,,,2,,3,,5-15 yrs,5-15 yrs,2,2,2,2,5,,0,,885682,7860,V,77.60,5.56,5.56,5.56,5.56,15.10,15.10,15.10,15.10,17.26,17.26,17.26,17.26,0.00
United Kingdom,GBR,Wales,UK_WAL,STATE_TOTAL,20221002,0.00,,,,,,0.00,,,0.00,,,,,,0.00,,,0.00,,,,,,0.00,,,0.00,,,,,,0.00,,,0.00,,,,,,0.00,,,0.00,,,,,,0.00,,,0.00,,,,,,0.00,,,0.00,,,0.00,,0.00,,,0.00,,,,,,1.00,1,,1.00,,0.00,,,,0.00,,1.00,1,,,,,1.00,1,,5.00,1,,1.00,1,,,,,1.00,1,,,2,,3,,5-15 yrs,5-15 yrs,2,2,2,2,5,,0,,885682,7860,V,77.62,5.56,5.56,5.56,5.56,15.10,15.10,15.10,15.10,17.26,17.26,17.26,17.26,0.00
United Kingdom,GBR,Wales,UK_WAL,STATE_TOTAL,20221003,0.00,,,,,,0.00,,,0.00,,,,,,0.00,,,0.00,,,,,,0.00,,,0.00,,,,,,0.00,,,0.00,,,,,,0.00,,,0.00,,,,,,0.00,,,0.00,,,,,,0.00,,,0.00,,,0.00,,0.00,,,0.00,,,,,,1.00,1,,1.00,,0.00,,,,0.00,,1.00,1,,,,,1.00,1,,5.00,1,,1.00,1,,,,,1.00,1,,,2,,3,,5-15 yrs,5-15 yrs,2,2,2,2,5,,0,,885682,7860,V,77.62,5.56,5.56,5.56,5.56,15.10,15.10,15.10,15.10,17.26,17.26,17.26,17.26,0.00
United Kingdom,GBR,Wales,UK_WAL,STATE_TOTAL,20221004,0.00,,,,,,0.00,,,0.00,,,,,,0.00,,,0.00,,,,,,0.00,,,0.00,,,,,,0.00,,,0.00,,,,,,0.00,,,0.00,,,,,,0.00,,,0.00,,,,,,0.00,,,0.00,,,0.00,,0.00,,,0.00,,,,,,1.00,1,,1.00,,0.00,,,,0.00,,1.00,1,,,,,1.00,1,,5.00,1,,1.00,1,,,,,1.00,1,,,2,,3,,5-15 yrs,5-15 yrs,2,2,2,2,5,,0,,885682,7860,V,77.62,5.56,5.56,5.56,5.56,15.10,15.10,15.10,15.10,17.26,17.26,17.26,17.26,0.00
United Kingdom,GBR,Wales,UK_WAL,STATE_TOTAL,20221005,0.00,,,,,,0.00,,,0.00,,,,,,0.00,,,0.00,,,,,,0.00,,,0.00,,,,,,0.00,,,0.00,,,,,,0.00,,,0.00,,,,,,0.00,,,0.00,,,,,,0.00,,,0.00,,,0.00,,0.00,,,0.00,,,,,,1.00,1,,1.00,,0.00,,,,0.00,,1.00,1,,,,,1.00,1,,5.00,1,,1.00,1,,,,,1.00,1,,,2,,3,,5-15 yrs,5-15 yrs,2,2,2,2,5,,0,,885682,7860,V,77.62,5.56,5.56,5.56,5.56,15.10,15.10,15.10,15.10,17.26,17.26,17.26,17.26,0.00
United Kingdom,GBR,Wales,UK_WAL,STATE_TOTAL,20221006,0.00,,,,,,0.00,,,0.00,,,,,,0.00,,,0.00,,,,,,0.00,,,0.00,,,,,,0.00,,,0.00,,,,,,0.00,,,0.00,,,,,,0.00,,,0.00,,,,,,0.00,,,0.00,,,0.00,,0.00,,,0.00,,,,,,1.00,1,,1.00,,0.00,,,,0.00,,1.00,1,,,,,1.00,1,,5.00,1,,1.00,1,,,,,1.00,1,,,2,,3,,5-15 yrs,5-15 yrs,2,2,2,2,5,,0,,886426,7878,V,77.62,5.56,5.56,5.56,5.56,15.10,15.10,15.10,15.10,17.26,17.26,17.26,17.26,0.00
United Kingdom,GBR,Wales,UK_WAL,STATE_TOTAL,20221007,0.00,,,,,,0.00,,,0.00,,,,,,0.00,,,0.00,,,,,,0.00,,,0.00,,,,,,0.00,,,0.00,,,,,,0.00,,,0.00,,,,,,0.00,,,0.00,,,,,,0.00,,,0.00,,,0.00,,0.00,,,0.00,,,,,,1.00,1,,1.00,,0.00,,,,0.00,,1.00,1,,,,,1.00,1,,5.00,1,,1.00,1,,,,,1.00,1,,,2,,3,,5-15 yrs,5-15 yrs,2,2,2,2,5,,0,,886426,7878,V,77.63,5.56,5.56,5.56,5.56,15.10,15.10,15.10,15.10,17.26,17.26,17.26,17.26,0.00
United Kingdom,GBR,Wales,UK_WAL,STATE_TOTAL,20221008,0.00,,,,,,0.00,,,0.00,,,,,,0.00,,,0.00,,,,,,0.00,,,0.00,,,,,,0.00,,,0.00,,,,,,0.00,,,0.00,,,,,,0.00,,,0.00,,,,,,0.00,,,0.00,,,0.00,,0.00,,,0.00,,,,,,1.00,1,,1.00,,0.00,,,,0.00,,1.00,1,,,,,1.00,1,,5.00,1,,1.00,1,,,,,1.00,1,,,2,,3,,5-15 yrs,5-15 yrs,2,2,2,2,5,,0,,886426,7878,V,77.63,5.56,5.56,5.56,5.56,15.10,15.10,15.10,15.10,17.26,17.26,17.26,17.26,0.00
United Kingdom,GBR,Wales,UK_WAL,STATE_TOTAL,20221009,0.00,,,,,,0.00,,,0.00,,,,,,0.00,,,0.00,,,,,,0.00,,,0.00,,,,,,0.00,,,0.00,,,,,,0.00,,,0.00,,,,,,0.00,,,0.00,,,,,,0.00,,,0.00,,,0.00,,0.00,,,0.00,,,,,,1.00,1,,1.00,,0.00,,,,0.00,,1.00,1,,,,,1.00,1,,5.00,1,,1.00,1,,,,,1.00,1,,,2,,3,,5-15 yrs,5-15 yrs,2,2,2,2,5,,0,,886426,7878,V,77.64,5.56,5.56,5.56,5.56,15.10,15.10,15.10,15.10,17.26,17.26,17.26,17.26,0.00
United Kingdom,GBR,Wales,UK_WAL,STATE_TOTAL,20221010,0.00,,,,,,0.00,,,0.00,,,,,,0.00,,,0.00,,,,,,0.00,,,0.00,,,,,,0.00,,,0.00,,,,,,0.00,,,0.00,,,,,,0.00,,,0.00,,,,,,0.00,,,0.00,,,0.00,,0.00,,,0.00,,,,,,1.00,1,,1.00,,0.00,,,,0.00,,1.00,1,,,,,1.00,1,,5.00,1,,1.00,1,,,,,1.00,1,,,2,,3,,5-15 yrs,5-15 yrs,2,2,2,2,5,,0,,886426,7878,V,77.64,5.56,5.56,5.56,5.56,15.10,15.10,15.10,15.10,17.26,17.26,17.26,17.26,0.00
United Kingdom,GBR,Wales,UK_WAL,STATE_TOTAL,20221011,0.00,,,,,,0.00,,,0.00,,,,,,0.00,,,0.00,,,,,,0.00,,,0.00,,,,,,0.00,,,0.00,,,,,,0.00,,,0.00,,,,,,0.00,,,0.00,,,,,,0.00,,,0.00,,,0.00,,0.00,,,0.00,,,,,,1.00,1,,1.00,,0.00,,,,0.00,,1.00,1,,,,,1.00,1,,5.00,1,,1.00,1,,,,,1.00,1,,,2,,3,,5-15 yrs,5-15 yrs,2,2,2,2,5,,0,,886426,7878,V,77.64,5.56,5.56,5.56,5.56,15.10,15.10,15.10,15.10,17.26,17.26,17.26,17.26,0.00
United Kingdom,GBR,Wales,UK_WAL,STATE_TOTAL,20221012,0.00,,,,,,0.00,,,0.00,,,,,,0.00,,,0.00,,,,,,0.00,,,0.00,,,,,,0.00,,,0.00,,,,,,0.00,,,0.00,,,,,,0.00,,,0.00,,,,,,0.00,,,0.00,,,0.00,,0.00,,,0.00,,,,,,1.00,1,,1.00,,0.00,,,,0.00,,1.00,1,,,,,1.00,1,,5.00,1,,1.00,1,,,,,1.00,1,,,2,,3,,5-15 yrs,5-15 yrs,2,2,2,2,5,,0,,886426,7878,V,77.64,5.56,5.56,5.56,5.56,15.10,15.10,15.10,15.10,17.26,17.26,17.26,17.26,0.00
United Kingdom,GBR,Wales,UK_WAL,STATE_TOTAL,20221013,0.00,,,,,,0.00,,,0.00,,,,,,0.00,,,0.00,,,,,,0.00,,,0.00,,,,,,0.00,,,0.00,,,,,,0.00,,,0.00,,,,,,0.00,,,0.00,,,,,,0.00,,,0.00,,,0.00,,0.00,,,0.00,,,,,,1.00,1,,1.00,,0.00,,,,0.00,,1.00,1,,,,,1.00,1,,5.00,1,,1.00,1,,,,,1.00,1,,,2,,3,,5-15 yrs,5-15 yrs,2,2,2,2,5,,0,,887192,7898,V,77.65,5.56,5.56,5.56,5.56,15.10,15.10,15.10,15.10,17.26,17.26,17.26,17.26,0.00
United Kingdom,GBR,Wales,UK_WAL,STATE_TOTAL,20221014,0.00,,,,,,0.00,,,0.00,,,,,,0.00,,,0.00,,,,,,0.00,,,0.00,,,,,,0.00,,,0.00,,,,,,0.00,,,0.00,,,,,,0.00,,,0.00,,,,,,0.00,,,0.00,,,0.00,,0.00,,,0.00,,,,,,1.00,1,,1.00,,0.00,,,,0.00,,1.00,1,,,,,1.00,1,,5.00,1,,1.00,1,,,,,1.00,1,,,2,,3,,5-15 yrs,5-15 yrs,2,2,2,2,5,,0,,887192,7898,V,77.65,5.56,5.56,5.56,5.56,15.10,15.10,15.10,15.10,17.26,17.26,17.26,17.26,0.00
United Kingdom,GBR,Wales,UK_WAL,STATE_TOTAL,20221015,0.00,,,,,,0.00,,,0.00,,,,,,0.00,,,0.00,,,,,,0.00,,,0.00,,,,,,0.00,,,0.00,,,,,,0.00,,,0.00,,,,,,0.00,,,0.00,,,,,,0.00,,,0.00,,,0.00,,0.00,,,0.00,,,,,,1.00,1,,1.00,,0.00,,,,0.00,,1.00,1,,,,,1.00,1,,5.00,1,,1.00,1,,,,,1.00,1,,,2,,3,,5-15 yrs,5-15 yrs,2,2,2,2,5,,0,,887192,7898,V,77.69,5.56,5.56,5.56,5.56,15.10,15.10,15.10,15.10,17.26,17.26,17.26,17.26,0.00
United Kingdom,GBR,Wales,UK_WAL,STATE_TOTAL,20221016,0.00,,,,,,0.00,,,0.00,,,,,,0.00,,,0.00,,,,,,0.00,,,0.00,,,,,,0.00,,,0.00,,,,,,0.00,,,0.00,,,,,,0.00,,,0.00,,,,,,0.00,,,0.00,,,0.00,,0.00,,,0.00,,,,,,1.00,1,,1.00,,0.00,,,,0.00,,1.00,1,,,,,1.00,1,,5.00,1,,1.00,1,,,,,1.00,1,,,2,,3,,5-15 yrs,5-15 yrs,2,2,2,2,5,,0,,887192,7898,V,77.70,5.56,5.56,5.56,5.56,15.10,15.10,15.10,15.10,17.26,17.26,17.26,17.26,0.00
United Kingdom,GBR,Wales,UK_WAL,STATE_TOTAL,20221017,0.00,,,,,,0.00,,,0.00,,,,,,0.00,,,0.00,,,,,,0.00,,,0.00,,,,,,0.00,,,0.00,,,,,,0.00,,,0.00,,,,,,0.00,,,0.00,,,,,,0.00,,,0.00,,,0.00,,0.00,,,0.00,,,,,,1.00,1,,1.00,,0.00,,,,0.00,,1.00,1,,,,,1.00,1,,5.00,1,,1.00,1,,,,,1.00,1,,,2,,3,,5-15 yrs,5-15 yrs,2,2,2,2,5,,0,,887192,7898,V,77.70,5.56,5.56,5.56,5.56,15.10,15.10,15.10,15.10,17.26,17.26,17.26,17.26,0.00
United Kingdom,GBR,Wales,UK_WAL,STATE_TOTAL,20221018,0.00,,,,,,0.00,,,0.00,,,,,,0.00,,,0.00,,,,,,0.00,,,0.00,,,,,,0.00,,,0.00,,,,,,0.00,,,0.00,,,,,,0.00,,,0.00,,,,,,0.00,,,0.00,,,0.00,,0.00,,,0.00,,,,,,1.00,1,,1.00,,0.00,,,,0.00,,1.00,1,,,,,1.00,1,,5.00,1,,1.00,1,,,,,1.00,1,,,2,,3,,5-15 yrs,5-15 yrs,2,2,2,2,5,,0,,887192,7898,V,77.70,5.56,5.56,5.56,5.56,15.10,15.10,15.10,15.10,17.26,17.26,17.26,17.26,0.00
United Kingdom,GBR,Wales,UK_WAL,STATE_TOTAL,20221019,0.00,,,,,,0.00,,,0.00,,,,,,0.00,,,0.00,,,,,,0.00,,,0.00,,,,,,0.00,,,0.00,,,,,,0.00,,,0.00,,,,,,0.00,,,0.00,,,,,,0.00,,,0.00,,,0.00,,0.00,,,0.00,,,,,,1.00,1,,1.00,,0.00,,,,0.00,,1.00,1,,,,,1.00,1,,5.00,1,,1.00,1,,,,,1.00,1,,,2,,3,,5-15 yrs,5-15 yrs,2,2,2,2,5,,0,,887192,7898,V,77.70,5.56,5.56,5.56,5.56,15.10,15.10,15.10,15.10,17.26,17.26,17.26,17.26,0.00
United Kingdom,GBR,Wales,UK_WAL,STATE_TOTAL,20221020,0.00,,,,,,0.00,,,0.00,,,,,,0.00,,,0.00,,,,,,0.00,,,0.00,,,,,,0.00,,,0.00,,,,,,0.00,,,0.00,,,,,,0.00,,,0.00,,,,,,0.00,,,0.00,,,0.00,,0.00,,,0.00,,,,,,1.00,1,,1.00,,0.00,,,,0.00,,1.00,1,,,,,1.00,1,,5.00,1,,1.00,1,,,,,1.00,1,,,2,,3,,5-15 yrs,5-15 yrs,2,2,2,2,5,,0,,887935,7935,V,77.71,5.56,5.56,5.56,5.56,15.10,15.10,15.10,15.10,17.26,17.26,17.26,17.26,0.00
United Kingdom,GBR,Wales,UK_WAL,STATE_TOTAL,20221021,0.00,,,,,,0.00,,,0.00,,,,,,0.00,,,0.00,,,,,,0.00,,,0.00,,,,,,0.00,,,0.00,,,,,,0.00,,,0.00,,,,,,0.00,,,0.00,,,,,,0.00,,,0.00,,,0.00,,0.00,,,0.00,,,,,,1.00,1,,1.00,,0.00,,,,0.00,,1.00,1,,,,,1.00,1,,5.00,1,,1.00,1,,,,,1.00,1,,,2,,3,,5-15 yrs,5-15 yrs,2,2,2,2,5,,0,,887935,7935,V,77.71,5.56,5.56,5.56,5.56,15.10,15.10,15.10,15.10,17.26,17.26,17.26,17.26,0.00
United Kingdom,GBR,Wales,UK_WAL,STATE_TOTAL,20221022,0.00,,,,,,0.00,,,0.00,,,,,,0.00,,,0.00,,,,,,0.00,,,0.00,,,,,,0.00,,,0.00,,,,,,0.00,,,0.00,,,,,,0.00,,,0.00,,,,,,0.00,,,0.00,,,0.00,,0.00,,,0.00,,,,,,1.00,1,,1.00,,0.00,,,,0.00,,1.00,1,,,,,1.00,1,,5.00,1,,1.00,1,,,,,1.00,1,,,2,,3,,5-15 yrs,5-15 yrs,2,2,2,2,5,,0,,887935,7935,V,77.74,5.56,5.56,5.56,5.56,15.10,15.10,15.10,15.10,17.26,17.26,17.26,17.26,0.00
United Kingdom,GBR,Wales,UK_WAL,STATE_TOTAL,20221023,0.00,,,,,,0.00,,,0.00,,,,,,0.00,,,0.00,,,,,,0.00,,,0.00,,,,,,0.00,,,0.00,,,,,,0.00,,,0.00,,,,,,0.00,,,0.00,,,,,,0.00,,,0.00,,,0.00,,0.00,,,0.00,,,,,,1.00,1,,1.00,,0.00,,,,0.00,,1.00,1,,,,,1.00,1,,5.00,1,,1.00,1,,,,,1.00,1,,,2,,3,,5-15 yrs,5-15 yrs,2,2,2,2,5,,0,,887935,7935,V,77.75,5.56,5.56,5.56,5.56,15.10,15.10,15.10,15.10,17.26,17.26,17.26,17.26,0.00
United Kingdom,GBR,Wales,UK_WAL,STATE_TOTAL,20221024,0.00,,,,,,0.00,,,0.00,,,,,,0.00,,,0.00,,,,,,0.00,,,0.00,,,,,,0.00,,,0.00,,,,,,0.00,,,0.00,,,,,,0.00,,,0.00,,,,,,0.00,,,0.00,,,0.00,,0.00,,,0.00,,,,,,1.00,1,,1.00,,0.00,,,,0.00,,1.00,1,,,,,1.00,1,,5.00,1,,1.00,1,,,,,1.00,1,,,2,,3,,5-15 yrs,5-15 yrs,2,2,2,2,5,,0,,887935,7935,V,77.75,5.56,5.56,5.56,5.56,15.10,15.10,15.10,15.10,17.26,17.26,17.26,17.26,0.00
United Kingdom,GBR,Wales,UK_WAL,STATE_TOTAL,20221025,0.00,,,,,,0.00,,,0.00,,,,,,0.00,,,0.00,,,,,,0.00,,,0.00,,,,,,0.00,,,0.00,,,,,,0.00,,,0.00,,,,,,0.00,,,0.00,,,,,,0.00,,,0.00,,,0.00,,0.00,,,0.00,,,,,,1.00,1,,1.00,,0.00,,,,0.00,,1.00,1,,,,,1.00,1,,5.00,1,,1.00,1,,,,,1.00,1,,,2,,3,,5-15 yrs,5-15 yrs,2,2,2,2,5,,0,,887935,7935,V,77.75,5.56,5.56,5.56,5.56,15.10,15.10,15.10,15.10,17.26,17.26,17.26,17.26,0.00
United Kingdom,GBR,Wales,UK_WAL,STATE_TOTAL,20221026,0.00,,,,,,0.00,,,0.00,,,,,,0.00,,,0.00,,,,,,0.00,,,0.00,,,,,,0.00,,,0.00,,,,,,0.00,,,0.00,,,,,,0.00,,,0.00,,,,,,0.00,,,0.00,,,0.00,,0.00,,,0.00,,,,,,1.00,1,,1.00,,0.00,,,,0.00,,1.00,1,,,,,1.00,1,,5.00,1,,1.00,1,,,,,1.00,1,,,2,,3,,5-15 yrs,5-15 yrs,2,2,2,2,5,,0,,887935,7935,V,77.76,5.56,5.56,5.56,5.56,15.10,15.10,15.10,15.10,17.26,17.26,17.26,17.26,0.00
United Kingdom,GBR,Wales,UK_WAL,STATE_TOTAL,20221027,0.00,,,,,,0.00,,,0.00,,,,,,0.00,,,0.00,,,,,,0.00,,,0.00,,,,,,0.00,,,0.00,,,,,,0.00,,,0.00,,,,,,0.00,,,0.00,,,,,,0.00,,,0.00,,,0.00,,0.00,,,0.00,,,,,,1.00,1,,1.00,,0.00,,,,0.00,,1.00,1,,,,,1.00,1,,5.00,1,,1.00,1,,,,,1.00,1,,,2,,3,,5-15 yrs,5-15 yrs,2,2,2,2,5,,0,,888547,7957,V,77.76,5.56,5.56,5.56,5.56,15.10,15.10,15.10,15.10,17.26,17.26,17.26,17.26,0.00
United Kingdom,GBR,Wales,UK_WAL,STATE_TOTAL,20221028,0.00,,,,,,0.00,,,0.00,,,,,,0.00,,,0.00,,,,,,0.00,,,0.00,,,,,,0.00,,,0.00,,,,,,0.00,,,0.00,,,,,,0.00,,,0.00,,,,,,0.00,,,0.00,,,0.00,,0.00,,,0.00,,,,,,1.00,1,,1.00,,0.00,,,,0.00,,1.00,1,,,,,1.00,1,,5.00,1,,1.00,1,,,,,1.00,1,,,2,,3,,5-15 yrs,5-15 yrs,2,2,2,2,5,,0,,888547,7957,V,77.76,5.56,5.56,5.56,5.56,15.10,15.10,15.10,15.10,17.26,17.26,17.26,17.26,0.00
United Kingdom,GBR,Wales,UK_WAL,STATE_TOTAL,20221029,0.00,,,,,,0.00,,,0.00,,,,,,0.00,,,0.00,,,,,,0.00,,,0.00,,,,,,0.00,,,0.00,,,,,,0.00,,,0.00,,,,,,0.00,,,0.00,,,,,,0.00,,,0.00,,,0.00,,0.00,,,0.00,,,,,,1.00,1,,1.00,,0.00,,,,0.00,,1.00,1,,,,,1.00,1,,5.00,1,,1.00,1,,,,,1.00,1,,,2,,3,,5-15 yrs,5-15 yrs,2,2,2,2,5,,0,,888547,7957,V,77.76,5.56,5.56,5.56,5.56,15.10,15.10,15.10,15.10,17.26,17.26,17.26,17.26,0.00
United Kingdom,GBR,Wales,UK_WAL,STATE_TOTAL,20221030,0.00,,,,,,0.00,,,0.00,,,,,,0.00,,,0.00,,,,,,0.00,,,0.00,,,,,,0.00,,,0.00,,,,,,0.00,,,0.00,,,,,,0.00,,,0.00,,,,,,0.00,,,0.00,,,0.00,,0.00,,,0.00,,,,,,1.00,1,,1.00,,0.00,,,,0.00,,1.00,1,,,,,1.00,1,,5.00,1,,1.00,1,,,,,1.00,1,,,2,,3,,5-15 yrs,5-15 yrs,2,2,2,2,5,,0,,888547,7957,V,77.77,5.56,5.56,5.56,5.56,15.10,15.10,15.10,15.10,17.26,17.26,17.26,17.26,0.00
United Kingdom,GBR,Wales,UK_WAL,STATE_TOTAL,20221031,0.00,,,,,,0.00,,,0.00,,,,,,0.00,,,0.00,,,,,,0.00,,,0.00,,,,,,0.00,,,0.00,,,,,,0.00,,,0.00,,,,,,0.00,,,0.00,,,,,,0.00,,,0.00,,,0.00,,0.00,,,0.00,,,,,,1.00,1,,1.00,,0.00,,,,0.00,,1.00,1,,,,,1.00,1,,5.00,1,,1.00,1,,,,,1.00,1,,,2,,3,,5-15 yrs,5-15 yrs,2,2,2,2,5,,0,,888547,7957,V,77.78,5.56,5.56,5.56,5.56,15.10,15.10,15.10,15.10,17.26,17.26,17.26,17.26,0.00
United Kingdom,GBR,Wales,UK_WAL,STATE_TOTAL,20221101,0.00,,,,,,0.00,,,0.00,,,,,,0.00,,,0.00,,,,,,0.00,,,0.00,,,,,,0.00,,,0.00,,,,,,0.00,,,0.00,,,,,,0.00,,,0.00,,,,,,0.00,,,0.00,,,0.00,,0.00,,,0.00,,,,,,1.00,1,,1.00,,0.00,,,,0.00,,1.00,1,,,,,1.00,1,,5.00,1,,1.00,1,,,,,1.00,1,,,2,,3,,5-15 yrs,5-15 yrs,2,2,2,2,5,,0,,888547,7957,V,77.78,5.56,5.56,5.56,5.56,15.10,15.10,15.10,15.10,17.26,17.26,17.26,17.26,0.00
United Kingdom,GBR,Wales,UK_WAL,STATE_TOTAL,20221102,0.00,,,,,,0.00,,,0.00,,,,,,0.00,,,0.00,,,,,,0.00,,,0.00,,,,,,0.00,,,0.00,,,,,,0.00,,,0.00,,,,,,0.00,,,0.00,,,,,,0.00,,,0.00,,,0.00,,0.00,,,0.00,,,,,,1.00,1,,1.00,,0.00,,,,0.00,,1.00,1,,,,,1.00,1,,5.00,1,,1.00,1,,,,,1.00,1,,,2,,3,,5-15 yrs,5-15 yrs,2,2,2,2,5,,0,,888547,7957,V,77.78,5.56,5.56,5.56,5.56,15.10,15.10,15.10,15.10,17.26,17.26,17.26,17.26,0.00
United Kingdom,GBR,Wales,UK_WAL,STATE_TOTAL,20221103,0.00,,,,,,0.00,,,0.00,,,,,,0.00,,,0.00,,,,,,0.00,,,0.00,,,,,,0.00,,,0.00,,,,,,0.00,,,0.00,,,,,,0.00,,,0.00,,,,,,0.00,,,0.00,,,0.00,,0.00,,,0.00,,,,,,1.00,1,,1.00,,0.00,,,,0.00,,1.00,1,,,,,1.00,1,,5.00,1,,1.00,1,,,,,1.00,1,,,2,,3,,5-15 yrs,5-15 yrs,2,2,2,2,5,,0,,889022,7989,V,77.78,5.56,5.56,5.56,5.56,15.10,15.10,15.10,15.10,17.26,17.26,17.26,17.26,0.00
United Kingdom,GBR,Wales,UK_WAL,STATE_TOTAL,20221104,0.00,,,,,,0.00,,,0.00,,,,,,0.00,,,0.00,,,,,,0.00,,,0.00,,,,,,0.00,,,0.00,,,,,,0.00,,,0.00,,,,,,0.00,,,0.00,,,,,,0.00,,,0.00,,,0.00,,0.00,,,0.00,,,,,,1.00,1,,1.00,,0.00,,,,0.00,,1.00,1,,,,,1.00,1,,5.00,1,,1.00,1,,,,,1.00,1,,,2,,3,,5-15 yrs,5-15 yrs,2,2,2,2,5,,0,,889022,7989,V,77.79,5.56,5.56,5.56,5.56,15.10,15.10,15.10,15.10,17.26,17.26,17.26,17.26,0.00
United Kingdom,GBR,Wales,UK_WAL,STATE_TOTAL,20221105,0.00,,,,,,0.00,,,0.00,,,,,,0.00,,,0.00,,,,,,0.00,,,0.00,,,,,,0.00,,,0.00,,,,,,0.00,,,0.00,,,,,,0.00,,,0.00,,,,,,0.00,,,0.00,,,0.00,,0.00,,,0.00,,,,,,1.00,1,,1.00,,0.00,,,,0.00,,1.00,1,,,,,1.00,1,,5.00,1,,1.00,1,,,,,1.00,1,,,2,,3,,5-15 yrs,5-15 yrs,2,2,2,2,5,,0,,889022,7989,V,77.79,5.56,5.56,5.56,5.56,15.10,15.10,15.10,15.10,17.26,17.26,17.26,17.26,0.00
United Kingdom,GBR,Wales,UK_WAL,STATE_TOTAL,20221106,0.00,,,,,,0.00,,,0.00,,,,,,0.00,,,0.00,,,,,,0.00,,,0.00,,,,,,0.00,,,0.00,,,,,,0.00,,,0.00,,,,,,0.00,,,0.00,,,,,,0.00,,,0.00,,,0.00,,0.00,,,0.00,,,,,,1.00,1,,1.00,,0.00,,,,0.00,,1.00,1,,,,,1.00,1,,5.00,1,,1.00,1,,,,,1.00,1,,,2,,3,,5-15 yrs,5-15 yrs,2,2,2,2,5,,0,,889022,7989,V,77.80,5.56,5.56,5.56,5.56,15.10,15.10,15.10,15.10,17.26,17.26,17.26,17.26,0.00
United Kingdom,GBR,Wales,UK_WAL,STATE_TOTAL,20221107,0.00,,,,,,0.00,,,0.00,,,,,,0.00,,,0.00,,,,,,0.00,,,0.00,,,,,,0.00,,,0.00,,,,,,0.00,,,0.00,,,,,,0.00,,,0.00,,,,,,0.00,,,0.00,,,0.00,,0.00,,,0.00,,,,,,1.00,1,,1.00,,0.00,,,,0.00,,1.00,1,,,,,1.00,1,,5.00,1,,1.00,1,,,,,1.00,1,,,2,,3,,5-15 yrs,5-15 yrs,2,2,2,2,5,,0,,889022,7989,V,77.80,5.56,5.56,5.56,5.56,15.10,15.10,15.10,15.10,17.26,17.26,17.26,17.26,0.00
United Kingdom,GBR,Wales,UK_WAL,STATE_TOTAL,20221108,0.00,,,,,,0.00,,,0.00,,,,,,0.00,,,0.00,,,,,,0.00,,,0.00,,,,,,0.00,,,0.00,,,,,,0.00,,,0.00,,,,,,0.00,,,0.00,,,,,,0.00,,,0.00,,,0.00,,0.00,,,0.00,,,,,,1.00,1,,1.00,,0.00,,,,0.00,,1.00,1,,,,,1.00,1,,5.00,1,,1.00,1,,,,,1.00,1,,,2,,3,,5-15 yrs,5-15 yrs,2,2,2,2,5,,0,,889022,7989,V,77.80,5.56,5.56,5.56,5.56,15.10,15.10,15.10,15.10,17.26,17.26,17.26,17.26,0.00
United Kingdom,GBR,Wales,UK_WAL,STATE_TOTAL,20221109,0.00,,,,,,0.00,,,0.00,,,,,,0.00,,,0.00,,,,,,0.00,,,0.00,,,,,,0.00,,,0.00,,,,,,0.00,,,0.00,,,,,,0.00,,,0.00,,,,,,0.00,,,0.00,,,0.00,,0.00,,,0.00,,,,,,1.00,1,,1.00,,0.00,,,,0.00,,1.00,1,,,,,1.00,1,,5.00,1,,1.00,1,,,,,1.00,1,,,2,,3,,5-15 yrs,5-15 yrs,2,2,2,2,5,,0,,889022,7989,V,77.80,5.56,5.56,5.56,5.56,15.10,15.10,15.10,15.10,17.26,17.26,17.26,17.26,0.00
United Kingdom,GBR,Wales,UK_WAL,STATE_TOTAL,20221110,0.00,,,,,,0.00,,,0.00,,,,,,0.00,,,0.00,,,,,,0.00,,,0.00,,,,,,0.00,,,0.00,,,,,,0.00,,,0.00,,,,,,0.00,,,0.00,,,,,,0.00,,,0.00,,,0.00,,0.00,,,0.00,,,,,,1.00,1,,1.00,,0.00,,,,0.00,,1.00,1,,,,,1.00,1,,5.00,1,,1.00,1,,,,,1.00,1,,,2,,3,,5-15 yrs,5-15 yrs,2,2,2,2,5,,0,,889361,8016,V,77.81,5.56,5.56,5.56,5.56,15.10,15.10,15.10,15.10,17.26,17.26,17.26,17.26,0.00
United Kingdom,GBR,Wales,UK_WAL,STATE_TOTAL,20221111,0.00,,,,,,0.00,,,0.00,,,,,,0.00,,,0.00,,,,,,0.00,,,0.00,,,,,,0.00,,,0.00,,,,,,0.00,,,0.00,,,,,,0.00,,,0.00,,,,,,0.00,,,0.00,,,0.00,,0.00,,,0.00,,,,,,1.00,1,,1.00,,0.00,,,,0.00,,1.00,1,,,,,1.00,1,,5.00,1,,1.00,1,,,,,1.00,1,,,2,,3,,5-15 yrs,5-15 yrs,2,2,2,2,5,,0,,889361,8016,V,77.81,5.56,5.56,5.56,5.56,15.10,15.10,15.10,15.10,17.26,17.26,17.26,17.26,0.00
United Kingdom,GBR,Wales,UK_WAL,STATE_TOTAL,20221112,0.00,,,,,,0.00,,,0.00,,,,,,0.00,,,0.00,,,,,,0.00,,,0.00,,,,,,0.00,,,0.00,,,,,,0.00,,,0.00,,,,,,0.00,,,0.00,,,,,,0.00,,,0.00,,,0.00,,0.00,,,0.00,,,,,,1.00,1,,1.00,,0.00,,,,0.00,,1.00,1,,,,,1.00,1,,5.00,1,,1.00,1,,,,,1.00,1,,,2,,3,,5-15 yrs,5-15 yrs,2,2,2,2,5,,0,,889361,8016,V,77.82,5.56,5.56,5.56,5.56,15.10,15.10,15.10,15.10,17.26,17.26,17.26,17.26,0.00
United Kingdom,GBR,Wales,UK_WAL,STATE_TOTAL,20221113,0.00,,,,,,0.00,,,0.00,,,,,,0.00,,,0.00,,,,,,0.00,,,0.00,,,,,,0.00,,,0.00,,,,,,0.00,,,0.00,,,,,,0.00,,,0.00,,,,,,0.00,,,0.00,,,0.00,,0.00,,,0.00,,,,,,1.00,1,,1.00,,0.00,,,,0.00,,1.00,1,,,,,1.00,1,,5.00,1,,1.00,1,,,,,1.00,1,,,2,,3,,5-15 yrs,5-15 yrs,2,2,2,2,5,,0,,889361,8016,V,77.84,5.56,5.56,5.56,5.56,15.10,15.10,15.10,15.10,17.26,17.26,17.26,17.26,0.00
United Kingdom,GBR,Wales,UK_WAL,STATE_TOTAL,20221114,0.00,,,,,,0.00,,,0.00,,,,,,0.00,,,0.00,,,,,,0.00,,,0.00,,,,,,0.00,,,0.00,,,,,,0.00,,,0.00,,,,,,0.00,,,0.00,,,,,,0.00,,,0.00,,,0.00,,0.00,,,0.00,,,,,,1.00,1,,1.00,,0.00,,,,0.00,,1.00,1,,,,,1.00,1,,5.00,1,,1.00,1,,,,,1.00,1,,,2,,3,,5-15 yrs,5-15 yrs,2,2,2,2,5,,0,,889361,8016,V,77.84,5.56,5.56,5.56,5.56,15.10,15.10,15.10,15.10,17.26,17.26,17.26,17.26,0.00
United Kingdom,GBR,Wales,UK_WAL,STATE_TOTAL,20221115,0.00,,,,,,0.00,,,0.00,,,,,,0.00,,,0.00,,,,,,0.00,,,0.00,,,,,,0.00,,,0.00,,,,,,0.00,,,0.00,,,,,,0.00,,,0.00,,,,,,0.00,,,0.00,,,0.00,,0.00,,,0.00,,,,,,1.00,1,,1.00,,0.00,,,,0.00,,1.00,1,,,,,1.00,1,,5.00,1,,1.00,1,,,,,1.00,1,,,2,,3,,5-15 yrs,5-15 yrs,2,2,2,2,5,,0,,889361,8016,V,77.84,5.56,5.56,5.56,5.56,15.10,15.10,15.10,15.10,17.26,17.26,17.26,17.26,0.00
United Kingdom,GBR,Wales,UK_WAL,STATE_TOTAL,20221116,0.00,,,,,,0.00,,,0.00,,,,,,0.00,,,0.00,,,,,,0.00,,,0.00,,,,,,0.00,,,0.00,,,,,,0.00,,,0.00,,,,,,0.00,,,0.00,,,,,,0.00,,,0.00,,,0.00,,0.00,,,0.00,,,,,,1.00,1,,1.00,,0.00,,,,0.00,,1.00,1,,,,,1.00,1,,5.00,1,,1.00,1,,,,,1.00,1,,,2,,3,,5-15 yrs,5-15 yrs,2,2,2,2,5,,0,,889361,8016,V,77.84,5.56,5.56,5.56,5.56,15.10,15.10,15.10,15.10,17.26,17.26,17.26,17.26,0.00
United Kingdom,GBR,Wales,UK_WAL,STATE_TOTAL,20221117,0.00,,,,,,0.00,,,0.00,,,,,,0.00,,,0.00,,,,,,0.00,,,0.00,,,,,,0.00,,,0.00,,,,,,0.00,,,0.00,,,,,,0.00,,,0.00,,,,,,0.00,,,0.00,,,0.00,,0.00,,,0.00,,,,,,1.00,1,,1.00,,0.00,,,,0.00,,1.00,1,,,,,1.00,1,,5.00,1,,1.00,1,,,,,1.00,1,,,2,,3,,5-15 yrs,5-15 yrs,2,2,2,2,5,,0,,889641,8031,V,77.86,5.56,5.56,5.56,5.56,15.10,15.10,15.10,15.10,17.26,17.26,17.26,17.26,0.00
United Kingdom,GBR,Wales,UK_WAL,STATE_TOTAL,20221118,0.00,,,,,,0.00,,,0.00,,,,,,0.00,,,0.00,,,,,,0.00,,,0.00,,,,,,0.00,,,0.00,,,,,,0.00,,,0.00,,,,,,0.00,,,0.00,,,,,,0.00,,,0.00,,,0.00,,0.00,,,0.00,,,,,,1.00,1,,1.00,,0.00,,,,0.00,,1.00,1,,,,,1.00,1,,5.00,1,,1.00,1,,,,,1.00,1,,,2,,3,,5-15 yrs,5-15 yrs,2,2,2,2,5,,0,,889641,8031,V,77.86,5.56,5.56,5.56,5.56,15.10,15.10,15.10,15.10,17.26,17.26,17.26,17.26,0.00
United Kingdom,GBR,Wales,UK_WAL,STATE_TOTAL,20221119,0.00,,,,,,0.00,,,0.00,,,,,,0.00,,,0.00,,,,,,0.00,,,0.00,,,,,,0.00,,,0.00,,,,,,0.00,,,0.00,,,,,,0.00,,,0.00,,,,,,0.00,,,0.00,,,0.00,,0.00,,,0.00,,,,,,1.00,1,,1.00,,0.00,,,,0.00,,1.00,1,,,,,1.00,1,,5.00,1,,1.00,1,,,,,1.00,1,,,2,,3,,5-15 yrs,5-15 yrs,2,2,2,2,5,,0,,889641,8031,V,77.89,5.56,5.56,5.56,5.56,15.10,15.10,15.10,15.10,17.26,17.26,17.26,17.26,0.00
United Kingdom,GBR,Wales,UK_WAL,STATE_TOTAL,20221120,0.00,,,,,,0.00,,,0.00,,,,,,0.00,,,0.00,,,,,,0.00,,,0.00,,,,,,0.00,,,0.00,,,,,,0.00,,,0.00,,,,,,0.00,,,0.00,,,,,,0.00,,,0.00,,,0.00,,0.00,,,0.00,,,,,,1.00,1,,1.00,,0.00,,,,0.00,,1.00,1,,,,,1.00,1,,5.00,1,,1.00,1,,,,,1.00,1,,,2,,3,,5-15 yrs,5-15 yrs,2,2,2,2,5,,0,,889641,8031,V,77.90,5.56,5.56,5.56,5.56,15.10,15.10,15.10,15.10,17.26,17.26,17.26,17.26,0.00
United Kingdom,GBR,Wales,UK_WAL,STATE_TOTAL,20221121,0.00,,,,,,0.00,,,0.00,,,,,,0.00,,,0.00,,,,,,0.00,,,0.00,,,,,,0.00,,,0.00,,,,,,0.00,,,0.00,,,,,,0.00,,,0.00,,,,,,0.00,,,0.00,,,0.00,,0.00,,,0.00,,,,,,1.00,1,,1.00,,0.00,,,,0.00,,1.00,1,,,,,1.00,1,,5.00,1,,1.00,1,,,,,1.00,1,,,2,,3,,5-15 yrs,5-15 yrs,2,2,2,2,5,,0,,889641,8031,V,77.90,5.56,5.56,5.56,5.56,15.10,15.10,15.10,15.10,17.26,17.26,17.26,17.26,0.00
United Kingdom,GBR,Wales,UK_WAL,STATE_TOTAL,20221122,0.00,,,,,,0.00,,,0.00,,,,,,0.00,,,0.00,,,,,,0.00,,,0.00,,,,,,0.00,,,0.00,,,,,,0.00,,,0.00,,,,,,0.00,,,0.00,,,,,,0.00,,,0.00,,,0.00,,0.00,,,0.00,,,,,,1.00,1,,1.00,,0.00,,,,0.00,,1.00,1,,,,,1.00,1,,5.00,1,,1.00,1,,,,,1.00,1,,,2,,3,,5-15 yrs,5-15 yrs,2,2,2,2,5,,0,,889641,8031,V,77.90,5.56,5.56,5.56,5.56,15.10,15.10,15.10,15.10,17.26,17.26,17.26,17.26,0.00
United Kingdom,GBR,Wales,UK_WAL,STATE_TOTAL,20221123,0.00,,,,,,0.00,,,0.00,,,,,,0.00,,,0.00,,,,,,0.00,,,0.00,,,,,,0.00,,,0.00,,,,,,0.00,,,0.00,,,,,,0.00,,,0.00,,,,,,0.00,,,0.00,,,0.00,,0.00,,,0.00,,,,,,1.00,1,,1.00,,0.00,,,,0.00,,1.00,1,,,,,1.00,1,,5.00,1,,1.00,1,,,,,1.00,1,,,2,,3,,5-15 yrs,5-15 yrs,2,2,2,2,5,,0,,889641,8031,V,77.90,5.56,5.56,5.56,5.56,15.10,15.10,15.10,15.10,17.26,17.26,17.26,17.26,0.00
United Kingdom,GBR,Wales,UK_WAL,STATE_TOTAL,20221124,0.00,,,,,,0.00,,,0.00,,,,,,0.00,,,0.00,,,,,,0.00,,,0.00,,,,,,0.00,,,0.00,,,,,,0.00,,,0.00,,,,,,0.00,,,0.00,,,,,,0.00,,,0.00,,,0.00,,0.00,,,0.00,,,,,,1.00,1,,1.00,,0.00,,,,0.00,,1.00,1,,,,,1.00,1,,5.00,1,,1.00,1,,,,,1.00,1,,,2,,3,,5-15 yrs,5-15 yrs,2,2,2,2,5,,0,,889924,8046,V,77.90,5.56,5.56,5.56,5.56,15.10,15.10,15.10,15.10,17.26,17.26,17.26,17.26,0.00
United Kingdom,GBR,Wales,UK_WAL,STATE_TOTAL,20221125,0.00,,,,,,0.00,,,0.00,,,,,,0.00,,,0.00,,,,,,0.00,,,0.00,,,,,,0.00,,,0.00,,,,,,0.00,,,0.00,,,,,,0.00,,,0.00,,,,,,0.00,,,0.00,,,0.00,,0.00,,,0.00,,,,,,1.00,1,,1.00,,0.00,,,,0.00,,1.00,1,,,,,1.00,1,,5.00,1,,1.00,1,,,,,1.00,1,,,2,,3,,5-15 yrs,5-15 yrs,2,2,2,2,5,,0,,889924,8046,V,77.90,5.56,5.56,5.56,5.56,15.10,15.10,15.10,15.10,17.26,17.26,17.26,17.26,0.00
United Kingdom,GBR,Wales,UK_WAL,STATE_TOTAL,20221126,0.00,,,,,,0.00,,,0.00,,,,,,0.00,,,0.00,,,,,,0.00,,,0.00,,,,,,0.00,,,0.00,,,,,,0.00,,,0.00,,,,,,0.00,,,0.00,,,,,,0.00,,,0.00,,,0.00,,0.00,,,0.00,,,,,,1.00,1,,1.00,,0.00,,,,0.00,,1.00,1,,,,,1.00,1,,5.00,1,,1.00,1,,,,,1.00,1,,,2,,3,,5-15 yrs,5-15 yrs,2,2,2,2,5,,0,,889924,8046,V,77.91,5.56,5.56,5.56,5.56,15.10,15.10,15.10,15.10,17.26,17.26,17.26,17.26,0.00
United Kingdom,GBR,Wales,UK_WAL,STATE_TOTAL,20221127,0.00,,,,,,0.00,,,0.00,,,,,,0.00,,,0.00,,,,,,0.00,,,0.00,,,,,,0.00,,,0.00,,,,,,0.00,,,0.00,,,,,,0.00,,,0.00,,,,,,0.00,,,0.00,,,0.00,,0.00,,,0.00,,,,,,1.00,1,,1.00,,0.00,,,,0.00,,1.00,1,,,,,1.00,1,,5.00,1,,1.00,1,,,,,1.00,1,,,2,,3,,5-15 yrs,5-15 yrs,2,2,2,2,5,,0,,889924,8046,V,77.93,5.56,5.56,5.56,5.56,15.10,15.10,15.10,15.10,17.26,17.26,17.26,17.26,0.00
United Kingdom,GBR,Wales,UK_WAL,STATE_TOTAL,20221128,0.00,,,,,,0.00,,,0.00,,,,,,0.00,,,0.00,,,,,,0.00,,,0.00,,,,,,0.00,,,0.00,,,,,,0.00,,,0.00,,,,,,0.00,,,0.00,,,,,,0.00,,,0.00,,,0.00,,0.00,,,0.00,,,,,,1.00,1,,1.00,,0.00,,,,0.00,,1.00,1,,,,,1.00,1,,5.00,1,,1.00,1,,,,,1.00,1,,,2,,3,,5-15 yrs,5-15 yrs,2,2,2,2,5,,0,,889924,8046,V,77.93,5.56,5.56,5.56,5.56,15.10,15.10,15.10,15.10,17.26,17.26,17.26,17.26,0.00
United Kingdom,GBR,Wales,UK_WAL,STATE_TOTAL,20221129,0.00,,,,,,0.00,,,0.00,,,,,,0.00,,,0.00,,,,,,0.00,,,0.00,,,,,,0.00,,,0.00,,,,,,0.00,,,0.00,,,,,,0.00,,,0.00,,,,,,0.00,,,0.00,,,0.00,,0.00,,,0.00,,,,,,1.00,1,,1.00,,0.00,,,,0.00,,1.00,1,,,,,1.00,1,,5.00,1,,1.00,1,,,,,1.00,1,,,2,,3,,5-15 yrs,5-15 yrs,2,2,2,2,5,,0,,889924,8046,V,77.93,5.56,5.56,5.56,5.56,15.10,15.10,15.10,15.10,17.26,17.26,17.26,17.26,0.00
United Kingdom,GBR,Wales,UK_WAL,STATE_TOTAL,20221130,0.00,,,,,,0.00,,,0.00,,,,,,0.00,,,0.00,,,,,,0.00,,,0.00,,,,,,0.00,,,0.00,,,,,,0.00,,,0.00,,,,,,0.00,,,0.00,,,,,,0.00,,,0.00,,,0.00,,0.00,,,0.00,,,,,,1.00,1,,1.00,,0.00,,,,0.00,,1.00,1,,,,,1.00,1,,5.00,1,,1.00,1,,,,,1.00,1,,,2,,3,,5-15 yrs,5-15 yrs,2,2,2,2,5,,0,,889924,8046,V,77.93,5.56,5.56,5.56,5.56,15.10,15.10,15.10,15.10,17.26,17.26,17.26,17.26,0.00
United Kingdom,GBR,Wales,UK_WAL,STATE_TOTAL,20221201,0.00,,,,,,0.00,,,0.00,,,,,,0.00,,,0.00,,,,,,0.00,,,0.00,,,,,,0.00,,,0.00,,,,,,0.00,,,0.00,,,,,,0.00,,,0.00,,,,,,0.00,,,0.00,,,0.00,,0.00,,,0.00,,,,,,1.00,1,,1.00,,0.00,,,,0.00,,1.00,1,,,,,1.00,1,,5.00,1,,1.00,1,,,,,1.00,1,,,2,,3,,5-15 yrs,5-15 yrs,2,2,2,2,5,,0,,890293,8059,V,77.93,5.56,5.56,5.56,5.56,15.10,15.10,15.10,15.10,17.26,17.26,17.26,17.26,0.00
United Kingdom,GBR,Wales,UK_WAL,STATE_TOTAL,20221202,0.00,,,,,,0.00,,,0.00,,,,,,0.00,,,0.00,,,,,,0.00,,,0.00,,,,,,0.00,,,0.00,,,,,,0.00,,,0.00,,,,,,0.00,,,0.00,,,,,,0.00,,,0.00,,,0.00,,0.00,,,0.00,,,,,,1.00,1,,1.00,,0.00,,,,0.00,,1.00,1,,,,,1.00,1,,5.00,1,,1.00,1,,,,,1.00,1,,,2,,3,,5-15 yrs,5-15 yrs,2,2,2,2,5,,0,,890293,8059,V,77.93,5.56,5.56,5.56,5.56,15.10,15.10,15.10,15.10,17.26,17.26,17.26,17.26,0.00
United Kingdom,GBR,Wales,UK_WAL,STATE_TOTAL,20221203,0.00,,,,,,0.00,,,0.00,,,,,,0.00,,,0.00,,,,,,0.00,,,0.00,,,,,,0.00,,,0.00,,,,,,0.00,,,0.00,,,,,,0.00,,,0.00,,,,,,0.00,,,0.00,,,0.00,,0.00,,,0.00,,,,,,1.00,1,,1.00,,0.00,,,,0.00,,1.00,1,,,,,1.00,1,,5.00,1,,1.00,1,,,,,1.00,1,,,2,,3,,5-15 yrs,5-15 yrs,2,2,2,2,5,,0,,890293,8059,V,77.94,5.56,5.56,5.56,5.56,15.10,15.10,15.10,15.10,17.26,17.26,17.26,17.26,0.00
United Kingdom,GBR,Wales,UK_WAL,STATE_TOTAL,20221204,0.00,,,,,,0.00,,,0.00,,,,,,0.00,,,0.00,,,,,,0.00,,,0.00,,,,,,0.00,,,0.00,,,,,,0.00,,,0.00,,,,,,0.00,,,0.00,,,,,,0.00,,,0.00,,,0.00,,0.00,,,0.00,,,,,,1.00,1,,1.00,,0.00,,,,0.00,,1.00,1,,,,,1.00,1,,5.00,1,,1.00,1,,,,,1.00,1,,,2,,3,,5-15 yrs,5-15 yrs,2,2,2,2,5,,0,,890293,8059,V,77.94,5.56,5.56,5.56,5.56,15.10,15.10,15.10,15.10,17.26,17.26,17.26,17.26,0.00
United Kingdom,GBR,Wales,UK_WAL,STATE_TOTAL,20221205,0.00,,,,,,0.00,,,0.00,,,,,,0.00,,,0.00,,,,,,0.00,,,0.00,,,,,,0.00,,,0.00,,,,,,0.00,,,0.00,,,,,,0.00,,,0.00,,,,,,0.00,,,0.00,,,0.00,,0.00,,,0.00,,,,,,1.00,1,,1.00,,0.00,,,,0.00,,1.00,1,,,,,1.00,1,,5.00,1,,1.00,1,,,,,1.00,1,,,2,,3,,5-15 yrs,5-15 yrs,2,2,2,2,5,,0,,890293,8059,V,77.94,5.56,5.56,5.56,5.56,15.10,15.10,15.10,15.10,17.26,17.26,17.26,17.26,0.00
United Kingdom,GBR,Wales,UK_WAL,STATE_TOTAL,20221206,0.00,,,,,,0.00,,,0.00,,,,,,0.00,,,0.00,,,,,,0.00,,,0.00,,,,,,0.00,,,0.00,,,,,,0.00,,,0.00,,,,,,0.00,,,0.00,,,,,,0.00,,,0.00,,,0.00,,0.00,,,0.00,,,,,,1.00,1,,1.00,,0.00,,,,0.00,,1.00,1,,,,,1.00,1,,5.00,1,,1.00,1,,,,,1.00,1,,,2,,3,,5-15 yrs,5-15 yrs,2,2,2,2,5,,0,,890293,8059,V,77.94,5.56,5.56,5.56,5.56,15.10,15.10,15.10,15.10,17.26,17.26,17.26,17.26,0.00
United Kingdom,GBR,Wales,UK_WAL,STATE_TOTAL,20221207,0.00,,,,,,0.00,,,0.00,,,,,,0.00,,,0.00,,,,,,0.00,,,0.00,,,,,,0.00,,,0.00,,,,,,0.00,,,0.00,,,,,,0.00,,,0.00,,,,,,0.00,,,0.00,,,0.00,,0.00,,,0.00,,,,,,1.00,1,,1.00,,0.00,,,,0.00,,1.00,1,,,,,1.00,1,,5.00,1,,1.00,1,,,,,1.00,1,,,2,,3,,5-15 yrs,5-15 yrs,2,2,2,2,5,,0,,890293,8059,V,77.94,5.56,5.56,5.56,5.56,15.10,15.10,15.10,15.10,17.26,17.26,17.26,17.26,0.00
United Kingdom,GBR,Wales,UK_WAL,STATE_TOTAL,20221208,0.00,,,,,,0.00,,,0.00,,,,,,0.00,,,0.00,,,,,,0.00,,,0.00,,,,,,0.00,,,0.00,,,,,,0.00,,,0.00,,,,,,0.00,,,0.00,,,,,,0.00,,,0.00,,,0.00,,0.00,,,0.00,,,,,,1.00,1,,1.00,,0.00,,,,0.00,,1.00,1,,,,,1.00,1,,5.00,1,,1.00,1,,,,,1.00,1,,,2,,3,,5-15 yrs,5-15 yrs,2,2,2,2,5,,0,,890815,8068,V,77.94,5.56,5.56,5.56,5.56,15.10,15.10,15.10,15.10,17.26,17.26,17.26,17.26,0.00
United Kingdom,GBR,Wales,UK_WAL,STATE_TOTAL,20221209,0.00,,,,,,0.00,,,0.00,,,,,,0.00,,,0.00,,,,,,0.00,,,0.00,,,,,,0.00,,,0.00,,,,,,0.00,,,0.00,,,,,,0.00,,,0.00,,,,,,0.00,,,0.00,,,0.00,,0.00,,,0.00,,,,,,1.00,1,,1.00,,0.00,,,,0.00,,1.00,1,,,,,1.00,1,,5.00,1,,1.00,1,,,,,1.00,1,,,2,,3,,5-15 yrs,5-15 yrs,2,2,2,2,5,,0,,890815,8068,V,77.94,5.56,5.56,5.56,5.56,15.10,15.10,15.10,15.10,17.26,17.26,17.26,17.26,0.00
United Kingdom,GBR,Wales,UK_WAL,STATE_TOTAL,20221210,0.00,,,,,,0.00,,,0.00,,,,,,0.00,,,0.00,,,,,,0.00,,,0.00,,,,,,0.00,,,0.00,,,,,,0.00,,,0.00,,,,,,0.00,,,0.00,,,,,,0.00,,,0.00,,,0.00,,0.00,,,0.00,,,,,,1.00,1,,1.00,,0.00,,,,0.00,,1.00,1,,,,,1.00,1,,5.00,1,,1.00,1,,,,,1.00,1,,,2,,3,,5-15 yrs,5-15 yrs,2,2,2,2,5,,0,,890815,8068,V,77.95,5.56,5.56,5.56,5.56,15.10,15.10,15.10,15.10,17.26,17.26,17.26,17.26,0.00
United Kingdom,GBR,Wales,UK_WAL,STATE_TOTAL,20221211,0.00,,,,,,0.00,,,0.00,,,,,,0.00,,,0.00,,,,,,0.00,,,0.00,,,,,,0.00,,,0.00,,,,,,0.00,,,0.00,,,,,,0.00,,,0.00,,,,,,0.00,,,0.00,,,0.00,,0.00,,,0.00,,,,,,1.00,1,,1.00,,0.00,,,,0.00,,1.00,1,,,,,1.00,1,,5.00,1,,1.00,1,,,,,1.00,1,,,2,,3,,5-15 yrs,5-15 yrs,2,2,2,2,5,,0,,890815,8068,V,77.97,5.56,5.56,5.56,5.56,15.10,15.10,15.10,15.10,17.26,17.26,17.26,17.26,0.00
United Kingdom,GBR,Wales,UK_WAL,STATE_TOTAL,20221212,0.00,,,,,,0.00,,,0.00,,,,,,0.00,,,0.00,,,,,,0.00,,,0.00,,,,,,0.00,,,0.00,,,,,,0.00,,,0.00,,,,,,0.00,,,0.00,,,,,,0.00,,,0.00,,,0.00,,0.00,,,0.00,,,,,,1.00,1,,1.00,,0.00,,,,0.00,,1.00,1,,,,,1.00,1,,5.00,1,,1.00,1,,,,,1.00,1,,,2,,3,,5-15 yrs,5-15 yrs,2,2,2,2,5,,0,,890815,8068,V,77.97,5.56,5.56,5.56,5.56,15.10,15.10,15.10,15.10,17.26,17.26,17.26,17.26,0.00
United Kingdom,GBR,Wales,UK_WAL,STATE_TOTAL,20221213,0.00,,,,,,0.00,,,0.00,,,,,,0.00,,,0.00,,,,,,0.00,,,0.00,,,,,,0.00,,,0.00,,,,,,0.00,,,0.00,,,,,,0.00,,,0.00,,,,,,0.00,,,0.00,,,0.00,,0.00,,,0.00,,,,,,1.00,1,,1.00,,0.00,,,,0.00,,1.00,1,,,,,1.00,1,,5.00,1,,1.00,1,,,,,1.00,1,,,2,,3,,5-15 yrs,5-15 yrs,2,2,2,2,5,,0,,890815,8068,V,77.97,5.56,5.56,5.56,5.56,15.10,15.10,15.10,15.10,17.26,17.26,17.26,17.26,0.00
United Kingdom,GBR,Wales,UK_WAL,STATE_TOTAL,20221214,0.00,,,,,,0.00,,,0.00,,,,,,0.00,,,0.00,,,,,,0.00,,,0.00,,,,,,0.00,,,0.00,,,,,,0.00,,,0.00,,,,,,0.00,,,0.00,,,,,,0.00,,,0.00,,,0.00,,0.00,,,0.00,,,,,,1.00,1,,1.00,,0.00,,,,0.00,,1.00,1,,,,,1.00,1,,5.00,1,,1.00,1,,,,,1.00,1,,,2,,3,,5-15 yrs,5-15 yrs,2,2,2,2,5,,0,,890815,8068,V,77.97,5.56,5.56,5.56,5.56,15.10,15.10,15.10,15.10,17.26,17.26,17.26,17.26,0.00
United Kingdom,GBR,Wales,UK_WAL,STATE_TOTAL,20221215,0.00,,,,,,0.00,,,0.00,,,,,,0.00,,,0.00,,,,,,0.00,,,0.00,,,,,,0.00,,,0.00,,,,,,0.00,,,0.00,,,,,,0.00,,,0.00,,,,,,0.00,,,0.00,,,0.00,,0.00,,,0.00,,,,,,1.00,1,,1.00,,0.00,,,,0.00,,1.00,1,,,,,1.00,1,,5.00,1,,1.00,1,,,,,1.00,1,,,2,,3,,5-15 yrs,5-15 yrs,2,2,2,2,5,,0,,891613,8081,V,77.97,5.56,5.56,5.56,5.56,15.10,15.10,15.10,15.10,17.26,17.26,17.26,17.26,0.00
United Kingdom,GBR,Wales,UK_WAL,STATE_TOTAL,20221216,0.00,,,,,,0.00,,,0.00,,,,,,0.00,,,0.00,,,,,,0.00,,,0.00,,,,,,0.00,,,0.00,,,,,,0.00,,,0.00,,,,,,0.00,,,0.00,,,,,,0.00,,,0.00,,,0.00,,0.00,,,0.00,,,,,,1.00,1,,1.00,,0.00,,,,0.00,,1.00,1,,,,,1.00,1,,5.00,1,,1.00,1,,,,,1.00,1,,,2,,3,,5-15 yrs,5-15 yrs,2,2,2,2,5,,0,,891613,8081,V,77.97,5.56,5.56,5.56,5.56,15.10,15.10,15.10,15.10,17.26,17.26,17.26,17.26,0.00
United Kingdom,GBR,Wales,UK_WAL,STATE_TOTAL,20221217,0.00,,,,,,0.00,,,0.00,,,,,,0.00,,,0.00,,,,,,0.00,,,0.00,,,,,,0.00,,,0.00,,,,,,0.00,,,0.00,,,,,,0.00,,,0.00,,,,,,0.00,,,0.00,,,0.00,,0.00,,,0.00,,,,,,1.00,1,,1.00,,0.00,,,,0.00,,1.00,1,,,,,1.00,1,,5.00,1,,1.00,1,,,,,1.00,1,,,2,,3,,5-15 yrs,5-15 yrs,2,2,2,2,5,,0,,891613,8081,V,77.97,5.56,5.56,5.56,5.56,15.10,15.10,15.10,15.10,17.26,17.26,17.26,17.26,0.00
United Kingdom,GBR,Wales,UK_WAL,STATE_TOTAL,20221218,0.00,,,,,,0.00,,,0.00,,,,,,0.00,,,0.00,,,,,,0.00,,,0.00,,,,,,0.00,,,0.00,,,,,,0.00,,,0.00,,,,,,0.00,,,0.00,,,,,,0.00,,,0.00,,,0.00,,0.00,,,0.00,,,,,,1.00,1,,1.00,,0.00,,,,0.00,,1.00,1,,,,,1.00,1,,5.00,1,,1.00,1,,,,,1.00,1,,,2,,3,,5-15 yrs,5-15 yrs,2,2,2,2,5,,0,,891613,8081,V,77.97,5.56,5.56,5.56,5.56,15.10,15.10,15.10,15.10,17.26,17.26,17.26,17.26,0.00
United Kingdom,GBR,Wales,UK_WAL,STATE_TOTAL,20221219,0.00,,,,,,0.00,,,0.00,,,,,,0.00,,,0.00,,,,,,0.00,,,0.00,,,,,,0.00,,,0.00,,,,,,0.00,,,0.00,,,,,,0.00,,,0.00,,,,,,0.00,,,0.00,,,0.00,,0.00,,,0.00,,,,,,1.00,1,,1.00,,0.00,,,,0.00,,1.00,1,,,,,1.00,1,,5.00,1,,1.00,1,,,,,1.00,1,,,2,,3,,5-15 yrs,5-15 yrs,2,2,2,2,5,,0,,891613,8081,V,77.97,5.56,5.56,5.56,5.56,15.10,15.10,15.10,15.10,17.26,17.26,17.26,17.26,0.00
United Kingdom,GBR,Wales,UK_WAL,STATE_TOTAL,20221220,0.00,,,,,,0.00,,,0.00,,,,,,0.00,,,0.00,,,,,,0.00,,,0.00,,,,,,0.00,,,0.00,,,,,,0.00,,,0.00,,,,,,0.00,,,0.00,,,,,,0.00,,,0.00,,,0.00,,0.00,,,0.00,,,,,,1.00,1,,1.00,,0.00,,,,0.00,,1.00,1,,,,,1.00,1,,5.00,1,,1.00,1,,,,,1.00,1,,,2,,3,,5-15 yrs,5-15 yrs,2,2,2,2,5,,0,,891613,8081,V,77.97,5.56,5.56,5.56,5.56,15.10,15.10,15.10,15.10,17.26,17.26,17.26,17.26,0.00
United Kingdom,GBR,Wales,UK_WAL,STATE_TOTAL,20221221,0.00,,,,,,0.00,,,0.00,,,,,,0.00,,,0.00,,,,,,0.00,,,0.00,,,,,,0.00,,,0.00,,,,,,0.00,,,0.00,,,,,,0.00,,,0.00,,,,,,0.00,,,0.00,,,0.00,,0.00,,,0.00,,,,,,1.00,1,,1.00,,0.00,,,,0.00,,1.00,1,,,,,1.00,1,,5.00,1,,1.00,1,,,,,1.00,1,,,2,,3,,5-15 yrs,5-15 yrs,2,2,2,2,5,,0,,891613,8081,V,77.97,5.56,5.56,5.56,5.56,15.10,15.10,15.10,15.10,17.26,17.26,17.26,17.26,0.00
United Kingdom,GBR,Wales,UK_WAL,STATE_TOTAL,20221222,0.00,,,,,,0.00,,,0.00,,,,,,0.00,,,0.00,,,,,,0.00,,,0.00,,,,,,0.00,,,0.00,,,,,,0.00,,,0.00,,,,,,0.00,,,0.00,,,,,,0.00,,,0.00,,,0.00,,0.00,,,0.00,,,,,,1.00,1,,1.00,,0.00,,,,0.00,,1.00,1,,,,,1.00,1,,5.00,1,,1.00,1,,,,,1.00,1,,,2,,3,,5-15 yrs,5-15 yrs,2,2,2,2,5,,0,,892752,8096,V,77.97,5.56,5.56,5.56,5.56,15.10,15.10,15.10,15.10,17.26,17.26,17.26,17.26,0.00
United Kingdom,GBR,Wales,UK_WAL,STATE_TOTAL,20221223,0.00,,,,,,0.00,,,0.00,,,,,,0.00,,,0.00,,,,,,0.00,,,0.00,,,,,,0.00,,,0.00,,,,,,0.00,,,0.00,,,,,,0.00,,,0.00,,,,,,0.00,,,0.00,,,0.00,,0.00,,,0.00,,,,,,1.00,1,,1.00,,0.00,,,,0.00,,1.00,1,,,,,1.00,1,,5.00,1,,1.00,1,,,,,1.00,1,,,2,,3,,5-15 yrs,5-15 yrs,2,2,2,2,5,,0,,892752,8096,V,77.97,5.56,5.56,5.56,5.56,15.10,15.10,15.10,15.10,17.26,17.26,17.26,17.26,0.00
United Kingdom,GBR,Wales,UK_WAL,STATE_TOTAL,20221224,0.00,,,,,,0.00,,,0.00,,,,,,0.00,,,0.00,,,,,,0.00,,,0.00,,,,,,0.00,,,0.00,,,,,,0.00,,,0.00,,,,,,0.00,,,0.00,,,,,,0.00,,,0.00,,,0.00,,0.00,,,0.00,,,,,,1.00,1,,1.00,,0.00,,,,0.00,,1.00,1,,,,,1.00,1,,5.00,1,,1.00,1,,,,,1.00,1,,,2,,3,,5-15 yrs,5-15 yrs,2,2,2,2,5,,0,,892752,8096,V,77.97,5.56,5.56,5.56,5.56,15.10,15.10,15.10,15.10,17.26,17.26,17.26,17.26,0.00
United Kingdom,GBR,Wales,UK_WAL,STATE_TOTAL,20221225,0.00,,,,,,0.00,,,0.00,,,,,,0.00,,,0.00,,,,,,0.00,,,0.00,,,,,,0.00,,,0.00,,,,,,0.00,,,0.00,,,,,,0.00,,,0.00,,,,,,0.00,,,0.00,,,0.00,,0.00,,,0.00,,,,,,1.00,1,,1.00,,0.00,,,,0.00,,1.00,1,,,,,1.00,1,,5.00,1,,1.00,1,,,,,1.00,1,,,2,,3,,5-15 yrs,5-15 yrs,2,2,2,2,5,,0,,892752,8096,V,77.97,5.56,5.56,5.56,5.56,15.10,15.10,15.10,15.10,17.26,17.26,17.26,17.26,0.00
United Kingdom,GBR,Wales,UK_WAL,STATE_TOTAL,20221226,0.00,,,,,,0.00,,,0.00,,,,,,0.00,,,0.00,,,,,,0.00,,,0.00,,,,,,0.00,,,0.00,,,,,,0.00,,,0.00,,,,,,0.00,,,0.00,,,,,,0.00,,,0.00,,,0.00,,0.00,,,0.00,,,,,,1.00,1,,1.00,,0.00,,,,0.00,,1.00,1,,,,,1.00,1,,5.00,1,,1.00,1,,,,,1.00,1,,,2,,3,,5-15 yrs,5-15 yrs,2,2,2,2,5,,0,,892752,8096,V,77.97,5.56,5.56,5.56,5.56,15.10,15.10,15.10,15.10,17.26,17.26,17.26,17.26,0.00
United Kingdom,GBR,Wales,UK_WAL,STATE_TOTAL,20221227,0.00,,,,,,0.00,,,0.00,,,,,,0.00,,,0.00,,,,,,0.00,,,0.00,,,,,,0.00,,,0.00,,,,,,0.00,,,0.00,,,,,,0.00,,,0.00,,,,,,0.00,,,0.00,,,0.00,,0.00,,,0.00,,,,,,1.00,1,,1.00,,0.00,,,,0.00,,1.00,1,,,,,1.00,1,,5.00,1,,1.00,1,,,,,1.00,1,,,2,,3,,5-15 yrs,5-15 yrs,2,2,2,2,5,,0,,892752,8096,V,77.97,5.56,5.56,5.56,5.56,15.10,15.10,15.10,15.10,17.26,17.26,17.26,17.26,0.00
United Kingdom,GBR,Wales,UK_WAL,STATE_TOTAL,20221228,0.00,,,,,,0.00,,,0.00,,,,,,0.00,,,0.00,,,,,,0.00,,,0.00,,,,,,0.00,,,0.00,,,,,,0.00,,,0.00,,,,,,0.00,,,0.00,,,,,,0.00,,,0.00,,,0.00,,0.00,,,0.00,,,,,,1.00,1,,1.00,,0.00,,,,0.00,,1.00,1,,,,,1.00,1,,5.00,1,,1.00,1,,,,,1.00,1,,,2,,3,,5-15 yrs,5-15 yrs,2,2,2,2,5,,0,,892752,8096,V,77.97,5.56,5.56,5.56,5.56,15.10,15.10,15.10,15.10,17.26,17.26,17.26,17.26,0.00
United Kingdom,GBR,Wales,UK_WAL,STATE_TOTAL,20221229,0.00,,,,,,0.00,,,0.00,,,,,,0.00,,,0.00,,,,,,0.00,,,0.00,,,,,,0.00,,,0.00,,,,,,0.00,,,0.00,,,,,,0.00,,,0.00,,,,,,0.00,,,0.00,,,0.00,,0.00,,,0.00,,,,,,1.00,1,,1.00,,0.00,,,,0.00,,1.00,1,,,,,1.00,1,,5.00,1,,1.00,1,,,,,1.00,1,,,2,,3,,5-15 yrs,5-15 yrs,2,2,2,2,5,,0,,893617,8120,V,77.97,5.56,5.56,5.56,5.56,15.10,15.10,15.10,15.10,17.26,17.26,17.26,17.26,0.00
United Kingdom,GBR,Wales,UK_WAL,STATE_TOTAL,20221230,0.00,,,,,,0.00,,,0.00,,,,,,0.00,,,0.00,,,,,,0.00,,,0.00,,,,,,0.00,,,0.00,,,,,,0.00,,,0.00,,,,,,0.00,,,0.00,,,,,,0.00,,,0.00,,,0.00,,0.00,,,0.00,,,,,,1.00,1,,1.00,,0.00,,,,0.00,,1.00,1,,,,,1.00,1,,5.00,1,,1.00,1,,,,,1.00,1,,,2,,3,,5-15 yrs,5-15 yrs,2,2,2,2,5,,0,,893617,8120,V,77.97,5.56,5.56,5.56,5.56,15.10,15.10,15.10,15.10,17.26,17.26,17.26,17.26,0.00
United Kingdom,GBR,Wales,UK_WAL,STATE_TOTAL,20221231,0.00,,,,,,0.00,,,0.00,,,,,,0.00,,,0.00,,,,,,0.00,,,0.00,,,,,,0.00,,,0.00,,,,,,0.00,,,0.00,,,,,,0.00,,,0.00,,,,,,0.00,,,0.00,,,0.00,,0.00,,,0.00,,,,,,1.00,1,,1.00,,0.00,,,,0.00,,1.00,1,,,,,1.00,1,,5.00,1,,1.00,1,,,,,1.00,1,,,2,,3,,5-15 yrs,5-15 yrs,2,2,2,2,5,,0,,893617,8120,V,77.97,5.56,5.56,5.56,5.56,15.10,15.10,15.10,15.10,17.26,17.26,17.26,17.26,0.00
